applicant_id,group,age,income,history_years,dti,missed_24m,postcode_band,default_24m
1,A,24,35300.0,9.3,0.19,0,3,0
2,B,30,19200.0,3.1,0.445,1,2,0
3,B,54,44300.0,2.7,0.504,0,4,0
4,B,31,23000.0,1.5,0.462,0,5,0
5,A,42,24700.0,11.8,0.327,0,1,0
6,A,23,44000.0,5.9,0.277,1,1,0
7,A,31,31600.0,11.8,0.106,0,3,0
8,B,39,36100.0,9.0,0.394,2,1,0
9,A,43,38200.0,4.7,0.199,0,3,0
10,A,39,42700.0,16.5,0.33,0,2,0
11,A,29,81100.0,8.9,0.143,0,1,0
12,A,48,25600.0,12.3,0.36,0,1,0
13,B,39,32400.0,6.7,0.517,0,3,0
14,A,47,20600.0,5.5,0.33,0,4,0
15,A,45,38100.0,16.7,0.348,0,1,0
16,A,41,41000.0,8.1,0.233,1,4,0
17,A,36,31500.0,13.2,0.338,1,1,0
18,B,21,26800.0,6.9,0.197,0,4,1
19,A,45,51100.0,11.7,0.196,0,1,0
20,A,48,44700.0,11.1,0.529,1,1,0
21,B,51,67000.0,3.7,0.252,2,3,0
22,B,31,27700.0,12.2,0.219,0,5,0
23,A,48,41800.0,5.2,0.331,1,3,0
24,A,64,64000.0,4.8,0.173,0,3,0
25,B,31,34800.0,5.0,0.52,1,5,0
26,A,39,40600.0,1.8,0.364,1,1,0
27,A,54,29000.0,7.7,0.434,0,4,0
28,A,35,81500.0,5.6,0.39,1,2,1
29,A,39,48700.0,9.2,0.373,0,3,0
30,A,36,25500.0,5.9,0.446,0,1,0
31,A,27,51000.0,4.9,0.399,0,5,0
32,A,45,49000.0,1.4,0.274,0,2,0
33,B,29,51800.0,11.1,0.338,0,3,0
34,A,43,16200.0,7.9,0.21,0,2,0
35,A,33,17600.0,3.9,0.404,0,1,0
36,B,45,22500.0,3.7,0.287,0,5,0
37,A,48,35800.0,4.9,0.354,0,1,0
38,A,56,17000.0,6.5,0.488,0,5,1
39,A,28,27700.0,11.8,0.523,0,5,0
40,A,39,30300.0,13.9,0.256,0,1,0
41,A,45,64300.0,5.8,0.251,0,1,0
42,B,51,21200.0,5.7,0.359,0,3,1
43,B,45,35300.0,13.4,0.403,0,3,0
44,B,40,38100.0,4.2,0.286,0,5,0
45,B,26,33900.0,4.4,0.365,0,4,0
46,A,21,40300.0,8.2,0.151,0,1,0
47,A,35,35100.0,4.5,0.344,1,5,0
48,B,53,43800.0,22.2,0.285,0,3,0
49,A,43,29500.0,6.2,0.302,0,2,0
50,B,59,27900.0,3.4,0.501,2,5,1
51,A,47,99400.0,17.0,0.294,0,1,0
52,A,31,45500.0,3.3,0.216,0,3,0
53,B,31,42000.0,2.0,0.27,1,5,0
54,A,56,44600.0,5.5,0.372,0,3,0
55,B,55,38700.0,5.3,0.381,0,1,0
56,A,42,45300.0,14.4,0.068,1,3,0
57,A,29,72400.0,4.8,0.267,0,3,0
58,A,49,23300.0,2.8,0.584,0,3,0
59,B,41,41100.0,4.8,0.356,0,5,0
60,B,40,34400.0,5.4,0.256,0,1,0
61,A,59,29500.0,6.4,0.652,2,4,1
62,A,27,72400.0,12.5,0.159,0,5,0
63,B,23,46500.0,9.2,0.535,0,1,1
64,A,28,42300.0,12.0,0.429,0,1,0
65,A,43,49600.0,11.2,0.271,0,1,0
66,A,69,32800.0,4.3,0.486,0,1,0
67,A,44,43800.0,16.9,0.192,2,3,0
68,A,44,41500.0,10.1,0.466,1,1,0
69,A,41,18500.0,10.4,0.288,0,3,1
70,A,48,29700.0,2.6,0.158,0,3,1
71,A,36,47800.0,12.9,0.323,0,2,0
72,A,38,42500.0,11.3,0.342,0,1,0
73,A,50,41900.0,5.7,0.564,0,2,0
74,A,36,26200.0,8.0,0.44,0,1,0
75,A,29,37800.0,3.1,0.376,0,4,0
76,A,35,45300.0,14.1,0.298,0,2,0
77,A,25,19000.0,7.2,0.234,0,3,0
78,A,21,40000.0,17.9,0.492,0,2,0
79,A,55,49500.0,3.3,0.277,2,1,0
80,A,29,34600.0,19.4,0.437,3,1,1
81,A,48,62800.0,9.6,0.195,2,1,0
82,A,40,78000.0,12.8,0.339,1,3,0
83,B,49,84800.0,12.3,0.29,0,4,0
84,A,56,47100.0,11.9,0.433,0,1,0
85,A,41,27500.0,4.2,0.175,0,3,0
86,A,49,47800.0,11.4,0.285,0,2,0
87,B,50,17500.0,4.8,0.387,0,4,0
88,B,57,36500.0,8.1,0.099,1,5,0
89,A,43,72300.0,14.9,0.279,0,5,0
90,A,26,48800.0,10.6,0.164,0,3,0
91,B,36,43500.0,2.5,0.477,0,2,0
92,A,52,26800.0,17.4,0.189,1,2,0
93,A,45,37000.0,3.9,0.366,1,4,0
94,A,23,48800.0,5.9,0.274,1,3,0
95,B,68,28900.0,0.7,0.266,0,4,0
96,A,39,43000.0,2.8,0.387,1,5,0
97,B,55,10600.0,7.4,0.302,1,5,1
98,B,39,44000.0,1.9,0.309,1,5,0
99,A,25,34700.0,5.6,0.418,0,1,0
100,B,46,14800.0,4.7,0.32,0,2,0
101,A,68,24700.0,7.7,0.31,0,2,0
102,A,40,36200.0,2.8,0.616,1,4,1
103,A,49,48000.0,3.8,0.447,0,3,0
104,A,57,36400.0,10.6,0.284,1,4,0
105,B,35,24800.0,1.5,0.337,0,3,1
106,A,30,44800.0,14.6,0.457,0,1,0
107,B,40,17800.0,2.8,0.257,0,4,0
108,A,46,26700.0,7.3,0.231,0,1,0
109,A,35,16600.0,3.3,0.279,0,1,0
110,A,63,31400.0,9.4,0.354,0,2,0
111,A,29,23000.0,8.8,0.473,0,2,1
112,A,36,20300.0,13.5,0.243,0,1,0
113,B,44,32400.0,7.7,0.211,0,4,0
114,B,32,25400.0,6.9,0.166,0,5,0
115,A,29,42400.0,8.1,0.392,0,1,0
116,B,31,35200.0,7.7,0.309,0,5,0
117,B,28,36000.0,1.1,0.412,1,4,1
118,A,53,19700.0,10.5,0.236,0,1,0
119,B,21,38500.0,11.7,0.276,0,4,0
120,A,41,38400.0,15.0,0.269,0,4,0
121,A,48,64800.0,6.4,0.25,0,1,0
122,B,45,27200.0,12.1,0.308,0,3,0
123,B,41,26800.0,3.6,0.504,0,5,0
124,A,43,32400.0,2.0,0.284,0,1,0
125,B,37,16400.0,7.5,0.301,0,2,0
126,B,21,19700.0,4.8,0.586,1,1,0
127,B,54,35800.0,5.8,0.351,0,4,0
128,A,58,42300.0,5.1,0.23,1,1,0
129,A,30,65100.0,8.5,0.326,0,3,0
130,A,48,33100.0,4.4,0.24,0,3,0
131,B,36,22600.0,9.9,0.459,1,4,1
132,A,50,28200.0,8.6,0.487,1,4,0
133,A,30,47500.0,4.7,0.439,1,2,1
134,A,67,34300.0,8.7,0.434,0,1,0
135,A,49,36900.0,18.4,0.181,1,3,0
136,B,49,16100.0,6.5,0.255,0,2,0
137,B,57,54800.0,9.2,0.326,1,5,0
138,A,49,24800.0,4.1,0.058,0,5,0
139,A,42,54800.0,10.8,0.221,0,3,0
140,B,46,32900.0,9.9,0.457,0,4,0
141,A,64,48800.0,8.2,0.29,0,4,1
142,A,41,41500.0,24.9,0.404,0,3,0
143,A,40,44900.0,6.0,0.42,0,2,0
144,A,40,22600.0,12.3,0.217,0,3,0
145,B,21,34500.0,13.7,0.165,0,4,0
146,B,57,26000.0,8.2,0.306,0,4,0
147,B,34,32700.0,12.0,0.287,0,5,0
148,A,26,54000.0,5.6,0.344,0,5,0
149,B,32,9300.0,1.9,0.239,0,4,0
150,B,54,39100.0,1.4,0.425,0,5,0
151,A,36,182000.0,5.5,0.356,1,4,0
152,A,64,38600.0,9.6,0.394,1,2,0
153,A,40,30000.0,5.0,0.272,0,5,0
154,A,48,49700.0,4.4,0.322,0,4,0
155,A,37,64200.0,15.1,0.361,1,4,0
156,A,49,59100.0,12.1,0.291,0,3,0
157,B,30,26100.0,18.8,0.298,0,4,0
158,B,44,29200.0,3.3,0.274,0,3,0
159,A,48,51200.0,7.4,0.286,0,4,0
160,A,52,40600.0,10.8,0.071,0,5,0
161,A,38,64000.0,11.8,0.321,1,1,0
162,A,32,40600.0,9.1,0.255,0,2,0
163,B,41,43100.0,7.8,0.295,0,5,0
164,A,33,30700.0,13.5,0.422,0,1,0
165,A,61,42200.0,11.9,0.396,0,2,0
166,A,61,21500.0,13.3,0.405,2,2,1
167,A,21,42700.0,5.0,0.256,0,2,0
168,A,44,16400.0,14.3,0.232,0,1,0
169,A,21,37200.0,5.8,0.37,0,5,0
170,A,42,64100.0,8.3,0.43,0,3,0
171,B,21,37500.0,0.9,0.37,2,4,0
172,A,48,40200.0,4.3,0.302,0,2,0
173,A,57,48800.0,10.4,0.267,1,2,0
174,A,47,60600.0,4.7,0.178,0,3,0
175,A,22,44700.0,15.5,0.459,0,5,0
176,A,31,25900.0,9.1,0.154,0,1,0
177,A,30,59600.0,5.6,0.099,0,3,0
178,B,62,25700.0,4.5,0.588,1,4,1
179,B,52,39000.0,2.3,0.483,1,5,1
180,A,29,58600.0,20.8,0.245,1,5,0
181,A,66,12000.0,5.2,0.361,0,1,0
182,A,37,54700.0,9.2,0.288,0,2,0
183,B,49,82900.0,3.4,0.401,0,2,0
184,A,39,30800.0,6.4,0.472,0,1,0
185,B,39,30500.0,5.1,0.463,1,3,1
186,A,31,21500.0,6.4,0.491,0,1,0
187,B,43,31600.0,4.2,0.315,4,4,1
188,B,46,47300.0,6.7,0.607,0,4,0
189,A,45,21800.0,13.0,0.02,0,2,0
190,B,45,14900.0,7.1,0.272,0,2,0
191,B,36,21500.0,5.2,0.231,0,4,1
192,B,46,17400.0,3.1,0.288,0,5,0
193,B,31,16800.0,2.2,0.385,0,4,0
194,A,39,40800.0,12.4,0.175,0,2,0
195,A,26,42300.0,11.2,0.344,0,1,0
196,B,27,20300.0,10.8,0.276,0,3,0
197,A,36,31800.0,5.9,0.185,1,5,1
198,A,35,43300.0,15.7,0.459,0,2,0
199,A,49,27000.0,4.8,0.325,1,4,1
200,A,21,14700.0,1.5,0.391,0,3,1
201,A,33,34800.0,10.2,0.191,0,1,0
202,A,38,40400.0,15.7,0.309,1,5,0
203,B,38,35900.0,8.9,0.244,0,4,0
204,A,29,38000.0,11.0,0.292,1,4,0
205,B,50,19300.0,6.6,0.185,0,3,0
206,A,36,23000.0,2.2,0.261,1,2,0
207,A,37,52500.0,4.3,0.221,0,5,0
208,A,42,20500.0,11.9,0.323,0,2,0
209,A,37,37500.0,5.5,0.324,0,3,0
210,A,39,28500.0,13.6,0.131,0,1,0
211,A,26,35800.0,4.7,0.333,0,2,0
212,A,36,18700.0,4.5,0.306,0,2,0
213,B,52,51100.0,2.5,0.136,0,3,0
214,A,41,55800.0,12.2,0.108,2,1,0
215,A,45,55200.0,6.7,0.377,0,1,0
216,A,49,66300.0,9.9,0.331,2,2,0
217,A,24,46200.0,6.3,0.125,0,2,0
218,B,31,16900.0,1.7,0.371,0,5,0
219,A,25,49600.0,6.7,0.267,2,3,0
220,B,21,47400.0,3.0,0.288,0,3,0
221,A,33,29100.0,15.1,0.175,0,3,0
222,A,47,59700.0,10.9,0.518,0,2,0
223,B,43,17300.0,6.8,0.323,1,3,0
224,A,37,48600.0,15.8,0.089,1,2,0
225,A,62,67600.0,4.0,0.369,0,1,1
226,A,65,44400.0,5.6,0.412,2,2,0
227,A,22,28000.0,5.1,0.108,1,1,0
228,B,68,28200.0,5.0,0.432,1,3,0
229,B,36,19200.0,6.5,0.205,0,1,0
230,A,47,24900.0,6.8,0.486,0,1,0
231,A,59,35700.0,3.7,0.398,0,2,0
232,A,36,47400.0,8.3,0.106,1,3,0
233,A,31,23500.0,9.5,0.32,1,3,0
234,B,35,47700.0,6.7,0.182,0,2,0
235,A,36,49700.0,3.2,0.243,0,4,0
236,A,46,13800.0,4.5,0.45,0,3,1
237,B,34,28900.0,11.3,0.102,0,5,0
238,A,48,44100.0,11.9,0.595,1,1,0
239,B,47,32100.0,3.1,0.386,1,1,1
240,A,42,81000.0,7.6,0.02,0,4,0
241,B,46,27400.0,4.4,0.432,0,5,1
242,A,53,26600.0,13.1,0.382,1,1,0
243,B,27,12900.0,5.6,0.121,1,3,0
244,A,30,50000.0,6.1,0.455,0,5,0
245,A,59,18700.0,5.6,0.224,0,5,0
246,A,31,29700.0,9.8,0.252,0,1,0
247,A,53,48000.0,6.1,0.091,0,2,0
248,B,26,48800.0,8.4,0.365,1,5,0
249,B,66,99200.0,6.5,0.295,0,1,0
250,A,49,35600.0,5.5,0.277,1,3,0
251,B,56,22900.0,1.5,0.057,0,5,1
252,A,41,56300.0,11.5,0.125,0,5,0
253,A,22,16600.0,7.5,0.371,0,1,0
254,B,38,51200.0,4.5,0.348,0,5,0
255,A,40,29700.0,8.0,0.466,0,3,0
256,B,37,19400.0,3.9,0.42,0,4,0
257,A,39,28700.0,3.4,0.257,0,5,0
258,B,51,35500.0,4.9,0.273,0,2,0
259,B,32,35600.0,4.2,0.499,2,4,0
260,A,35,85000.0,7.7,0.29,0,2,0
261,A,37,24300.0,16.0,0.421,0,1,0
262,A,33,50100.0,12.4,0.436,0,2,0
263,A,51,61400.0,13.0,0.478,1,3,0
264,B,30,33500.0,5.8,0.372,1,1,0
265,B,45,30300.0,6.2,0.136,2,5,0
266,A,55,35900.0,21.8,0.431,0,1,0
267,A,52,35700.0,8.7,0.17,0,2,0
268,B,50,22600.0,4.0,0.364,1,5,1
269,A,26,34900.0,4.5,0.327,0,2,1
270,A,51,99900.0,12.7,0.02,1,1,0
271,B,33,25000.0,3.4,0.562,0,4,0
272,A,47,58900.0,6.5,0.256,2,1,0
273,A,37,35600.0,6.3,0.436,0,3,0
274,A,41,41700.0,10.3,0.43,0,2,0
275,A,39,51100.0,2.9,0.499,0,1,0
276,A,34,52600.0,8.6,0.28,0,4,0
277,A,57,81400.0,3.0,0.194,1,5,0
278,A,57,34800.0,7.6,0.307,0,2,0
279,B,30,19400.0,2.3,0.481,2,5,1
280,B,44,21200.0,9.3,0.632,0,5,0
281,B,28,34900.0,6.6,0.173,0,2,0
282,A,47,22300.0,5.5,0.464,0,3,0
283,A,61,35300.0,7.4,0.055,1,5,0
284,B,42,31600.0,1.0,0.319,1,5,1
285,A,51,12600.0,10.0,0.219,1,5,1
286,B,48,30500.0,1.8,0.389,1,4,1
287,A,44,46900.0,4.6,0.129,1,4,0
288,A,61,25800.0,27.9,0.387,0,1,0
289,A,30,19200.0,3.9,0.238,0,1,0
290,A,39,25200.0,8.6,0.238,0,5,0
291,B,41,43000.0,3.4,0.184,1,4,0
292,A,50,41400.0,12.8,0.267,0,2,0
293,A,62,47300.0,19.5,0.104,0,5,0
294,B,42,22300.0,3.0,0.488,1,5,1
295,A,42,28000.0,13.9,0.099,0,1,0
296,A,48,39800.0,6.6,0.413,0,3,0
297,A,43,30600.0,10.5,0.294,1,3,0
298,A,27,44000.0,6.1,0.305,0,3,0
299,B,48,45600.0,5.9,0.365,0,4,0
300,A,21,12200.0,7.6,0.451,0,3,1
301,B,69,48000.0,7.2,0.519,0,2,0
302,A,28,29900.0,9.2,0.15,1,2,0
303,A,49,44900.0,13.6,0.395,0,1,0
304,A,21,38200.0,12.6,0.398,1,5,0
305,A,45,26300.0,7.6,0.519,0,1,1
306,A,51,22900.0,7.0,0.551,0,5,0
307,A,31,38500.0,11.8,0.438,2,1,0
308,A,44,60300.0,5.6,0.104,0,1,0
309,B,50,51400.0,4.0,0.461,0,3,0
310,B,41,20900.0,6.7,0.601,0,1,0
311,A,58,42100.0,7.5,0.383,1,1,0
312,A,25,44000.0,22.7,0.537,0,2,0
313,A,64,27000.0,12.2,0.489,2,2,0
314,A,40,33600.0,7.9,0.313,0,4,0
315,B,42,78000.0,6.6,0.391,3,5,0
316,A,53,18600.0,7.8,0.225,1,2,0
317,A,24,45500.0,3.4,0.305,0,1,0
318,B,32,49700.0,6.4,0.713,0,2,0
319,B,40,24400.0,7.9,0.56,1,4,1
320,A,29,80700.0,19.6,0.292,2,1,0
321,B,34,28100.0,12.8,0.322,0,4,0
322,B,36,25600.0,4.8,0.061,3,5,0
323,A,51,78000.0,8.8,0.279,0,3,0
324,A,40,47100.0,11.1,0.237,1,3,0
325,B,27,27400.0,12.4,0.343,0,4,0
326,B,49,25300.0,9.2,0.466,1,3,1
327,A,60,37000.0,7.1,0.338,1,5,0
328,A,21,70900.0,16.1,0.334,0,2,0
329,B,51,35000.0,3.0,0.335,0,1,0
330,A,60,24500.0,5.4,0.434,1,1,1
331,B,35,33700.0,1.9,0.184,1,5,1
332,B,50,30900.0,1.0,0.596,0,1,1
333,A,37,34400.0,11.9,0.323,0,4,0
334,A,44,17400.0,12.2,0.243,0,1,0
335,B,28,41100.0,1.3,0.174,0,5,0
336,A,21,36600.0,9.6,0.413,0,4,0
337,A,49,70800.0,10.1,0.25,3,1,0
338,A,30,39300.0,5.0,0.593,0,2,1
339,A,51,22300.0,9.7,0.261,1,4,0
340,A,46,34100.0,7.8,0.37,1,2,0
341,A,34,25400.0,9.2,0.47,0,3,0
342,A,46,55200.0,17.8,0.493,1,1,0
343,B,38,42400.0,7.9,0.065,0,3,0
344,A,51,17900.0,14.1,0.324,1,2,1
345,A,39,123000.0,7.8,0.316,2,3,0
346,A,52,59800.0,7.0,0.252,0,5,0
347,A,21,42000.0,10.6,0.414,0,2,0
348,B,42,21300.0,11.1,0.33,0,4,0
349,A,29,35700.0,5.7,0.32,0,4,0
350,B,60,35200.0,4.7,0.339,2,4,1
351,A,40,65100.0,10.2,0.373,1,1,0
352,A,25,42300.0,8.8,0.242,0,2,0
353,A,47,73300.0,5.2,0.247,0,1,1
354,A,36,55200.0,4.2,0.092,0,2,0
355,B,31,43200.0,7.3,0.592,0,1,0
356,A,35,41800.0,12.6,0.32,1,2,0
357,A,44,42700.0,10.7,0.237,1,3,0
358,A,47,25800.0,22.3,0.328,0,3,0
359,A,56,36000.0,9.9,0.251,2,3,0
360,A,39,29700.0,13.9,0.504,0,3,0
361,A,37,68300.0,4.3,0.261,2,5,0
362,A,21,38200.0,8.0,0.221,0,1,0
363,A,62,29500.0,8.3,0.118,0,3,0
364,A,31,46900.0,13.8,0.307,0,1,0
365,B,38,14300.0,6.4,0.395,0,5,0
366,A,58,28400.0,4.5,0.47,0,4,1
367,B,41,10200.0,6.7,0.176,1,5,0
368,A,41,66600.0,11.4,0.292,1,2,0
369,B,41,24500.0,8.0,0.361,0,3,0
370,A,46,26700.0,1.3,0.333,0,2,0
371,B,58,24800.0,4.6,0.068,2,3,0
372,B,44,26000.0,0.6,0.301,0,4,0
373,A,46,39300.0,3.8,0.468,0,3,0
374,A,43,50900.0,16.2,0.371,0,2,0
375,B,47,42600.0,1.8,0.442,0,1,1
376,B,41,13400.0,6.1,0.159,1,4,0
377,A,32,27800.0,7.7,0.456,0,4,0
378,A,40,36200.0,9.2,0.345,1,1,1
379,A,50,93100.0,1.0,0.124,2,2,0
380,A,50,29300.0,8.6,0.212,0,3,0
381,A,21,38300.0,3.7,0.527,0,2,1
382,A,52,48200.0,7.3,0.417,1,2,0
383,A,39,17600.0,8.3,0.561,0,2,0
384,A,46,34200.0,4.7,0.56,1,1,1
385,B,31,30300.0,4.5,0.213,1,4,0
386,A,39,53400.0,11.6,0.247,0,1,0
387,A,40,30300.0,7.8,0.165,0,4,0
388,A,32,21900.0,4.5,0.245,0,2,0
389,A,38,23300.0,8.1,0.052,2,1,0
390,A,50,57600.0,3.1,0.417,1,4,1
391,A,35,61700.0,15.2,0.585,1,3,0
392,A,44,24000.0,1.3,0.486,1,2,1
393,B,41,20800.0,6.7,0.378,0,4,0
394,A,27,30000.0,13.4,0.184,0,1,0
395,A,42,33000.0,12.5,0.05,0,3,0
396,A,26,43500.0,10.9,0.224,2,3,0
397,A,32,128800.0,11.0,0.471,0,4,0
398,A,42,17800.0,12.6,0.308,0,2,1
399,B,52,39300.0,10.6,0.447,0,4,0
400,A,58,40900.0,19.3,0.471,1,2,0
401,A,36,113500.0,14.9,0.362,0,3,0
402,A,37,39200.0,8.5,0.256,0,1,0
403,A,47,37800.0,5.9,0.142,0,4,1
404,A,37,33300.0,4.7,0.199,0,1,0
405,A,36,23700.0,16.0,0.478,1,3,0
406,A,45,18200.0,11.6,0.354,0,2,0
407,A,52,101500.0,7.3,0.324,0,2,0
408,B,39,34000.0,6.1,0.378,2,5,0
409,A,54,20400.0,17.4,0.246,0,1,0
410,A,39,24500.0,9.7,0.226,1,5,1
411,A,47,14300.0,2.7,0.058,0,3,0
412,B,48,13700.0,4.3,0.395,1,4,0
413,A,21,27200.0,9.4,0.13,0,2,0
414,A,45,36600.0,4.1,0.127,0,1,0
415,A,48,54500.0,13.5,0.131,0,4,0
416,B,47,42200.0,13.2,0.302,0,5,0
417,A,27,38300.0,8.5,0.361,1,5,0
418,A,38,46700.0,6.9,0.635,0,2,1
419,B,49,20600.0,3.7,0.413,0,4,0
420,B,27,54200.0,6.7,0.249,2,3,0
421,A,51,48700.0,5.0,0.606,0,1,1
422,A,57,29000.0,13.5,0.229,0,2,1
423,B,50,30200.0,3.1,0.235,2,5,0
424,A,27,66000.0,4.8,0.063,0,2,0
425,A,43,24400.0,5.9,0.481,0,3,1
426,A,31,20900.0,10.4,0.307,0,2,0
427,A,21,33300.0,7.5,0.123,1,3,0
428,A,51,44200.0,6.0,0.359,0,1,0
429,B,37,19500.0,11.1,0.28,1,4,0
430,A,30,36700.0,14.4,0.401,0,4,0
431,B,41,31100.0,12.8,0.47,1,4,0
432,A,59,48500.0,8.6,0.44,0,1,0
433,B,56,25500.0,1.7,0.35,0,3,1
434,A,25,33900.0,7.0,0.316,0,1,0
435,A,29,48600.0,11.1,0.439,1,2,0
436,A,49,34700.0,6.3,0.368,0,2,0
437,A,57,32700.0,5.0,0.348,1,3,1
438,B,38,17000.0,4.2,0.261,0,1,0
439,A,39,48900.0,6.8,0.267,0,2,0
440,A,55,27900.0,6.0,0.419,1,3,0
441,A,51,60200.0,17.1,0.19,0,3,0
442,A,36,43400.0,24.2,0.368,1,2,0
443,A,34,54600.0,14.3,0.334,1,4,0
444,A,39,36800.0,6.6,0.206,0,1,0
445,A,50,20800.0,4.7,0.382,0,1,1
446,A,55,25900.0,12.4,0.179,2,3,0
447,A,53,21800.0,14.7,0.486,2,3,0
448,B,75,21400.0,3.7,0.529,0,1,0
449,B,41,32100.0,2.5,0.382,0,1,0
450,A,40,40800.0,6.5,0.258,1,2,0
451,B,43,47900.0,4.3,0.382,0,4,0
452,A,46,28100.0,3.4,0.37,1,2,0
453,A,63,34100.0,12.0,0.183,0,2,0
454,A,36,23000.0,7.6,0.191,0,1,0
455,A,21,40600.0,10.9,0.366,0,3,0
456,B,39,27400.0,9.7,0.219,2,1,0
457,B,40,46300.0,1.3,0.362,0,5,0
458,A,42,40700.0,7.9,0.211,0,2,0
459,A,46,30300.0,5.3,0.34,0,3,0
460,A,39,40300.0,10.5,0.23,1,1,0
461,B,26,33800.0,10.8,0.284,1,3,0
462,A,41,67000.0,10.3,0.359,0,1,0
463,A,37,38000.0,5.1,0.281,1,2,0
464,B,34,22000.0,8.6,0.362,0,5,0
465,A,66,26400.0,5.6,0.235,0,1,0
466,A,68,15500.0,13.8,0.274,0,3,0
467,A,43,30300.0,12.1,0.349,0,1,0
468,B,58,13000.0,7.6,0.282,0,5,0
469,A,47,28200.0,9.8,0.336,1,1,0
470,A,47,47000.0,6.1,0.657,0,5,0
471,A,54,60600.0,8.1,0.103,0,3,0
472,A,41,37500.0,2.2,0.291,0,1,0
473,A,37,38000.0,2.4,0.493,0,2,0
474,A,44,21900.0,2.5,0.18,0,1,0
475,B,62,14700.0,0.5,0.571,0,1,1
476,B,42,24600.0,2.6,0.476,0,3,0
477,A,33,34800.0,10.4,0.435,1,2,0
478,A,62,45000.0,8.9,0.245,1,3,0
479,A,22,23400.0,12.5,0.175,3,4,0
480,A,43,46900.0,11.8,0.397,0,1,1
481,A,23,25700.0,6.2,0.54,0,2,0
482,A,31,28200.0,12.9,0.311,0,2,0
483,A,40,37300.0,16.3,0.404,0,2,0
484,A,44,50700.0,17.8,0.593,0,2,0
485,A,28,29600.0,6.5,0.207,3,2,1
486,A,24,76400.0,13.7,0.259,1,5,0
487,B,46,53100.0,4.1,0.337,0,3,0
488,B,47,29400.0,7.5,0.309,0,2,0
489,A,49,28400.0,3.3,0.448,0,2,1
490,B,38,43000.0,10.8,0.466,0,5,0
491,A,46,59200.0,8.7,0.262,0,1,0
492,B,51,28900.0,6.2,0.388,0,5,0
493,A,41,38600.0,9.8,0.335,1,1,1
494,A,38,77600.0,7.0,0.426,0,3,0
495,A,65,54600.0,8.7,0.26,0,1,0
496,A,42,91400.0,6.7,0.316,0,1,0
497,A,36,29300.0,12.6,0.394,2,2,0
498,A,42,22200.0,16.2,0.244,0,1,0
499,A,44,29000.0,16.6,0.217,2,3,0
500,A,34,46000.0,6.6,0.269,3,3,1
501,A,61,46700.0,9.0,0.432,0,1,0
502,B,30,30600.0,3.8,0.287,2,5,1
503,A,28,21800.0,4.3,0.244,0,4,0
504,A,22,36100.0,2.7,0.157,0,1,0
505,A,29,37800.0,15.5,0.278,0,2,0
506,A,21,56000.0,11.9,0.366,0,4,0
507,B,35,38600.0,8.0,0.257,1,2,0
508,A,47,26900.0,15.2,0.515,0,4,0
509,A,49,22800.0,7.2,0.307,0,3,0
510,B,37,37500.0,0.3,0.234,1,4,0
511,A,55,48600.0,13.0,0.06,0,2,0
512,B,30,18500.0,9.3,0.74,0,1,1
513,A,38,40600.0,11.5,0.02,0,3,0
514,A,37,37000.0,8.1,0.238,0,4,1
515,A,40,64700.0,7.2,0.46,0,3,0
516,B,75,58700.0,1.8,0.233,1,5,0
517,B,46,77900.0,1.8,0.552,0,4,0
518,A,53,46700.0,11.2,0.145,1,2,0
519,A,46,52000.0,11.3,0.452,1,1,0
520,A,25,56500.0,9.2,0.318,0,3,0
521,A,46,25100.0,9.5,0.346,0,5,0
522,A,50,41400.0,6.4,0.202,0,1,0
523,B,39,46700.0,1.1,0.374,1,3,0
524,B,32,48200.0,18.5,0.278,1,4,0
525,B,37,34700.0,3.9,0.269,1,3,0
526,A,55,39900.0,8.3,0.339,0,3,0
527,A,52,79100.0,6.4,0.2,1,3,0
528,A,24,58400.0,18.3,0.22,1,2,0
529,A,67,20800.0,2.1,0.063,0,3,0
530,A,61,65600.0,13.8,0.165,0,1,0
531,A,44,30000.0,13.4,0.063,2,2,0
532,B,62,22600.0,2.0,0.157,0,4,0
533,A,30,28200.0,6.8,0.039,0,4,0
534,A,21,60600.0,7.5,0.308,0,4,0
535,A,50,68700.0,3.8,0.397,0,4,0
536,A,53,40900.0,6.3,0.166,1,1,0
537,A,34,43500.0,13.4,0.271,0,4,0
538,A,39,26000.0,7.6,0.191,1,1,0
539,A,28,27000.0,2.8,0.298,1,5,1
540,B,52,47800.0,2.6,0.415,0,5,0
541,B,40,16900.0,2.7,0.292,0,3,0
542,A,57,44900.0,4.4,0.324,0,1,0
543,A,39,40500.0,5.7,0.416,0,2,0
544,A,27,28800.0,6.0,0.27,0,3,0
545,A,48,90600.0,7.0,0.373,0,1,0
546,A,21,25100.0,12.8,0.348,0,3,0
547,A,38,81500.0,4.2,0.412,0,5,0
548,A,37,41300.0,6.2,0.245,0,1,0
549,B,53,35800.0,9.0,0.346,1,4,0
550,B,45,22800.0,7.2,0.268,1,1,0
551,B,60,38000.0,2.3,0.533,1,3,0
552,A,23,99600.0,7.4,0.389,0,1,0
553,A,47,22900.0,4.3,0.179,0,2,0
554,B,53,42000.0,4.9,0.352,0,3,0
555,A,44,29900.0,6.8,0.319,1,3,0
556,A,27,65000.0,13.3,0.331,0,5,0
557,A,49,75000.0,8.2,0.418,1,4,0
558,A,24,54000.0,13.4,0.207,0,1,0
559,B,37,35800.0,17.2,0.049,1,2,0
560,A,44,90400.0,5.5,0.6,0,3,0
561,A,36,47800.0,16.5,0.451,1,2,0
562,A,41,59600.0,3.7,0.388,1,4,0
563,B,36,63000.0,9.6,0.201,1,5,0
564,B,43,41300.0,2.2,0.609,0,4,0
565,A,40,127300.0,5.9,0.476,0,1,0
566,A,27,52300.0,16.0,0.168,0,3,0
567,A,33,47500.0,13.9,0.137,0,4,0
568,A,21,47500.0,3.3,0.204,1,1,1
569,B,38,32300.0,11.8,0.445,0,3,0
570,A,44,53400.0,3.4,0.39,0,1,1
571,A,21,34400.0,9.2,0.436,0,3,0
572,A,38,31000.0,9.0,0.209,0,1,0
573,A,25,47900.0,17.7,0.545,0,2,1
574,A,47,20000.0,1.2,0.431,0,2,1
575,A,40,58400.0,5.1,0.02,0,2,0
576,B,21,61700.0,7.4,0.435,1,4,0
577,B,38,19700.0,2.1,0.307,0,3,0
578,B,36,19400.0,7.9,0.329,0,4,1
579,A,42,85200.0,10.6,0.329,1,1,0
580,A,49,33500.0,6.4,0.511,1,4,1
581,A,40,28400.0,13.7,0.432,1,1,0
582,A,43,57300.0,6.1,0.324,0,5,0
583,A,23,31500.0,9.1,0.437,0,1,0
584,A,36,33900.0,10.4,0.273,1,1,0
585,A,28,49300.0,10.5,0.271,0,1,0
586,A,30,33300.0,13.1,0.252,0,1,0
587,B,46,31400.0,5.1,0.317,0,3,0
588,B,38,40300.0,0.1,0.338,1,2,0
589,A,33,73700.0,6.2,0.221,1,3,0
590,B,21,23500.0,23.2,0.439,0,3,0
591,B,36,24900.0,10.8,0.238,1,3,0
592,A,32,59600.0,30.0,0.326,0,2,0
593,B,27,36900.0,2.7,0.21,0,4,0
594,A,60,20400.0,9.7,0.394,0,2,0
595,B,31,35900.0,4.1,0.145,1,2,0
596,A,44,50900.0,5.7,0.346,1,1,0
597,A,40,30600.0,3.3,0.197,1,3,0
598,A,48,44400.0,4.8,0.506,0,1,0
599,B,26,12300.0,7.7,0.453,0,3,0
600,B,31,70000.0,0.6,0.358,0,2,0
601,B,44,19000.0,4.4,0.245,1,4,1
602,B,45,44100.0,4.2,0.254,0,2,0
603,B,36,39400.0,5.7,0.3,1,3,0
604,A,44,23800.0,4.3,0.141,0,4,0
605,A,29,30800.0,11.5,0.31,0,4,0
606,A,27,16000.0,10.7,0.304,0,2,0
607,A,37,27700.0,2.0,0.355,0,1,0
608,A,47,41700.0,13.1,0.522,1,3,0
609,A,44,31200.0,14.5,0.021,1,2,0
610,A,56,50100.0,7.4,0.287,0,3,0
611,A,22,54400.0,13.2,0.282,0,4,0
612,A,44,17000.0,12.2,0.234,0,3,0
613,A,21,24100.0,4.8,0.228,0,4,1
614,A,33,15700.0,17.1,0.248,1,1,0
615,A,47,21800.0,5.7,0.321,0,5,0
616,A,53,41700.0,6.4,0.121,1,5,0
617,A,31,37800.0,6.4,0.039,0,2,0
618,A,45,56100.0,5.4,0.202,0,4,0
619,A,53,26300.0,7.3,0.355,0,2,0
620,A,39,33500.0,5.9,0.224,0,2,0
621,A,34,13500.0,6.9,0.303,0,3,0
622,A,31,97100.0,5.0,0.153,1,1,0
623,A,47,34800.0,7.4,0.432,0,3,0
624,B,41,42100.0,2.8,0.323,0,3,0
625,A,49,33900.0,15.7,0.231,1,1,0
626,A,41,44600.0,8.3,0.284,0,2,0
627,B,50,24200.0,1.9,0.177,1,5,0
628,A,40,37800.0,8.9,0.481,1,3,0
629,A,56,39000.0,4.4,0.563,1,1,0
630,B,44,27400.0,3.1,0.237,0,2,0
631,B,42,75100.0,2.0,0.164,1,4,0
632,A,24,56500.0,19.5,0.393,0,1,0
633,A,40,34400.0,18.5,0.103,0,4,0
634,A,35,37200.0,7.9,0.226,0,3,0
635,A,47,47000.0,1.6,0.424,0,4,0
636,B,40,45100.0,3.3,0.609,0,4,1
637,A,44,57100.0,6.6,0.469,1,2,0
638,A,34,42000.0,6.1,0.02,1,1,0
639,B,24,47000.0,2.5,0.254,1,5,1
640,B,43,13900.0,2.8,0.473,0,3,0
641,A,27,47600.0,10.5,0.537,0,3,0
642,A,57,29700.0,23.1,0.486,1,3,0
643,B,44,33700.0,6.5,0.505,0,2,0
644,A,46,75000.0,13.1,0.443,0,1,0
645,A,21,32800.0,6.8,0.631,2,1,1
646,A,22,18400.0,12.7,0.337,1,4,0
647,A,49,40800.0,15.0,0.362,0,3,0
648,B,36,59300.0,3.4,0.258,0,4,0
649,A,49,53800.0,5.1,0.456,0,1,0
650,A,46,49500.0,10.6,0.331,1,2,0
651,A,25,58000.0,8.3,0.366,0,1,1
652,A,28,36200.0,5.3,0.076,0,4,0
653,A,51,21500.0,5.3,0.365,0,4,0
654,A,43,28500.0,8.8,0.358,0,2,0
655,A,61,78700.0,14.4,0.316,0,3,0
656,A,49,34700.0,5.0,0.369,0,5,0
657,A,43,31000.0,11.5,0.172,0,3,0
658,A,54,87100.0,3.2,0.676,0,3,0
659,A,53,41600.0,6.4,0.374,0,3,0
660,B,21,27900.0,5.2,0.355,0,5,0
661,A,46,33300.0,7.8,0.434,0,3,0
662,A,42,49300.0,4.9,0.302,1,1,0
663,B,33,71000.0,8.4,0.174,0,4,0
664,B,42,31500.0,4.3,0.036,0,1,0
665,B,26,16100.0,1.1,0.382,0,5,0
666,A,28,23900.0,11.3,0.389,0,3,0
667,B,51,36000.0,10.9,0.062,0,4,0
668,A,37,40000.0,8.8,0.517,0,1,0
669,A,21,128800.0,4.7,0.27,1,2,0
670,A,40,62800.0,2.2,0.287,0,2,0
671,B,61,39100.0,6.5,0.34,1,4,0
672,A,59,68000.0,9.0,0.312,0,4,0
673,A,21,25600.0,15.5,0.261,0,2,0
674,A,44,29300.0,7.3,0.47,0,2,0
675,A,50,55900.0,6.2,0.12,0,3,0
676,A,36,24500.0,6.8,0.186,1,3,0
677,A,32,63000.0,5.6,0.455,1,1,0
678,A,53,54200.0,1.8,0.356,0,3,0
679,A,39,35300.0,9.4,0.193,0,3,0
680,B,34,34500.0,2.1,0.151,0,5,0
681,A,38,26600.0,4.7,0.294,0,4,0
682,A,39,33300.0,5.1,0.53,0,3,0
683,A,48,33500.0,12.9,0.272,1,1,0
684,A,21,55600.0,14.0,0.405,0,1,0
685,A,53,60700.0,6.8,0.122,0,3,0
686,B,44,39800.0,1.6,0.396,0,5,0
687,A,44,49200.0,15.2,0.405,0,1,0
688,A,38,28200.0,3.3,0.309,1,1,0
689,A,45,36100.0,15.5,0.343,1,5,0
690,A,52,27400.0,3.9,0.376,0,2,0
691,B,54,54300.0,5.8,0.554,2,5,1
692,A,55,30100.0,8.3,0.394,0,2,0
693,A,50,50400.0,8.4,0.091,0,3,0
694,A,25,30400.0,3.4,0.387,0,1,0
695,A,55,44100.0,8.3,0.394,0,1,0
696,B,45,38000.0,1.9,0.239,0,5,1
697,A,52,43400.0,5.9,0.279,0,3,0
698,A,35,51700.0,6.5,0.481,1,2,1
699,A,46,18900.0,13.9,0.283,1,3,0
700,A,32,52100.0,8.1,0.26,0,1,0
701,A,59,61400.0,18.1,0.123,1,1,0
702,A,44,46600.0,8.9,0.498,0,3,1
703,B,34,15300.0,4.6,0.525,0,3,0
704,A,46,40100.0,7.9,0.26,0,2,0
705,A,46,28700.0,10.1,0.481,1,5,0
706,A,52,36800.0,8.9,0.189,0,1,0
707,A,64,24300.0,4.0,0.295,0,1,0
708,B,28,44600.0,6.0,0.237,1,5,0
709,A,39,80000.0,11.2,0.49,0,5,0
710,A,48,29500.0,11.9,0.306,1,3,0
711,A,45,32700.0,10.7,0.185,0,2,0
712,A,41,49200.0,6.4,0.343,1,3,0
713,A,26,34200.0,15.3,0.321,1,2,0
714,A,56,57500.0,10.5,0.353,0,3,0
715,B,44,55700.0,16.7,0.351,1,4,0
716,A,47,12900.0,7.9,0.246,0,1,0
717,A,46,48200.0,2.7,0.348,0,2,0
718,A,63,32500.0,4.4,0.403,0,3,0
719,A,50,30900.0,6.7,0.372,0,3,0
720,A,54,17600.0,4.8,0.267,1,1,1
721,A,41,61200.0,9.8,0.311,0,5,0
722,A,55,37700.0,6.0,0.454,1,3,0
723,A,39,22800.0,5.7,0.2,0,4,0
724,A,22,45600.0,19.0,0.341,0,4,0
725,B,24,29800.0,5.5,0.417,1,2,1
726,A,48,23700.0,26.4,0.238,1,1,0
727,B,43,22300.0,0.5,0.343,0,5,0
728,A,55,51100.0,9.6,0.326,0,1,0
729,A,61,26800.0,5.8,0.265,0,2,1
730,A,48,25800.0,2.4,0.399,1,1,0
731,A,37,38300.0,6.5,0.199,0,2,0
732,B,44,42700.0,6.6,0.269,1,5,0
733,A,65,79800.0,11.1,0.284,0,2,0
734,A,24,43000.0,9.6,0.242,0,2,0
735,A,68,44700.0,14.2,0.104,1,1,0
736,A,21,29100.0,7.9,0.333,1,2,0
737,A,31,55900.0,8.2,0.02,0,2,0
738,A,41,37700.0,6.7,0.063,2,4,0
739,A,58,49600.0,7.9,0.298,0,3,0
740,A,58,31300.0,5.1,0.457,0,2,1
741,B,45,49300.0,6.4,0.37,0,5,0
742,B,53,38300.0,1.8,0.205,0,1,0
743,A,43,32500.0,6.9,0.404,1,1,0
744,A,34,97700.0,6.8,0.112,1,2,0
745,A,39,39400.0,5.3,0.171,0,3,0
746,A,50,28200.0,14.2,0.299,0,3,0
747,A,21,27600.0,15.4,0.314,1,2,0
748,A,42,61200.0,14.1,0.491,0,2,0
749,B,40,53700.0,8.1,0.431,2,2,0
750,A,34,26500.0,4.6,0.107,1,4,0
751,A,26,19000.0,4.8,0.203,1,1,0
752,A,63,16100.0,8.9,0.342,0,3,0
753,B,38,43900.0,3.2,0.364,2,4,0
754,A,42,32300.0,3.4,0.344,1,5,1
755,A,57,55300.0,10.9,0.326,0,3,0
756,B,48,33600.0,7.5,0.285,0,4,0
757,B,47,36600.0,1.5,0.407,1,3,0
758,A,60,49700.0,3.9,0.214,0,1,0
759,B,41,26400.0,2.9,0.51,0,4,0
760,A,45,108800.0,10.9,0.366,0,2,0
761,A,32,32100.0,9.7,0.13,0,2,0
762,B,24,45900.0,15.5,0.234,0,4,0
763,A,65,55200.0,2.5,0.486,1,1,0
764,A,41,28300.0,9.2,0.189,1,2,0
765,B,49,35100.0,12.0,0.38,1,4,0
766,B,45,27700.0,3.9,0.271,0,3,0
767,B,62,51500.0,1.0,0.424,1,2,1
768,B,68,29800.0,0.4,0.513,0,2,1
769,B,27,26000.0,2.2,0.494,0,4,0
770,B,39,37400.0,5.0,0.036,0,4,0
771,A,51,23600.0,7.3,0.265,0,1,0
772,A,32,38600.0,6.0,0.193,0,1,0
773,A,53,19000.0,17.2,0.365,0,5,0
774,A,50,48700.0,9.4,0.323,0,1,0
775,A,37,57900.0,6.5,0.157,0,5,0
776,A,62,33800.0,13.1,0.151,0,5,0
777,A,52,54600.0,6.5,0.308,0,4,0
778,A,38,38600.0,7.3,0.154,0,1,0
779,B,28,16900.0,1.3,0.306,0,4,0
780,A,28,33800.0,7.1,0.262,3,1,0
781,A,35,47500.0,4.4,0.143,0,1,0
782,B,52,27300.0,5.4,0.168,1,3,0
783,B,51,41600.0,17.7,0.538,0,5,0
784,A,33,28800.0,7.0,0.235,0,1,0
785,A,39,22800.0,14.2,0.48,0,1,0
786,B,40,20600.0,10.9,0.285,0,3,0
787,B,47,38600.0,4.2,0.466,0,4,0
788,A,30,45700.0,18.8,0.56,1,1,0
789,A,27,54200.0,13.0,0.214,0,2,0
790,A,42,31700.0,11.9,0.342,0,1,0
791,B,21,23400.0,2.0,0.26,2,4,0
792,B,75,19300.0,3.9,0.442,0,2,1
793,A,48,31500.0,6.7,0.124,1,2,0
794,A,43,34100.0,9.1,0.27,1,1,1
795,A,38,77100.0,14.3,0.173,0,5,0
796,B,47,29900.0,18.0,0.305,1,4,0
797,B,51,18500.0,1.3,0.426,0,4,0
798,B,34,15900.0,1.9,0.061,0,2,0
799,B,52,30700.0,2.0,0.409,0,5,1
800,A,40,29500.0,19.0,0.313,1,1,0
801,A,31,28700.0,11.9,0.286,0,1,0
802,B,47,27600.0,7.5,0.318,0,4,0
803,B,27,32400.0,6.9,0.331,1,4,0
804,A,31,28300.0,15.6,0.494,0,5,0
805,A,26,68100.0,8.9,0.25,1,1,0
806,B,37,41900.0,2.3,0.336,0,2,0
807,A,52,36500.0,10.2,0.181,0,4,1
808,B,54,44300.0,2.0,0.288,0,4,0
809,B,63,20400.0,1.5,0.376,1,3,0
810,A,48,46300.0,8.0,0.218,0,3,0
811,A,34,66900.0,11.6,0.388,1,1,0
812,A,33,19400.0,6.0,0.429,1,1,0
813,A,58,54000.0,2.7,0.201,0,1,0
814,A,27,64000.0,6.1,0.49,0,2,0
815,A,41,33400.0,7.8,0.222,0,3,0
816,B,29,26400.0,8.3,0.63,0,5,1
817,A,48,15500.0,9.5,0.317,0,1,0
818,A,51,18500.0,10.0,0.389,2,1,0
819,B,40,54200.0,4.6,0.186,0,3,0
820,A,43,66300.0,16.2,0.48,0,2,0
821,A,35,44900.0,4.8,0.607,1,2,1
822,B,36,22000.0,6.1,0.534,1,3,1
823,A,43,66300.0,10.1,0.222,1,2,0
824,A,38,17400.0,15.8,0.282,0,3,0
825,B,33,19500.0,7.5,0.487,0,4,1
826,A,48,26700.0,7.6,0.566,0,2,1
827,B,26,28100.0,4.1,0.278,0,4,0
828,A,38,18900.0,15.1,0.293,0,5,0
829,A,21,37800.0,6.8,0.104,0,1,0
830,A,26,43400.0,8.1,0.196,0,5,0
831,A,33,40500.0,4.0,0.25,0,3,0
832,B,28,31000.0,4.0,0.474,0,2,0
833,A,30,37700.0,6.8,0.382,0,3,0
834,B,29,26600.0,10.6,0.46,0,2,0
835,B,37,40800.0,5.8,0.35,1,4,0
836,A,53,41800.0,15.5,0.348,1,1,0
837,B,21,41000.0,5.0,0.555,0,3,0
838,B,35,44800.0,3.9,0.484,2,4,1
839,A,46,26300.0,5.6,0.311,0,3,0
840,A,39,28000.0,8.7,0.351,0,3,0
841,A,41,38000.0,9.9,0.496,0,5,0
842,B,21,20300.0,4.8,0.192,0,2,0
843,B,50,37100.0,7.7,0.275,0,5,0
844,A,28,32600.0,14.7,0.575,0,4,0
845,A,54,27800.0,1.2,0.137,1,1,0
846,A,48,64000.0,6.4,0.195,0,2,0
847,A,49,42000.0,6.2,0.269,1,4,0
848,A,41,57400.0,7.2,0.32,1,3,0
849,B,40,18200.0,3.0,0.505,0,4,1
850,A,32,85900.0,11.5,0.472,0,3,0
851,A,39,47100.0,12.8,0.22,0,2,0
852,A,39,16800.0,3.2,0.381,0,1,0
853,B,29,36100.0,9.3,0.379,1,4,0
854,A,28,33100.0,8.5,0.092,0,2,0
855,B,49,33300.0,7.4,0.487,1,4,0
856,A,37,27400.0,15.2,0.275,1,4,1
857,A,55,89400.0,8.5,0.238,0,1,0
858,A,34,29900.0,9.1,0.245,0,1,0
859,A,38,103300.0,5.4,0.29,1,2,0
860,B,41,65600.0,3.3,0.188,0,5,0
861,A,25,45100.0,12.5,0.246,1,2,0
862,B,63,24400.0,5.6,0.167,0,4,0
863,B,62,27700.0,4.3,0.328,3,4,1
864,A,29,38100.0,14.5,0.358,0,5,0
865,A,27,45300.0,16.1,0.258,0,1,0
866,A,21,44200.0,7.9,0.313,0,4,1
867,A,33,56100.0,13.5,0.09,0,4,0
868,A,32,55000.0,6.6,0.261,1,5,0
869,B,37,40600.0,12.3,0.445,2,5,1
870,B,46,32600.0,4.1,0.177,3,4,1
871,A,69,136100.0,8.2,0.294,0,1,0
872,A,21,39100.0,6.9,0.385,0,2,0
873,A,70,18100.0,15.7,0.199,1,1,0
874,B,38,49400.0,2.1,0.232,2,4,0
875,A,35,15900.0,13.7,0.341,0,1,0
876,A,56,32900.0,7.0,0.364,1,2,1
877,A,45,88800.0,3.3,0.141,0,4,0
878,B,39,41300.0,2.4,0.221,1,5,0
879,A,34,89000.0,4.9,0.334,0,3,0
880,A,65,32200.0,16.5,0.207,0,4,0
881,B,23,36100.0,4.2,0.394,2,4,0
882,A,45,32000.0,18.7,0.318,0,4,0
883,A,47,30300.0,7.3,0.369,2,4,0
884,A,37,59800.0,1.5,0.251,0,2,0
885,A,47,43000.0,11.1,0.369,0,3,0
886,B,46,23200.0,4.3,0.419,1,3,0
887,B,39,31400.0,6.0,0.232,0,4,0
888,B,56,65100.0,4.6,0.258,1,5,0
889,A,39,76100.0,11.5,0.27,0,1,0
890,A,46,51400.0,8.2,0.355,0,3,0
891,A,54,27800.0,2.7,0.284,1,2,0
892,B,34,23200.0,9.6,0.483,0,3,0
893,A,52,30700.0,6.5,0.658,0,3,0
894,A,38,26000.0,15.8,0.277,0,2,0
895,A,60,43100.0,16.4,0.233,0,2,0
896,A,21,32500.0,18.9,0.342,0,1,0
897,A,69,28600.0,5.4,0.452,2,5,1
898,A,41,34000.0,8.1,0.266,0,2,0
899,A,45,57100.0,18.0,0.179,0,3,0
900,A,47,44300.0,13.7,0.2,0,2,0
901,B,45,43800.0,5.5,0.377,1,5,0
902,B,52,41600.0,5.1,0.36,0,4,0
903,A,35,22700.0,11.9,0.343,0,3,0
904,A,37,31500.0,13.5,0.254,0,3,0
905,B,36,58500.0,5.1,0.51,0,3,0
906,B,33,49600.0,15.5,0.377,0,4,0
907,A,52,46100.0,8.0,0.301,1,1,0
908,A,41,50400.0,7.2,0.295,0,1,0
909,B,54,30800.0,3.6,0.614,0,1,0
910,B,30,44700.0,4.5,0.39,1,4,0
911,A,37,36900.0,4.0,0.292,0,2,0
912,A,21,61300.0,4.9,0.321,1,5,0
913,A,37,30900.0,2.9,0.367,0,2,1
914,B,34,54700.0,5.2,0.235,0,1,0
915,A,54,59800.0,8.8,0.428,0,2,0
916,A,50,31600.0,4.3,0.241,0,4,0
917,B,28,30600.0,5.0,0.452,0,5,1
918,A,48,29000.0,4.9,0.142,1,4,0
919,A,52,28100.0,3.0,0.573,1,3,0
920,A,67,25800.0,7.7,0.229,0,1,0
921,B,39,16400.0,5.2,0.521,2,5,1
922,A,51,46900.0,3.6,0.181,0,2,0
923,B,53,25600.0,7.0,0.314,0,4,0
924,A,56,30700.0,9.9,0.289,0,1,0
925,A,59,49300.0,10.1,0.321,1,2,0
926,A,46,93700.0,8.0,0.245,0,3,0
927,A,53,39300.0,14.6,0.564,2,2,0
928,B,27,55400.0,3.1,0.468,1,5,0
929,A,44,82700.0,24.5,0.263,0,4,0
930,A,43,32900.0,4.8,0.239,0,3,0
931,A,21,42300.0,9.3,0.274,1,1,0
932,A,45,22500.0,10.4,0.274,0,1,0
933,A,53,87300.0,3.9,0.282,0,1,0
934,A,45,41200.0,6.7,0.503,2,4,1
935,B,46,29800.0,2.1,0.467,1,5,0
936,A,51,17300.0,7.2,0.23,0,1,0
937,A,58,48000.0,1.6,0.522,0,1,1
938,A,51,59700.0,5.9,0.532,0,4,0
939,A,46,37900.0,17.3,0.356,0,2,0
940,B,51,42400.0,1.5,0.553,1,4,0
941,A,24,16000.0,8.3,0.295,0,2,0
942,A,21,50900.0,14.8,0.333,1,3,0
943,B,54,67900.0,14.5,0.207,0,5,0
944,A,22,49700.0,17.4,0.45,0,1,0
945,B,44,38300.0,1.0,0.256,2,5,0
946,A,24,48100.0,4.0,0.331,0,4,0
947,A,42,56900.0,5.0,0.252,0,1,0
948,B,36,38200.0,7.1,0.36,0,3,0
949,B,50,50600.0,13.5,0.322,1,2,0
950,A,55,60600.0,9.6,0.444,0,1,0
951,A,48,43900.0,3.3,0.215,1,3,0
952,A,42,37300.0,8.9,0.354,1,4,1
953,B,44,60700.0,3.6,0.352,1,3,0
954,A,52,93800.0,6.1,0.229,1,1,0
955,A,41,23700.0,9.1,0.152,1,5,0
956,B,58,27400.0,4.7,0.461,0,3,0
957,A,61,28900.0,9.7,0.366,0,4,0
958,B,39,33200.0,5.1,0.372,2,3,1
959,B,59,20200.0,2.0,0.537,1,5,1
960,A,39,42300.0,3.9,0.164,1,4,0
961,A,21,31700.0,10.2,0.298,0,5,0
962,A,44,26500.0,8.8,0.449,0,1,0
963,A,40,15600.0,23.0,0.256,0,3,0
964,A,35,38300.0,8.7,0.112,1,1,0
965,A,49,18000.0,16.8,0.344,0,1,0
966,A,43,54300.0,8.7,0.25,0,1,0
967,A,46,65800.0,9.4,0.369,0,1,0
968,A,38,27500.0,5.6,0.058,0,1,0
969,A,21,52800.0,12.8,0.169,1,2,0
970,B,41,35300.0,7.8,0.522,1,3,1
971,A,49,47700.0,3.0,0.402,0,1,0
972,A,36,25800.0,9.7,0.254,0,4,0
973,B,30,29400.0,2.8,0.454,1,5,0
974,A,28,63100.0,7.5,0.199,0,1,0
975,B,38,30000.0,3.7,0.469,1,5,0
976,A,26,76000.0,7.3,0.492,0,4,0
977,A,45,45900.0,10.9,0.02,0,2,0
978,A,39,25400.0,6.6,0.201,1,4,0
979,B,66,45100.0,4.2,0.157,0,2,0
980,A,43,44300.0,7.1,0.121,0,2,0
981,A,43,24000.0,12.7,0.325,2,1,0
982,A,43,35800.0,4.3,0.446,0,2,1
983,A,21,40900.0,5.0,0.25,1,1,0
984,A,41,30200.0,2.2,0.051,0,4,0
985,A,38,22800.0,12.2,0.163,0,2,0
986,B,46,20500.0,1.0,0.268,0,4,0
987,A,42,23900.0,16.8,0.533,0,2,0
988,A,37,42600.0,15.3,0.222,0,1,0
989,A,39,27000.0,9.6,0.054,1,1,0
990,B,60,44600.0,4.4,0.174,0,3,0
991,A,38,21700.0,20.1,0.402,0,4,0
992,A,48,35000.0,12.1,0.445,1,2,1
993,A,40,37700.0,3.0,0.303,0,2,0
994,A,31,31200.0,9.9,0.203,1,3,0
995,A,40,41500.0,8.3,0.322,0,3,0
996,B,42,24100.0,9.7,0.31,1,4,0
997,B,55,39500.0,9.8,0.358,1,3,1
998,A,52,21100.0,13.5,0.482,0,1,0
999,A,21,46800.0,12.8,0.382,2,3,0
1000,B,33,20900.0,3.9,0.355,1,5,0
1001,B,40,34000.0,5.9,0.523,0,5,1
1002,A,21,34500.0,14.7,0.142,1,5,0
1003,A,43,33300.0,12.2,0.566,0,2,0
1004,A,55,40800.0,10.5,0.068,1,5,0
1005,A,51,28500.0,7.1,0.427,0,2,1
1006,A,49,48300.0,3.9,0.407,0,2,0
1007,B,33,28900.0,8.8,0.377,0,3,0
1008,A,36,41100.0,6.1,0.329,1,5,0
1009,A,31,108400.0,4.5,0.375,1,3,1
1010,A,29,40200.0,3.9,0.364,0,2,0
1011,B,37,25800.0,14.3,0.477,1,4,0
1012,A,40,36700.0,8.0,0.132,0,1,0
1013,A,36,22900.0,9.6,0.302,0,1,0
1014,B,56,21400.0,7.2,0.465,0,4,0
1015,B,53,15900.0,13.5,0.475,0,4,0
1016,A,35,33400.0,4.6,0.476,0,3,0
1017,A,67,74200.0,5.1,0.267,0,2,0
1018,A,36,39100.0,11.4,0.384,0,1,0
1019,A,21,99900.0,5.1,0.579,0,4,0
1020,B,33,43400.0,5.3,0.47,1,4,0
1021,B,38,25400.0,6.3,0.302,2,5,1
1022,A,44,21100.0,20.5,0.437,0,3,0
1023,A,36,59500.0,7.5,0.49,1,1,0
1024,A,42,45100.0,15.6,0.334,0,1,0
1025,A,55,49600.0,8.6,0.362,0,5,0
1026,B,23,27100.0,14.4,0.26,1,5,0
1027,A,64,39200.0,8.2,0.306,0,1,0
1028,A,51,30000.0,10.4,0.538,2,3,1
1029,B,36,19000.0,3.1,0.212,0,5,0
1030,A,45,25900.0,11.8,0.222,1,3,0
1031,A,42,67200.0,3.3,0.203,0,1,0
1032,A,61,40200.0,11.0,0.251,0,1,0
1033,A,33,38100.0,7.9,0.246,1,3,0
1034,B,50,63200.0,14.4,0.423,0,1,0
1035,B,41,27200.0,4.2,0.288,1,4,0
1036,A,35,27800.0,4.2,0.296,0,4,0
1037,A,43,63400.0,5.4,0.52,1,3,0
1038,A,41,27800.0,7.7,0.245,1,1,0
1039,A,35,26000.0,10.3,0.257,0,1,0
1040,A,60,31200.0,16.9,0.07,0,1,0
1041,A,31,28300.0,12.5,0.233,0,3,0
1042,A,67,46000.0,12.2,0.329,1,2,0
1043,B,21,21500.0,1.3,0.308,0,4,0
1044,A,39,34900.0,12.4,0.614,1,2,1
1045,A,45,86100.0,3.5,0.207,0,4,0
1046,B,37,39200.0,5.1,0.485,0,4,0
1047,A,30,61900.0,4.4,0.408,0,3,0
1048,A,44,30400.0,6.3,0.143,1,1,0
1049,B,53,13800.0,1.2,0.587,0,5,1
1050,A,43,28700.0,10.5,0.307,2,2,0
1051,B,51,52800.0,14.6,0.282,2,4,1
1052,B,46,28700.0,4.8,0.408,1,5,1
1053,B,29,42000.0,3.5,0.542,0,2,1
1054,A,32,35900.0,14.0,0.361,1,2,0
1055,B,34,21700.0,2.6,0.623,0,3,0
1056,A,23,54800.0,9.3,0.334,1,4,0
1057,A,50,33100.0,11.8,0.415,0,3,0
1058,B,42,52900.0,2.5,0.172,0,5,0
1059,B,40,23600.0,5.9,0.308,1,5,0
1060,B,47,27300.0,2.3,0.449,0,2,0
1061,A,54,73200.0,17.1,0.352,0,3,0
1062,B,29,56800.0,1.2,0.155,1,3,0
1063,A,66,33800.0,16.3,0.344,0,1,0
1064,A,58,43600.0,3.1,0.432,0,2,0
1065,A,31,40500.0,8.5,0.3,2,3,0
1066,B,61,38800.0,14.9,0.3,0,5,0
1067,A,34,29200.0,19.6,0.317,0,1,0
1068,A,21,63600.0,3.7,0.245,0,2,0
1069,A,27,42200.0,18.9,0.547,0,1,0
1070,A,46,53300.0,8.5,0.267,0,1,0
1071,A,44,28700.0,10.4,0.269,0,3,0
1072,A,28,52100.0,7.4,0.214,0,5,0
1073,A,54,54400.0,10.2,0.323,0,1,0
1074,A,25,32900.0,4.2,0.205,1,1,0
1075,A,36,34200.0,6.5,0.17,1,3,0
1076,A,36,25200.0,5.7,0.168,1,3,0
1077,A,25,39800.0,4.9,0.35,1,4,0
1078,B,38,41200.0,5.6,0.203,1,4,0
1079,B,48,26600.0,6.1,0.435,0,2,1
1080,B,28,18200.0,5.5,0.398,1,4,0
1081,B,39,31500.0,6.7,0.621,0,5,0
1082,A,38,23700.0,8.9,0.211,0,3,0
1083,A,31,47500.0,14.7,0.512,1,1,0
1084,A,36,24400.0,8.6,0.253,0,3,0
1085,A,43,47600.0,8.0,0.58,0,1,0
1086,A,28,22100.0,12.6,0.365,0,4,0
1087,A,75,109300.0,9.6,0.156,0,2,0
1088,A,52,24300.0,7.6,0.319,0,5,0
1089,B,39,13100.0,4.3,0.405,1,4,0
1090,B,46,34700.0,4.2,0.504,0,2,0
1091,B,39,31900.0,9.1,0.304,1,4,0
1092,B,65,57900.0,1.4,0.235,1,2,0
1093,A,29,39200.0,3.9,0.144,0,2,0
1094,B,34,98100.0,14.8,0.621,0,3,0
1095,A,25,91300.0,6.3,0.472,0,3,0
1096,B,57,28600.0,6.0,0.354,1,3,0
1097,A,53,87400.0,18.9,0.366,0,4,0
1098,B,49,16100.0,5.4,0.206,0,3,0
1099,A,30,13500.0,6.0,0.277,1,3,0
1100,A,21,46900.0,20.1,0.394,0,4,0
1101,A,60,21400.0,7.7,0.39,1,3,0
1102,A,34,46000.0,10.9,0.501,0,2,0
1103,A,44,37500.0,7.3,0.302,0,3,0
1104,A,55,79400.0,14.5,0.024,0,5,0
1105,A,57,32100.0,4.7,0.22,1,3,0
1106,A,33,27500.0,5.5,0.3,1,1,0
1107,A,40,38900.0,3.6,0.419,0,3,0
1108,A,21,29700.0,10.9,0.108,1,3,0
1109,B,35,52300.0,7.8,0.196,0,5,0
1110,A,32,36900.0,7.3,0.299,1,2,0
1111,B,44,118100.0,12.3,0.496,0,5,0
1112,B,48,37300.0,3.6,0.351,1,3,0
1113,A,50,35600.0,5.2,0.163,0,3,0
1114,A,57,42000.0,7.0,0.383,0,3,0
1115,A,41,32500.0,3.0,0.343,1,3,0
1116,A,45,34400.0,4.6,0.306,0,4,0
1117,A,27,36500.0,9.4,0.459,1,1,0
1118,A,48,45700.0,17.8,0.393,0,2,0
1119,B,41,23700.0,9.7,0.407,1,4,0
1120,A,38,58000.0,5.1,0.433,2,3,0
1121,A,45,23500.0,13.8,0.337,0,2,0
1122,A,44,74700.0,9.1,0.072,0,1,0
1123,B,32,35300.0,6.9,0.175,0,4,0
1124,A,60,17300.0,18.5,0.407,1,5,0
1125,A,41,18200.0,4.5,0.414,0,4,0
1126,B,37,27400.0,6.8,0.548,0,5,0
1127,A,45,23500.0,12.7,0.398,0,4,0
1128,A,48,36800.0,2.6,0.376,0,3,0
1129,B,24,44200.0,4.5,0.169,0,3,0
1130,B,28,29400.0,9.0,0.378,0,4,0
1131,B,42,37000.0,2.0,0.384,0,5,1
1132,A,53,19100.0,11.5,0.267,0,2,0
1133,B,50,33800.0,7.0,0.478,0,3,1
1134,B,48,17800.0,7.5,0.412,0,3,0
1135,A,30,45700.0,16.9,0.153,0,1,0
1136,A,53,48800.0,10.1,0.44,0,2,0
1137,A,36,45200.0,15.4,0.532,0,1,0
1138,B,44,30400.0,2.6,0.446,3,5,0
1139,A,47,38600.0,5.2,0.493,0,2,0
1140,A,42,30800.0,12.7,0.338,0,2,0
1141,A,45,46700.0,13.3,0.374,1,5,0
1142,A,28,35400.0,20.7,0.298,2,2,0
1143,A,21,35500.0,15.6,0.323,0,1,0
1144,A,52,45600.0,12.5,0.273,0,2,0
1145,B,52,62200.0,6.5,0.39,0,3,1
1146,B,48,50500.0,3.8,0.343,2,5,0
1147,A,49,77000.0,7.2,0.152,1,2,1
1148,A,41,30100.0,20.1,0.227,2,3,0
1149,A,53,21700.0,6.2,0.166,0,3,0
1150,B,48,54200.0,4.0,0.583,1,5,1
1151,A,35,35700.0,5.6,0.296,0,4,0
1152,A,52,45600.0,10.7,0.447,1,1,1
1153,B,53,24000.0,6.0,0.457,1,3,1
1154,A,46,24900.0,10.2,0.054,1,1,0
1155,A,45,62800.0,7.1,0.074,0,1,0
1156,A,49,68300.0,7.7,0.256,0,1,0
1157,A,38,37400.0,11.0,0.526,0,2,0
1158,A,43,32100.0,4.9,0.265,0,1,0
1159,A,26,17300.0,7.7,0.406,0,4,0
1160,B,34,26300.0,8.9,0.159,0,3,0
1161,A,49,32200.0,5.8,0.522,1,1,0
1162,B,45,14700.0,3.0,0.522,0,5,0
1163,A,32,22800.0,14.9,0.161,0,2,0
1164,A,33,26000.0,14.0,0.206,2,3,0
1165,A,38,65100.0,12.5,0.204,0,4,0
1166,A,44,28100.0,3.7,0.424,0,1,0
1167,B,65,32600.0,1.6,0.561,0,4,1
1168,A,36,27300.0,11.2,0.159,0,1,0
1169,B,50,45200.0,8.5,0.347,0,5,0
1170,A,21,40700.0,3.8,0.206,0,3,0
1171,A,57,66100.0,13.2,0.279,0,3,0
1172,A,29,48900.0,8.3,0.636,0,2,0
1173,A,49,52800.0,11.1,0.39,0,5,0
1174,A,41,41600.0,6.7,0.02,1,2,0
1175,B,45,11900.0,10.7,0.497,1,3,1
1176,A,42,37600.0,2.6,0.42,0,2,0
1177,B,42,24600.0,13.5,0.37,1,5,0
1178,A,50,105200.0,9.1,0.178,0,2,0
1179,B,56,36100.0,9.2,0.392,2,4,0
1180,B,42,51400.0,6.8,0.232,2,3,0
1181,A,34,26300.0,10.4,0.275,0,2,0
1182,A,34,22400.0,10.7,0.466,0,1,0
1183,B,57,27500.0,1.5,0.212,0,5,0
1184,A,23,29600.0,11.9,0.327,0,2,0
1185,A,27,55500.0,3.2,0.442,0,4,0
1186,B,21,24600.0,1.9,0.262,0,1,0
1187,A,47,46000.0,3.4,0.311,1,3,1
1188,A,34,41300.0,12.2,0.329,0,3,0
1189,A,38,62000.0,10.1,0.202,1,5,0
1190,A,49,52200.0,4.6,0.314,0,2,0
1191,A,40,47800.0,13.8,0.031,1,1,0
1192,A,55,23100.0,4.8,0.308,0,1,0
1193,A,39,129600.0,11.5,0.271,0,1,0
1194,A,60,52600.0,7.1,0.279,1,3,0
1195,A,46,14200.0,5.2,0.189,1,2,0
1196,B,63,36000.0,5.4,0.258,2,2,1
1197,A,52,25600.0,19.0,0.524,0,1,0
1198,B,25,19100.0,12.1,0.26,1,4,0
1199,B,62,32500.0,3.5,0.481,1,3,0
1200,B,48,24200.0,12.2,0.19,1,5,0
1201,A,21,54300.0,11.4,0.318,0,2,0
1202,B,52,32100.0,8.1,0.313,3,4,0
1203,A,33,34700.0,9.9,0.279,2,5,0
1204,B,32,37100.0,10.3,0.523,0,5,0
1205,A,26,16800.0,5.8,0.159,1,2,0
1206,A,35,39900.0,8.7,0.297,0,4,0
1207,A,39,41900.0,11.2,0.31,0,1,0
1208,A,57,20700.0,9.5,0.455,1,1,0
1209,A,33,45400.0,10.4,0.288,1,4,0
1210,A,67,37700.0,4.9,0.235,1,1,0
1211,A,25,27300.0,4.9,0.334,0,1,0
1212,A,32,52300.0,10.8,0.372,0,3,0
1213,A,42,43100.0,3.5,0.29,0,5,0
1214,A,21,12300.0,2.8,0.26,0,1,0
1215,A,49,54400.0,15.0,0.366,1,2,0
1216,A,44,36900.0,6.8,0.485,0,2,0
1217,A,48,30200.0,15.1,0.179,1,4,0
1218,A,50,33400.0,3.8,0.571,1,3,0
1219,B,41,32900.0,1.1,0.308,1,5,0
1220,A,39,45200.0,2.8,0.553,0,4,0
1221,A,46,38700.0,10.2,0.251,1,4,0
1222,B,45,27400.0,3.2,0.528,0,5,0
1223,B,50,18200.0,2.2,0.468,1,3,0
1224,A,37,33800.0,18.7,0.425,0,1,0
1225,A,50,44400.0,18.4,0.412,4,2,1
1226,A,36,20000.0,6.2,0.178,1,4,0
1227,A,21,27600.0,10.0,0.381,0,3,0
1228,A,42,39800.0,5.1,0.378,0,2,0
1229,A,48,82500.0,10.8,0.377,0,3,0
1230,B,25,13800.0,7.0,0.403,0,5,0
1231,A,28,65600.0,4.1,0.339,0,4,0
1232,B,43,42400.0,6.0,0.366,1,4,0
1233,A,35,71200.0,10.1,0.122,0,1,0
1234,A,35,42000.0,3.2,0.396,0,1,0
1235,A,44,52800.0,8.7,0.481,0,5,0
1236,A,55,80700.0,7.4,0.189,0,2,0
1237,A,42,43100.0,13.1,0.315,1,2,0
1238,A,44,40200.0,9.3,0.172,2,1,0
1239,A,45,25100.0,7.9,0.242,1,5,0
1240,A,29,29100.0,15.3,0.301,0,1,0
1241,A,33,44300.0,6.4,0.21,0,2,0
1242,A,50,32300.0,12.8,0.363,0,4,0
1243,B,46,11600.0,1.5,0.321,1,5,1
1244,B,22,44800.0,2.9,0.388,1,4,1
1245,A,21,51700.0,7.6,0.198,0,3,0
1246,B,54,45600.0,6.2,0.133,0,3,0
1247,A,21,80500.0,10.6,0.264,0,3,0
1248,A,55,45600.0,16.3,0.375,0,1,0
1249,A,21,17100.0,3.9,0.261,0,1,0
1250,B,44,59800.0,10.8,0.191,1,1,1
1251,A,25,12100.0,7.6,0.128,1,2,0
1252,A,33,70100.0,11.8,0.257,1,3,0
1253,B,42,39200.0,11.1,0.18,0,4,0
1254,A,49,54100.0,5.8,0.171,0,5,0
1255,A,50,29200.0,11.6,0.213,0,2,0
1256,A,21,20700.0,4.9,0.305,1,2,0
1257,B,52,9900.0,3.9,0.263,0,4,1
1258,A,34,79400.0,5.4,0.237,1,2,0
1259,A,45,49000.0,7.5,0.142,1,3,0
1260,B,50,55700.0,3.0,0.486,1,4,0
1261,A,38,34000.0,5.2,0.236,1,2,1
1262,A,35,26100.0,13.4,0.348,0,2,0
1263,A,47,51900.0,8.8,0.294,1,2,0
1264,A,35,30800.0,22.5,0.412,1,4,0
1265,B,21,38100.0,2.7,0.354,0,3,0
1266,A,36,41600.0,2.0,0.328,1,1,0
1267,A,51,69900.0,2.7,0.164,0,2,0
1268,B,41,39600.0,3.1,0.416,0,5,0
1269,A,46,47100.0,3.7,0.349,0,4,0
1270,B,52,75300.0,1.7,0.344,1,2,0
1271,A,34,40100.0,14.0,0.257,0,2,0
1272,A,21,14800.0,18.1,0.413,1,1,0
1273,A,39,39500.0,8.1,0.198,0,2,0
1274,A,26,37600.0,9.4,0.44,0,1,0
1275,A,50,39600.0,8.3,0.175,0,2,0
1276,A,50,38900.0,0.8,0.558,0,1,0
1277,A,55,20400.0,5.8,0.297,0,5,0
1278,A,33,40200.0,14.2,0.352,0,1,0
1279,A,44,46200.0,4.1,0.381,0,2,0
1280,B,34,23500.0,3.1,0.374,0,4,0
1281,B,27,18600.0,6.7,0.442,1,3,1
1282,B,39,24300.0,5.3,0.113,0,1,0
1283,A,53,36800.0,20.1,0.45,0,2,0
1284,A,57,24800.0,13.4,0.418,1,4,0
1285,B,35,25400.0,5.3,0.448,0,5,0
1286,A,41,16200.0,9.4,0.565,0,4,0
1287,A,37,18200.0,3.6,0.329,1,4,0
1288,A,42,31000.0,6.1,0.278,0,1,0
1289,A,38,22200.0,9.6,0.295,1,3,0
1290,A,64,65400.0,14.1,0.326,0,1,0
1291,B,23,43000.0,6.8,0.69,2,3,1
1292,A,29,77300.0,10.0,0.088,1,3,0
1293,A,47,34400.0,4.9,0.26,0,4,0
1294,A,40,51100.0,11.3,0.298,0,1,0
1295,A,42,35600.0,11.4,0.281,0,3,0
1296,A,49,28400.0,11.3,0.325,0,1,0
1297,A,27,90700.0,9.3,0.19,0,1,0
1298,A,27,48700.0,8.9,0.386,0,1,0
1299,A,27,45900.0,3.9,0.258,0,3,0
1300,A,21,51000.0,5.5,0.416,1,1,0
1301,A,46,81900.0,6.6,0.405,0,3,0
1302,B,33,77000.0,8.0,0.452,0,4,0
1303,B,32,40400.0,2.1,0.367,0,5,0
1304,A,51,42900.0,15.2,0.234,1,1,0
1305,A,41,38200.0,12.5,0.395,0,3,0
1306,A,38,23900.0,9.4,0.246,0,4,0
1307,A,27,36100.0,5.5,0.428,0,4,1
1308,A,32,29100.0,11.0,0.417,0,4,0
1309,A,57,44100.0,8.3,0.408,0,4,0
1310,A,44,41600.0,13.3,0.341,0,5,0
1311,A,51,41200.0,5.1,0.344,0,2,0
1312,B,50,21200.0,3.5,0.393,0,4,0
1313,A,52,54400.0,7.8,0.306,0,4,0
1314,A,39,32900.0,6.5,0.268,0,3,0
1315,A,29,56700.0,7.4,0.421,0,4,0
1316,A,42,57900.0,12.7,0.138,0,1,0
1317,B,46,59600.0,3.1,0.563,2,3,1
1318,A,44,26000.0,3.4,0.077,0,3,0
1319,A,34,30600.0,9.5,0.458,0,3,0
1320,B,36,38700.0,5.8,0.255,2,3,0
1321,B,25,13900.0,2.6,0.386,0,5,1
1322,A,28,43600.0,8.7,0.295,0,1,0
1323,A,44,42100.0,13.8,0.35,1,5,0
1324,A,52,40400.0,10.2,0.487,2,2,0
1325,B,49,32600.0,1.5,0.348,1,5,0
1326,A,27,43500.0,9.4,0.497,0,1,1
1327,A,41,68000.0,4.4,0.314,0,1,0
1328,B,49,45700.0,1.5,0.256,0,3,0
1329,A,30,33400.0,9.7,0.405,0,1,0
1330,A,39,46900.0,6.9,0.278,0,2,0
1331,A,33,40500.0,17.2,0.496,0,2,0
1332,B,36,33900.0,8.5,0.416,1,5,0
1333,A,44,61000.0,16.4,0.426,1,3,0
1334,B,21,44700.0,1.8,0.312,2,4,0
1335,B,39,29700.0,13.2,0.286,0,2,0
1336,A,44,30400.0,3.8,0.308,0,4,0
1337,A,55,43500.0,6.0,0.265,0,2,0
1338,B,21,29700.0,25.7,0.308,0,3,0
1339,B,60,17400.0,3.0,0.24,1,3,1
1340,A,57,20600.0,19.1,0.074,0,1,0
1341,A,26,15100.0,6.5,0.167,0,1,0
1342,A,21,23300.0,15.7,0.479,0,2,0
1343,A,26,25700.0,14.9,0.277,1,3,0
1344,A,57,30900.0,6.3,0.033,0,2,0
1345,A,45,60200.0,14.0,0.301,0,3,0
1346,A,21,23200.0,5.0,0.361,0,2,0
1347,B,44,44800.0,3.5,0.382,0,3,0
1348,B,42,49200.0,3.6,0.347,2,4,0
1349,A,37,32300.0,11.3,0.363,1,3,0
1350,A,52,65300.0,7.0,0.382,0,1,0
1351,A,33,27000.0,12.3,0.348,1,1,1
1352,B,61,25700.0,6.3,0.384,0,2,0
1353,B,32,44300.0,7.7,0.2,2,2,0
1354,A,47,29700.0,18.3,0.402,0,1,0
1355,B,71,22800.0,4.3,0.51,1,4,0
1356,B,21,20000.0,2.2,0.332,1,4,0
1357,A,47,63800.0,3.2,0.283,0,3,0
1358,B,34,38700.0,1.5,0.191,0,4,0
1359,A,39,59700.0,4.9,0.388,0,2,0
1360,A,43,53300.0,3.9,0.362,1,3,0
1361,A,40,45900.0,6.3,0.41,1,3,0
1362,B,26,50600.0,10.2,0.416,0,5,0
1363,A,58,26600.0,25.3,0.214,0,2,0
1364,B,24,14400.0,4.2,0.369,1,2,1
1365,A,53,20600.0,2.5,0.381,0,5,0
1366,B,45,40100.0,8.7,0.327,1,5,0
1367,A,35,44600.0,4.8,0.364,0,1,0
1368,A,50,49100.0,8.8,0.527,0,2,0
1369,A,51,37900.0,6.4,0.255,1,5,0
1370,A,56,25400.0,4.6,0.416,0,2,0
1371,B,42,19000.0,5.7,0.175,1,5,0
1372,A,24,37100.0,19.5,0.504,1,3,1
1373,B,49,51900.0,7.7,0.029,0,5,0
1374,A,24,30000.0,11.3,0.219,0,2,0
1375,A,34,27200.0,10.7,0.288,0,2,0
1376,B,53,21600.0,2.0,0.409,0,2,0
1377,A,41,47800.0,13.3,0.452,0,4,0
1378,A,45,34000.0,15.9,0.192,0,1,0
1379,A,40,25300.0,8.6,0.334,0,4,0
1380,B,37,21700.0,3.4,0.497,0,2,0
1381,A,36,35000.0,14.9,0.427,1,2,0
1382,A,35,26000.0,8.1,0.39,1,1,0
1383,A,36,51200.0,3.9,0.093,0,2,0
1384,A,64,49400.0,15.7,0.282,0,1,0
1385,A,30,76700.0,11.1,0.421,0,2,0
1386,B,36,22600.0,9.6,0.291,0,5,0
1387,A,30,46100.0,2.9,0.459,0,3,0
1388,B,42,26400.0,8.7,0.503,0,3,0
1389,B,34,54500.0,0.4,0.342,0,4,0
1390,A,40,66300.0,11.5,0.43,0,1,0
1391,A,57,35000.0,10.4,0.255,2,2,0
1392,A,37,59800.0,19.7,0.188,1,2,0
1393,B,21,39400.0,2.1,0.484,0,5,0
1394,A,29,64800.0,11.9,0.158,1,2,0
1395,A,36,32000.0,17.8,0.361,0,2,0
1396,A,24,43300.0,7.6,0.476,0,4,1
1397,A,70,55900.0,11.6,0.176,1,4,0
1398,A,42,51700.0,12.3,0.265,1,1,0
1399,A,42,25200.0,5.2,0.285,2,5,0
1400,A,54,24400.0,8.2,0.277,2,3,0
1401,A,30,33400.0,6.1,0.156,1,2,1
1402,A,21,20500.0,4.5,0.158,2,1,1
1403,A,46,47000.0,3.6,0.366,0,1,0
1404,B,31,40000.0,2.9,0.448,2,4,1
1405,A,46,20300.0,13.7,0.301,1,2,0
1406,B,42,59900.0,1.6,0.224,0,3,0
1407,A,27,36500.0,9.2,0.329,2,4,0
1408,A,48,64500.0,21.2,0.395,1,5,0
1409,A,49,25500.0,7.3,0.26,0,1,0
1410,A,48,50200.0,9.7,0.133,1,5,0
1411,A,35,25000.0,8.1,0.161,0,1,0
1412,B,50,33300.0,1.5,0.277,1,5,1
1413,A,47,49200.0,26.1,0.588,0,2,1
1414,A,22,22000.0,5.2,0.411,0,2,0
1415,B,31,20200.0,3.4,0.174,1,5,0
1416,B,42,46000.0,4.1,0.192,0,3,0
1417,B,27,28300.0,12.7,0.586,1,5,0
1418,A,58,39300.0,3.2,0.342,0,2,0
1419,A,49,53800.0,14.7,0.184,0,3,0
1420,A,21,32700.0,9.2,0.173,0,3,0
1421,A,22,41000.0,2.8,0.416,0,1,1
1422,A,51,48700.0,4.3,0.109,1,3,0
1423,B,41,28100.0,4.7,0.244,0,4,0
1424,B,62,30800.0,7.3,0.214,0,4,0
1425,A,42,37800.0,4.5,0.351,1,3,0
1426,A,50,34900.0,3.5,0.363,0,4,0
1427,B,37,42700.0,5.8,0.121,1,5,0
1428,B,45,46200.0,4.1,0.208,1,4,0
1429,B,44,32800.0,3.1,0.406,0,3,0
1430,A,28,37200.0,3.3,0.431,0,2,0
1431,A,63,35800.0,4.0,0.244,0,2,0
1432,B,39,35100.0,2.7,0.45,1,3,0
1433,A,33,72900.0,8.7,0.145,0,1,0
1434,A,55,43000.0,13.4,0.572,0,3,0
1435,A,30,31800.0,8.1,0.44,0,4,0
1436,A,35,58100.0,9.1,0.41,1,1,0
1437,A,59,22800.0,5.8,0.274,0,1,0
1438,A,31,32700.0,5.5,0.073,1,2,0
1439,A,43,106100.0,7.2,0.438,1,1,0
1440,B,51,37500.0,2.6,0.457,1,3,1
1441,A,61,25300.0,15.0,0.462,1,1,0
1442,B,60,42200.0,1.8,0.375,0,3,1
1443,B,44,34100.0,13.6,0.529,1,4,0
1444,B,51,40600.0,1.5,0.208,0,4,0
1445,A,66,39800.0,5.0,0.364,0,2,0
1446,A,32,38700.0,8.8,0.151,2,5,0
1447,B,43,33600.0,8.4,0.126,0,4,0
1448,A,32,57200.0,13.8,0.533,1,1,0
1449,B,56,29100.0,5.0,0.361,0,2,0
1450,A,49,33700.0,6.9,0.336,1,3,1
1451,B,39,19400.0,2.6,0.53,0,5,0
1452,A,39,73900.0,4.8,0.213,0,1,0
1453,A,36,70500.0,7.6,0.508,0,1,0
1454,B,42,33600.0,8.1,0.61,2,2,1
1455,A,47,30700.0,15.7,0.264,0,2,0
1456,A,34,36300.0,4.5,0.02,0,1,0
1457,B,53,36700.0,6.0,0.408,0,5,0
1458,B,38,74500.0,2.5,0.441,1,2,0
1459,A,40,81900.0,23.8,0.333,1,1,0
1460,A,27,55700.0,9.3,0.446,1,2,0
1461,A,21,23800.0,16.8,0.519,0,2,0
1462,A,21,49600.0,8.0,0.317,0,2,0
1463,A,37,23400.0,10.3,0.286,1,1,0
1464,A,39,28700.0,9.2,0.293,0,2,0
1465,B,32,20000.0,3.7,0.297,0,4,0
1466,A,46,42700.0,5.5,0.07,0,3,0
1467,A,50,70200.0,8.3,0.332,0,4,0
1468,B,59,22300.0,1.4,0.212,0,2,0
1469,A,46,36800.0,2.3,0.365,1,1,0
1470,A,43,42800.0,7.3,0.291,0,2,0
1471,A,46,31600.0,13.0,0.275,0,3,0
1472,A,55,47100.0,10.5,0.134,1,3,0
1473,B,28,32600.0,9.8,0.338,1,4,1
1474,A,28,39600.0,7.7,0.406,0,2,0
1475,B,50,25600.0,3.1,0.443,1,5,0
1476,A,35,77400.0,3.5,0.202,0,1,0
1477,B,48,38600.0,6.7,0.435,2,5,1
1478,B,48,18300.0,10.9,0.365,0,4,1
1479,A,43,30000.0,5.0,0.228,0,2,0
1480,A,68,30400.0,7.0,0.279,1,5,0
1481,A,29,41900.0,4.1,0.206,1,4,0
1482,A,21,39300.0,16.1,0.121,2,2,0
1483,A,31,27800.0,3.8,0.454,0,3,1
1484,B,38,16900.0,5.3,0.326,1,3,0
1485,A,30,37600.0,10.8,0.189,0,2,0
1486,A,49,24700.0,16.1,0.282,0,4,0
1487,B,60,55000.0,1.9,0.367,1,4,0
1488,A,65,78400.0,11.4,0.201,0,1,0
1489,B,31,9400.0,1.2,0.575,0,2,1
1490,A,67,18100.0,20.0,0.291,0,3,0
1491,A,48,16000.0,8.3,0.477,0,1,0
1492,A,48,18700.0,4.7,0.391,0,1,0
1493,B,31,47100.0,11.3,0.342,0,4,0
1494,B,21,41100.0,25.1,0.207,2,4,0
1495,A,48,39000.0,5.7,0.3,1,1,0
1496,A,45,37300.0,11.0,0.636,0,1,0
1497,B,46,43400.0,1.9,0.462,0,3,0
1498,A,44,55600.0,6.5,0.377,0,1,1
1499,B,54,47000.0,4.0,0.394,0,4,0
1500,A,33,24100.0,11.7,0.282,2,1,0
1501,A,30,24400.0,14.8,0.299,1,2,0
1502,A,54,25100.0,12.3,0.378,0,2,0
1503,B,23,26000.0,6.3,0.353,0,1,0
1504,B,45,31100.0,1.3,0.269,0,1,0
1505,B,48,37100.0,11.5,0.543,0,5,0
1506,A,23,45300.0,9.2,0.164,0,3,0
1507,A,50,23400.0,11.6,0.262,1,2,0
1508,A,57,24200.0,18.5,0.171,0,3,0
1509,B,54,34700.0,9.2,0.432,0,2,0
1510,A,36,92400.0,5.9,0.242,1,2,0
1511,A,32,31000.0,7.5,0.488,1,3,0
1512,B,21,23200.0,8.5,0.294,2,3,0
1513,A,50,73200.0,6.8,0.042,0,5,0
1514,B,33,30700.0,2.4,0.152,0,5,0
1515,B,50,40300.0,7.0,0.564,2,4,1
1516,A,55,41100.0,8.8,0.444,0,2,0
1517,B,29,60500.0,9.0,0.285,0,2,0
1518,B,23,30200.0,4.2,0.19,0,4,0
1519,A,48,54200.0,4.6,0.268,0,3,0
1520,A,39,37600.0,12.9,0.527,0,2,0
1521,A,43,46100.0,7.2,0.494,0,3,0
1522,A,46,24700.0,8.1,0.41,0,2,0
1523,B,42,42200.0,2.6,0.393,0,4,0
1524,A,45,41400.0,5.5,0.37,0,5,0
1525,A,35,36300.0,4.3,0.508,1,1,0
1526,B,44,35900.0,3.7,0.264,0,2,0
1527,A,34,35200.0,7.8,0.271,0,3,0
1528,A,50,66700.0,4.4,0.14,0,1,0
1529,A,52,33300.0,17.6,0.433,1,5,0
1530,A,59,27100.0,5.7,0.464,1,2,1
1531,A,39,60000.0,16.9,0.193,0,3,0
1532,A,24,58100.0,4.5,0.287,0,3,0
1533,A,42,59000.0,2.8,0.392,0,3,0
1534,A,38,28900.0,4.5,0.48,1,1,0
1535,B,64,38200.0,0.9,0.234,1,5,0
1536,A,29,40600.0,7.3,0.424,0,2,0
1537,A,35,35800.0,6.7,0.521,0,1,0
1538,A,51,65000.0,5.7,0.535,0,4,0
1539,A,44,34100.0,12.2,0.465,0,5,0
1540,B,40,34300.0,3.1,0.5,2,4,1
1541,A,48,32000.0,2.2,0.299,1,1,0
1542,B,55,62200.0,7.9,0.199,0,4,0
1543,A,29,35400.0,17.1,0.461,1,3,1
1544,A,32,42500.0,6.8,0.177,1,3,0
1545,A,61,46900.0,11.6,0.451,0,4,0
1546,B,41,40800.0,3.7,0.315,0,2,0
1547,A,34,59200.0,6.9,0.169,1,3,0
1548,A,50,41900.0,6.3,0.423,1,2,1
1549,A,58,40000.0,16.3,0.361,0,1,0
1550,A,33,54800.0,6.4,0.353,0,4,0
1551,B,47,84500.0,5.6,0.319,0,4,0
1552,A,55,50000.0,16.8,0.243,1,3,0
1553,A,75,137000.0,15.6,0.352,0,4,0
1554,B,36,25200.0,4.3,0.349,1,2,0
1555,A,36,44200.0,10.3,0.321,1,2,0
1556,A,42,29800.0,16.5,0.631,0,4,0
1557,A,31,26600.0,17.1,0.397,0,4,0
1558,A,26,52600.0,1.7,0.252,1,4,0
1559,B,57,71300.0,5.8,0.271,0,4,0
1560,A,21,85300.0,13.9,0.236,0,2,0
1561,B,32,33100.0,2.2,0.259,0,2,0
1562,A,42,38600.0,6.7,0.338,0,4,0
1563,A,36,91700.0,4.9,0.445,0,3,0
1564,A,31,51000.0,17.4,0.452,1,3,0
1565,A,33,26700.0,12.4,0.603,0,1,0
1566,A,32,23600.0,6.4,0.097,0,2,0
1567,B,39,24800.0,8.1,0.437,1,2,0
1568,A,32,29000.0,5.0,0.261,2,2,1
1569,A,41,37800.0,2.3,0.236,0,3,0
1570,A,43,26300.0,11.1,0.231,0,2,0
1571,B,53,66100.0,0.5,0.182,1,5,0
1572,B,43,36100.0,4.1,0.273,0,5,0
1573,B,41,41600.0,2.3,0.699,0,5,0
1574,B,31,44000.0,2.6,0.255,0,3,0
1575,A,43,28600.0,6.6,0.283,0,4,0
1576,A,41,33700.0,3.9,0.157,0,3,0
1577,A,43,44400.0,16.2,0.354,1,4,0
1578,A,41,20700.0,7.8,0.258,1,3,0
1579,A,43,23200.0,19.2,0.022,0,5,0
1580,A,38,64500.0,8.2,0.251,1,2,0
1581,B,56,33100.0,6.2,0.355,2,5,0
1582,A,50,45700.0,9.7,0.06,0,2,0
1583,A,48,39800.0,6.7,0.356,0,1,0
1584,B,37,34400.0,1.9,0.229,0,4,0
1585,B,31,46000.0,2.6,0.254,0,2,0
1586,B,48,28200.0,3.2,0.332,1,2,1
1587,A,29,45500.0,4.1,0.249,1,2,0
1588,A,35,38500.0,10.7,0.147,0,3,0
1589,A,31,24000.0,8.3,0.263,0,1,0
1590,A,22,27400.0,8.2,0.378,1,1,0
1591,B,52,29800.0,11.5,0.367,0,3,0
1592,A,40,65200.0,8.3,0.563,1,3,0
1593,A,41,45200.0,18.4,0.238,0,1,0
1594,A,47,23800.0,8.5,0.25,1,5,0
1595,A,31,73800.0,15.3,0.274,0,3,0
1596,A,42,62900.0,7.6,0.38,0,5,0
1597,A,40,28100.0,14.4,0.359,0,1,0
1598,A,33,24700.0,7.6,0.412,0,2,0
1599,A,27,39200.0,17.9,0.378,0,3,0
1600,A,36,43400.0,8.7,0.384,1,1,0
1601,A,43,40500.0,7.6,0.409,1,2,0
1602,A,36,51300.0,9.4,0.141,0,3,0
1603,B,45,15700.0,4.0,0.537,0,5,1
1604,A,38,41700.0,6.6,0.174,0,1,1
1605,B,38,14400.0,5.1,0.217,1,5,1
1606,A,47,30100.0,3.9,0.538,1,2,0
1607,A,40,27100.0,12.9,0.081,0,3,0
1608,B,37,22500.0,2.2,0.544,0,5,1
1609,A,37,40500.0,4.3,0.252,0,1,0
1610,B,35,25700.0,5.2,0.267,0,4,0
1611,A,55,34200.0,5.1,0.261,0,5,0
1612,B,49,58000.0,3.3,0.12,0,3,0
1613,A,24,39200.0,5.7,0.201,1,1,0
1614,A,58,36100.0,3.9,0.282,2,2,0
1615,A,43,48000.0,6.5,0.33,0,4,0
1616,A,31,39900.0,6.7,0.221,1,5,0
1617,B,41,18400.0,8.3,0.42,0,3,0
1618,A,36,32300.0,8.8,0.297,1,1,0
1619,A,50,56800.0,14.5,0.233,0,2,0
1620,B,33,38000.0,18.4,0.264,0,5,0
1621,B,42,19800.0,9.2,0.53,0,4,0
1622,B,75,35800.0,7.9,0.319,3,5,0
1623,A,21,52200.0,7.4,0.244,0,1,0
1624,B,59,32700.0,7.0,0.342,0,3,0
1625,B,47,29700.0,5.1,0.542,1,5,0
1626,A,46,31200.0,6.0,0.122,0,3,0
1627,A,42,51800.0,12.5,0.314,0,2,0
1628,B,38,15200.0,2.6,0.104,0,4,0
1629,A,51,35100.0,9.5,0.294,2,3,1
1630,B,39,41100.0,9.1,0.229,0,5,0
1631,A,60,33100.0,8.0,0.308,0,4,0
1632,A,40,40100.0,2.5,0.235,1,1,0
1633,A,39,37700.0,3.0,0.164,1,1,0
1634,A,55,44800.0,15.6,0.242,2,2,0
1635,A,58,47700.0,7.0,0.412,0,2,0
1636,A,30,36200.0,8.1,0.483,0,2,0
1637,A,36,56100.0,7.5,0.296,1,5,0
1638,B,50,67400.0,2.1,0.423,0,4,0
1639,A,45,39300.0,16.6,0.412,2,5,0
1640,A,49,59300.0,9.7,0.322,0,2,0
1641,A,36,31900.0,8.3,0.463,0,1,0
1642,A,37,35300.0,7.8,0.279,0,1,0
1643,A,21,55500.0,10.3,0.104,0,1,0
1644,A,33,42500.0,1.7,0.355,0,3,0
1645,A,56,31200.0,15.2,0.214,0,3,0
1646,A,29,28400.0,21.4,0.152,0,1,0
1647,A,21,65000.0,21.9,0.359,1,4,0
1648,A,27,31100.0,6.2,0.539,1,4,1
1649,A,42,30300.0,5.4,0.407,0,1,0
1650,B,54,33900.0,8.5,0.282,1,3,0
1651,A,24,74900.0,6.8,0.073,1,2,0
1652,A,38,26900.0,22.0,0.394,0,2,0
1653,A,44,58700.0,8.1,0.36,0,3,0
1654,A,47,16600.0,8.4,0.421,0,1,0
1655,B,34,55000.0,4.7,0.527,1,3,0
1656,B,59,70900.0,9.6,0.303,0,4,0
1657,A,45,30500.0,18.7,0.158,0,1,0
1658,B,28,13500.0,6.7,0.555,1,5,1
1659,A,43,50400.0,15.5,0.534,0,3,0
1660,A,47,51100.0,5.6,0.271,1,5,0
1661,B,41,47300.0,1.9,0.227,3,3,0
1662,A,56,73900.0,12.9,0.065,1,2,0
1663,B,35,21500.0,5.9,0.305,0,2,0
1664,A,37,19100.0,4.8,0.037,1,4,0
1665,A,28,75400.0,28.4,0.315,1,3,0
1666,B,21,24300.0,1.8,0.476,1,5,0
1667,A,55,52500.0,7.9,0.214,1,4,0
1668,A,40,18000.0,13.8,0.061,0,1,0
1669,B,28,25500.0,8.2,0.267,0,5,1
1670,A,58,40900.0,7.0,0.325,2,3,1
1671,A,31,22300.0,14.5,0.378,1,5,0
1672,A,49,27500.0,5.2,0.268,0,1,0
1673,A,34,21300.0,14.7,0.251,1,2,0
1674,B,36,65400.0,5.3,0.456,2,5,0
1675,A,22,31800.0,16.4,0.444,1,2,0
1676,A,38,45700.0,16.1,0.181,0,3,0
1677,B,48,40800.0,7.3,0.481,1,4,0
1678,B,46,28300.0,6.5,0.314,1,3,0
1679,B,49,33700.0,7.1,0.293,0,3,1
1680,A,29,23000.0,5.4,0.178,0,2,0
1681,B,48,49800.0,10.9,0.094,0,3,0
1682,B,66,55200.0,5.7,0.473,0,4,0
1683,B,37,38600.0,0.6,0.448,0,5,1
1684,A,53,55900.0,2.9,0.128,1,1,0
1685,A,41,51300.0,6.9,0.046,2,4,0
1686,B,58,35500.0,4.4,0.458,0,5,0
1687,A,45,32600.0,3.7,0.465,0,3,0
1688,B,44,33500.0,4.6,0.11,1,3,0
1689,A,56,29600.0,17.1,0.584,0,5,0
1690,A,24,42900.0,13.6,0.125,0,5,0
1691,A,23,59000.0,17.0,0.384,1,2,1
1692,B,49,20900.0,2.3,0.065,0,5,0
1693,A,26,30600.0,4.8,0.391,1,3,0
1694,A,31,21200.0,15.2,0.417,1,3,0
1695,A,42,40600.0,11.1,0.308,0,2,0
1696,B,63,23800.0,2.8,0.276,0,4,0
1697,B,51,11000.0,1.8,0.405,0,2,1
1698,A,28,42500.0,7.0,0.48,0,4,0
1699,A,44,23100.0,8.9,0.311,0,2,0
1700,A,28,21100.0,7.3,0.439,0,3,0
1701,A,32,54500.0,8.3,0.105,0,5,1
1702,A,36,47400.0,11.0,0.054,1,2,0
1703,B,39,10800.0,5.6,0.339,0,4,0
1704,A,35,48500.0,30.0,0.404,0,2,0
1705,B,66,35900.0,4.4,0.465,0,4,0
1706,A,45,47700.0,3.3,0.215,1,2,0
1707,B,40,45100.0,0.4,0.258,3,2,0
1708,A,63,48400.0,11.3,0.145,1,2,0
1709,A,29,16000.0,22.5,0.123,0,4,0
1710,A,42,40800.0,29.8,0.411,0,2,0
1711,A,30,22900.0,6.1,0.205,0,1,0
1712,A,54,24900.0,24.9,0.331,0,4,0
1713,A,40,36900.0,7.9,0.339,1,2,0
1714,B,54,41900.0,7.4,0.509,2,5,0
1715,B,47,31200.0,3.7,0.275,1,5,0
1716,B,48,39000.0,4.6,0.44,0,5,0
1717,B,49,60300.0,7.2,0.207,0,4,0
1718,B,44,40400.0,0.9,0.419,0,5,0
1719,A,37,27900.0,4.1,0.514,1,1,1
1720,A,35,104900.0,8.9,0.386,0,2,0
1721,B,27,36400.0,4.7,0.218,0,5,0
1722,A,37,28500.0,8.8,0.08,0,3,0
1723,B,61,39500.0,4.1,0.358,0,4,0
1724,A,29,27000.0,18.9,0.258,0,1,0
1725,A,32,85300.0,21.3,0.668,0,2,0
1726,B,25,52900.0,2.8,0.501,1,1,0
1727,A,47,41800.0,10.9,0.303,0,3,0
1728,A,43,89500.0,15.2,0.424,0,1,0
1729,A,32,23300.0,4.4,0.226,1,2,0
1730,A,39,44000.0,12.3,0.352,0,4,0
1731,A,21,44600.0,11.3,0.507,1,1,0
1732,B,54,58400.0,12.7,0.376,0,3,0
1733,B,75,30200.0,8.1,0.55,1,5,0
1734,B,60,39900.0,1.0,0.245,1,4,0
1735,B,33,29100.0,1.1,0.398,1,4,1
1736,B,71,23800.0,1.1,0.203,0,5,0
1737,A,49,28800.0,17.3,0.32,0,3,0
1738,A,21,30300.0,5.3,0.387,0,1,0
1739,A,45,66300.0,8.3,0.384,0,2,0
1740,A,38,44600.0,7.9,0.535,0,1,0
1741,A,55,42800.0,12.6,0.136,0,5,0
1742,A,36,50300.0,2.3,0.214,1,2,0
1743,B,40,34300.0,4.7,0.258,2,4,0
1744,B,29,12300.0,8.4,0.523,0,1,0
1745,A,61,27900.0,12.8,0.462,3,2,1
1746,A,43,31900.0,9.8,0.261,0,2,0
1747,A,37,42600.0,6.9,0.267,0,2,0
1748,A,60,66000.0,7.4,0.399,0,1,1
1749,A,66,27800.0,7.8,0.384,0,4,0
1750,A,24,33600.0,6.4,0.431,0,3,0
1751,A,36,32700.0,3.9,0.332,1,2,1
1752,A,36,84900.0,21.0,0.076,1,1,0
1753,A,49,35900.0,8.7,0.458,0,1,0
1754,B,45,28800.0,1.6,0.106,0,5,0
1755,A,40,26000.0,5.2,0.427,0,2,1
1756,B,37,45900.0,8.5,0.646,0,4,0
1757,B,45,33700.0,3.3,0.195,0,4,0
1758,A,21,59500.0,6.2,0.453,0,4,0
1759,A,30,47500.0,3.0,0.473,2,3,0
1760,B,51,44300.0,12.7,0.297,0,3,0
1761,B,51,31400.0,8.4,0.591,1,1,0
1762,A,46,43600.0,11.5,0.425,0,3,0
1763,A,41,48400.0,5.8,0.347,0,3,0
1764,A,50,45600.0,7.5,0.473,1,3,0
1765,B,33,39000.0,6.0,0.423,0,5,0
1766,A,24,45900.0,5.0,0.206,0,2,0
1767,A,44,35100.0,12.0,0.102,0,3,0
1768,A,36,19300.0,8.1,0.12,0,2,0
1769,B,30,46400.0,8.6,0.558,1,4,0
1770,A,57,76800.0,7.7,0.423,0,1,0
1771,A,48,29000.0,5.5,0.243,1,2,1
1772,A,53,32000.0,10.4,0.162,0,1,0
1773,B,33,38400.0,6.4,0.186,0,5,0
1774,B,51,30300.0,7.8,0.336,1,4,0
1775,A,35,37900.0,13.7,0.523,0,4,1
1776,A,39,50600.0,10.5,0.129,2,1,0
1777,A,57,68000.0,3.6,0.439,1,3,0
1778,A,44,41600.0,7.1,0.264,1,2,0
1779,B,40,42900.0,12.6,0.439,2,4,0
1780,A,48,160900.0,5.6,0.324,1,3,0
1781,A,29,33700.0,13.0,0.35,0,1,0
1782,A,27,57700.0,9.5,0.36,0,3,0
1783,A,59,36200.0,16.3,0.334,0,5,0
1784,B,45,66100.0,5.0,0.179,0,3,0
1785,B,31,22500.0,10.3,0.056,1,3,0
1786,A,35,21400.0,4.5,0.454,0,4,1
1787,A,21,40400.0,7.5,0.269,0,3,0
1788,A,54,31000.0,7.2,0.305,0,3,0
1789,B,21,33500.0,3.4,0.113,1,5,0
1790,A,53,70300.0,8.0,0.389,1,2,0
1791,A,39,44200.0,5.3,0.025,0,3,0
1792,A,38,23700.0,11.1,0.36,0,1,0
1793,A,43,23600.0,25.2,0.343,1,1,0
1794,A,45,56700.0,10.1,0.188,0,5,0
1795,A,23,36900.0,9.7,0.083,1,1,0
1796,A,39,42000.0,8.8,0.552,0,1,0
1797,A,32,47900.0,12.6,0.595,1,2,0
1798,B,31,15900.0,3.1,0.042,0,4,1
1799,A,40,61800.0,6.1,0.253,1,4,0
1800,A,31,67900.0,8.1,0.269,0,2,0
1801,A,34,54000.0,4.6,0.454,0,2,0
1802,A,54,51700.0,17.1,0.335,0,2,0
1803,B,51,15700.0,8.8,0.357,1,2,0
1804,A,21,63100.0,6.4,0.431,0,1,0
1805,A,57,63700.0,5.9,0.407,0,1,0
1806,A,42,37400.0,11.2,0.495,2,1,0
1807,A,58,39700.0,13.2,0.34,0,4,0
1808,B,49,30100.0,13.1,0.409,1,2,0
1809,A,27,25500.0,9.4,0.231,0,1,0
1810,A,62,36300.0,11.9,0.382,1,2,0
1811,A,46,41800.0,6.4,0.433,0,2,0
1812,A,44,27400.0,15.7,0.111,0,2,0
1813,A,28,51700.0,7.2,0.322,0,1,0
1814,A,21,42100.0,10.2,0.344,0,3,0
1815,A,48,23000.0,11.9,0.464,1,3,0
1816,A,40,49600.0,21.6,0.461,0,5,0
1817,B,44,28000.0,5.8,0.461,1,4,0
1818,B,44,34600.0,1.8,0.312,0,5,0
1819,B,60,45800.0,0.4,0.219,1,4,0
1820,A,51,40900.0,4.9,0.317,3,4,1
1821,A,53,60900.0,1.8,0.393,0,2,0
1822,A,21,25700.0,8.5,0.02,0,3,0
1823,A,50,40200.0,9.6,0.259,2,3,0
1824,A,32,26300.0,15.2,0.202,1,3,0
1825,A,47,30000.0,6.8,0.555,0,1,0
1826,A,51,20500.0,7.7,0.519,0,1,0
1827,B,61,32800.0,6.1,0.051,2,4,0
1828,B,50,26000.0,2.6,0.416,1,4,0
1829,A,56,48700.0,9.0,0.044,0,2,0
1830,A,39,41600.0,8.1,0.412,0,5,0
1831,A,54,15900.0,19.7,0.114,1,3,0
1832,B,61,47600.0,4.3,0.325,1,5,0
1833,A,29,77500.0,7.1,0.397,0,5,0
1834,A,52,38800.0,5.8,0.303,0,4,0
1835,B,53,22800.0,5.8,0.222,0,4,0
1836,A,49,25800.0,9.9,0.043,0,2,0
1837,B,46,12300.0,10.3,0.413,1,3,1
1838,A,47,61100.0,4.2,0.283,1,5,1
1839,A,56,36600.0,9.7,0.341,0,1,0
1840,A,35,39600.0,12.8,0.208,4,2,0
1841,A,60,61100.0,7.6,0.372,0,2,0
1842,B,41,43700.0,2.0,0.346,0,4,0
1843,B,29,40600.0,2.3,0.273,0,4,0
1844,A,41,45000.0,11.3,0.229,1,3,0
1845,A,33,44300.0,6.6,0.269,0,2,0
1846,A,29,42700.0,15.7,0.155,0,1,0
1847,B,43,35100.0,1.6,0.442,1,3,0
1848,A,48,47800.0,6.2,0.275,1,2,0
1849,B,50,24800.0,5.3,0.416,1,5,0
1850,A,21,35000.0,3.8,0.302,1,2,1
1851,B,32,18100.0,2.0,0.306,0,1,0
1852,A,69,97800.0,5.8,0.326,0,1,0
1853,A,51,36600.0,5.6,0.296,0,2,0
1854,A,60,51900.0,9.2,0.506,1,1,0
1855,A,46,35400.0,4.2,0.412,0,3,1
1856,A,43,38800.0,8.9,0.318,1,2,0
1857,A,44,33600.0,9.1,0.349,1,3,0
1858,A,32,98100.0,3.5,0.233,0,3,0
1859,A,34,38500.0,2.9,0.247,0,2,0
1860,A,51,40500.0,11.7,0.037,1,4,0
1861,A,42,22400.0,1.8,0.377,0,1,1
1862,A,34,33100.0,5.4,0.339,0,3,0
1863,A,46,28100.0,6.0,0.257,0,2,0
1864,B,41,14500.0,6.8,0.175,1,4,1
1865,B,30,36000.0,2.5,0.447,0,5,0
1866,A,48,39100.0,12.4,0.45,1,1,0
1867,A,29,16500.0,7.7,0.193,1,2,0
1868,A,38,47700.0,6.7,0.43,0,1,0
1869,A,29,20500.0,10.0,0.233,0,1,0
1870,A,53,45500.0,5.7,0.319,0,1,0
1871,A,53,31200.0,9.6,0.276,0,2,0
1872,B,42,56500.0,6.5,0.15,0,5,0
1873,A,21,89900.0,10.8,0.292,1,3,0
1874,B,50,17600.0,3.3,0.654,0,3,1
1875,A,41,19300.0,13.2,0.32,0,3,0
1876,B,51,59900.0,2.2,0.291,0,5,0
1877,A,34,37300.0,13.4,0.43,0,2,1
1878,A,28,138200.0,6.0,0.638,2,1,1
1879,B,21,34000.0,5.5,0.664,0,5,0
1880,A,69,32400.0,14.1,0.368,0,1,0
1881,A,21,23200.0,8.6,0.227,0,3,0
1882,A,55,48400.0,6.0,0.142,0,2,0
1883,A,56,66800.0,2.1,0.481,0,3,0
1884,A,37,50600.0,19.1,0.378,0,2,0
1885,A,41,46000.0,6.9,0.339,1,2,0
1886,A,55,19600.0,8.3,0.266,0,1,0
1887,A,30,40600.0,3.8,0.33,0,1,0
1888,B,35,31100.0,6.2,0.16,2,3,1
1889,A,35,35900.0,7.7,0.316,0,2,0
1890,A,46,29000.0,11.4,0.558,0,4,0
1891,A,51,20500.0,8.4,0.456,1,4,0
1892,A,52,80500.0,7.7,0.544,2,2,0
1893,A,36,44700.0,10.4,0.373,0,3,0
1894,B,39,45500.0,5.3,0.233,0,1,0
1895,A,30,24700.0,6.0,0.251,0,3,0
1896,A,38,30300.0,6.5,0.16,0,2,0
1897,A,55,36100.0,11.8,0.309,1,4,0
1898,A,36,45200.0,5.4,0.239,1,5,0
1899,A,37,30900.0,12.7,0.143,0,1,0
1900,A,42,39200.0,15.9,0.382,0,2,0
1901,B,57,22600.0,1.8,0.381,1,5,1
1902,B,45,42200.0,10.1,0.522,1,4,0
1903,A,46,29200.0,7.7,0.167,0,5,0
1904,A,51,31200.0,14.5,0.188,1,1,0
1905,A,43,32000.0,10.7,0.304,0,1,0
1906,B,49,29300.0,4.5,0.099,0,5,0
1907,A,39,30400.0,11.2,0.251,0,1,0
1908,A,44,32500.0,11.8,0.232,0,5,0
1909,B,35,52800.0,2.4,0.426,0,3,0
1910,B,41,23800.0,13.2,0.361,0,3,0
1911,A,50,54000.0,4.4,0.511,1,2,1
1912,B,38,18100.0,3.9,0.44,1,4,1
1913,A,49,26500.0,12.9,0.534,0,4,0
1914,A,51,67300.0,2.7,0.057,0,3,0
1915,A,21,29600.0,9.3,0.315,0,2,1
1916,A,40,43300.0,4.3,0.367,1,3,0
1917,A,38,23900.0,7.8,0.415,2,2,1
1918,A,30,22200.0,10.9,0.264,1,1,0
1919,A,50,44100.0,13.5,0.265,0,1,0
1920,A,52,82700.0,6.8,0.161,0,1,0
1921,A,44,49600.0,10.5,0.141,0,2,0
1922,B,28,23300.0,2.5,0.282,0,3,0
1923,A,50,18900.0,14.6,0.377,1,3,0
1924,A,52,63500.0,7.6,0.669,1,2,0
1925,B,23,39300.0,11.3,0.648,2,2,0
1926,A,40,47100.0,5.9,0.218,0,2,0
1927,B,38,37800.0,3.8,0.379,0,4,0
1928,A,45,29100.0,4.2,0.201,0,4,0
1929,A,41,30200.0,7.4,0.309,0,3,0
1930,A,30,35800.0,8.4,0.12,2,1,0
1931,A,24,27900.0,10.0,0.29,0,2,0
1932,A,29,36300.0,11.3,0.402,1,4,0
1933,A,21,11900.0,17.3,0.138,0,1,0
1934,A,44,21800.0,11.0,0.21,0,1,0
1935,A,47,26500.0,18.0,0.277,0,3,0
1936,B,57,17500.0,6.3,0.373,0,3,0
1937,A,70,32400.0,6.2,0.251,0,3,0
1938,A,39,49000.0,9.8,0.313,2,2,0
1939,B,36,31300.0,4.0,0.02,0,5,0
1940,A,42,59600.0,4.2,0.316,1,1,0
1941,B,55,24400.0,3.7,0.065,0,4,0
1942,B,35,24200.0,3.0,0.277,0,5,1
1943,A,58,37600.0,6.1,0.494,0,1,0
1944,A,50,33000.0,3.7,0.185,0,3,0
1945,B,43,16700.0,4.6,0.291,2,3,0
1946,A,53,33100.0,8.7,0.108,0,2,0
1947,A,45,55300.0,3.7,0.546,0,4,1
1948,A,40,44100.0,9.6,0.324,0,3,0
1949,A,40,35000.0,4.1,0.258,0,3,0
1950,A,38,26400.0,8.0,0.207,1,3,0
1951,A,30,53600.0,7.3,0.621,0,4,0
1952,A,47,58400.0,10.8,0.466,0,5,0
1953,A,42,47400.0,14.7,0.421,0,3,1
1954,A,44,56000.0,3.6,0.241,0,2,0
1955,A,31,49800.0,15.0,0.167,0,2,0
1956,A,48,39900.0,17.1,0.43,1,1,0
1957,B,42,11000.0,12.5,0.449,0,5,0
1958,B,39,32800.0,9.0,0.347,0,4,1
1959,A,32,32100.0,10.0,0.228,0,2,0
1960,A,49,29600.0,16.9,0.242,0,1,0
1961,A,40,41600.0,4.7,0.305,0,2,0
1962,A,26,24300.0,8.2,0.122,0,1,0
1963,A,44,30500.0,9.9,0.308,2,3,1
1964,A,34,26100.0,4.4,0.339,0,1,0
1965,A,39,63000.0,9.5,0.391,1,1,0
1966,A,30,38100.0,4.3,0.356,0,2,0
1967,A,32,101100.0,6.4,0.285,1,1,0
1968,A,42,48600.0,1.9,0.073,0,3,0
1969,B,54,21500.0,2.1,0.558,1,2,0
1970,B,62,37400.0,5.1,0.471,3,5,1
1971,A,46,45700.0,7.4,0.352,1,4,0
1972,A,31,33800.0,11.5,0.313,1,3,0
1973,A,41,34600.0,8.5,0.324,1,3,0
1974,A,27,107600.0,7.4,0.269,0,2,0
1975,A,49,42500.0,9.7,0.283,1,1,0
1976,B,38,35600.0,0.8,0.341,0,5,0
1977,A,21,20200.0,10.3,0.191,1,1,0
1978,A,28,51800.0,7.6,0.119,0,5,0
1979,A,56,69700.0,5.6,0.369,0,2,0
1980,A,41,26500.0,5.2,0.14,1,2,0
1981,A,32,60800.0,8.8,0.388,1,3,0
1982,A,29,26700.0,6.7,0.401,1,5,0
1983,B,43,32000.0,7.4,0.365,0,3,0
1984,A,41,30500.0,6.2,0.295,1,2,0
1985,A,56,37400.0,4.1,0.397,0,2,0
1986,A,51,34400.0,10.3,0.35,0,3,0
1987,A,46,64600.0,9.2,0.337,0,3,0
1988,A,41,25000.0,8.8,0.287,0,1,0
1989,A,26,46400.0,2.3,0.196,0,4,0
1990,A,49,59300.0,13.7,0.254,0,2,0
1991,A,38,31500.0,14.7,0.176,1,1,0
1992,A,23,31300.0,3.5,0.498,1,3,0
1993,A,44,28200.0,7.8,0.36,1,1,0
1994,A,29,38800.0,20.6,0.12,1,1,0
1995,B,34,32600.0,20.3,0.203,1,1,0
1996,A,28,16800.0,12.6,0.184,0,4,0
1997,B,37,33600.0,2.2,0.532,0,3,0
1998,A,53,53200.0,4.8,0.399,1,4,0
1999,A,36,52300.0,13.9,0.595,1,4,0
2000,A,43,28700.0,7.6,0.43,1,1,0
2001,A,36,32200.0,6.4,0.159,0,4,0
2002,A,32,42400.0,6.9,0.411,1,5,0
2003,B,35,36000.0,2.8,0.364,1,2,0
2004,A,48,40400.0,4.9,0.546,0,1,0
2005,A,50,35300.0,5.4,0.497,0,1,0
2006,A,31,54400.0,10.1,0.448,1,1,0
2007,A,51,39500.0,7.4,0.335,0,4,0
2008,B,35,23900.0,9.0,0.434,1,2,0
2009,A,22,39200.0,13.1,0.322,0,1,0
2010,A,39,28900.0,10.3,0.02,0,2,0
2011,A,42,60300.0,14.2,0.197,0,3,0
2012,A,43,31500.0,13.9,0.359,1,5,0
2013,A,25,28900.0,16.9,0.192,0,3,0
2014,A,32,51600.0,13.1,0.396,1,3,0
2015,B,42,29100.0,5.1,0.368,1,5,1
2016,A,54,64600.0,10.9,0.41,0,1,0
2017,A,36,28700.0,13.3,0.286,0,1,0
2018,A,47,82300.0,4.9,0.282,0,4,0
2019,A,67,32500.0,15.6,0.325,0,2,0
2020,A,35,39300.0,12.2,0.245,1,1,0
2021,B,36,37900.0,6.7,0.175,0,2,0
2022,A,27,63200.0,12.0,0.338,0,5,0
2023,B,55,49700.0,2.8,0.254,0,3,0
2024,A,40,33300.0,7.3,0.755,0,2,1
2025,A,25,62400.0,1.9,0.284,0,1,0
2026,B,47,24100.0,3.1,0.3,0,5,1
2027,A,34,22600.0,21.2,0.417,1,5,0
2028,A,43,25000.0,4.8,0.213,0,2,0
2029,A,38,17900.0,11.8,0.135,1,2,0
2030,A,47,73700.0,11.6,0.344,0,4,0
2031,A,32,57200.0,12.2,0.249,0,2,0
2032,A,40,68400.0,6.7,0.359,0,1,1
2033,A,25,42000.0,1.3,0.094,0,2,0
2034,B,27,26000.0,2.3,0.323,0,3,0
2035,A,29,28800.0,4.0,0.398,0,2,0
2036,A,32,41500.0,7.7,0.172,0,3,0
2037,B,28,24500.0,3.0,0.422,0,4,0
2038,A,46,19500.0,10.6,0.289,0,5,0
2039,A,29,65100.0,11.2,0.358,0,2,0
2040,B,44,56400.0,1.8,0.48,0,4,0
2041,A,49,29600.0,13.8,0.375,1,1,0
2042,A,53,37100.0,5.9,0.509,1,1,0
2043,B,37,27500.0,7.1,0.357,0,3,0
2044,A,33,17900.0,10.0,0.439,0,1,0
2045,A,54,30700.0,5.5,0.321,0,3,0
2046,A,40,35100.0,4.3,0.146,0,4,0
2047,B,52,40700.0,6.0,0.363,0,3,0
2048,A,41,42300.0,3.8,0.538,0,5,0
2049,B,33,21200.0,13.1,0.227,0,5,0
2050,A,44,34900.0,7.8,0.387,0,3,0
2051,A,52,29900.0,3.1,0.516,0,1,1
2052,A,40,29500.0,6.4,0.345,0,4,0
2053,A,49,50400.0,5.5,0.311,1,2,0
2054,B,50,21800.0,8.3,0.355,1,3,0
2055,A,53,32600.0,5.5,0.35,0,1,0
2056,A,25,44100.0,8.4,0.394,0,1,0
2057,A,57,21300.0,11.5,0.4,0,4,0
2058,A,21,57700.0,14.6,0.395,0,1,0
2059,A,51,27000.0,7.9,0.322,0,3,0
2060,A,36,63200.0,7.6,0.453,1,2,0
2061,A,33,31600.0,7.7,0.293,0,1,0
2062,B,23,67500.0,5.3,0.219,0,5,0
2063,A,38,52000.0,7.5,0.415,0,3,0
2064,B,36,30200.0,7.6,0.315,1,3,0
2065,A,41,53500.0,10.1,0.169,0,1,0
2066,A,44,62200.0,14.9,0.412,1,3,0
2067,B,39,10600.0,5.0,0.02,3,3,0
2068,A,29,47600.0,3.0,0.21,0,3,0
2069,B,44,31400.0,4.4,0.499,2,4,0
2070,A,33,51100.0,13.1,0.347,0,4,0
2071,A,47,46800.0,3.4,0.134,1,4,0
2072,A,53,42100.0,11.3,0.471,0,1,0
2073,A,21,24600.0,6.8,0.187,0,3,0
2074,A,34,59200.0,5.5,0.283,1,1,0
2075,A,42,49500.0,22.5,0.434,0,2,0
2076,B,38,67000.0,5.3,0.444,2,5,0
2077,A,62,39100.0,10.7,0.375,0,5,0
2078,A,24,22700.0,5.2,0.424,0,4,0
2079,B,35,22800.0,11.2,0.376,0,5,0
2080,A,25,68600.0,15.4,0.112,0,3,0
2081,A,35,62300.0,4.0,0.207,1,4,0
2082,A,37,24000.0,12.9,0.315,0,4,0
2083,B,22,33300.0,5.5,0.368,1,2,0
2084,A,44,26300.0,5.7,0.45,0,3,0
2085,A,22,48500.0,5.5,0.391,0,4,0
2086,A,38,17800.0,13.5,0.289,0,1,0
2087,B,25,20500.0,5.9,0.399,0,4,1
2088,B,38,46300.0,7.1,0.819,1,5,1
2089,B,21,18900.0,1.8,0.223,0,3,0
2090,B,23,29400.0,2.1,0.29,0,4,0
2091,A,52,37300.0,0.9,0.451,0,2,0
2092,A,59,61100.0,19.3,0.114,1,3,0
2093,B,39,50200.0,3.2,0.486,1,3,0
2094,A,41,66300.0,4.4,0.431,1,3,0
2095,B,47,35800.0,3.4,0.34,0,4,0
2096,A,58,75100.0,10.4,0.323,0,2,0
2097,A,28,35400.0,11.7,0.452,0,5,0
2098,A,42,78100.0,18.3,0.215,0,4,0
2099,A,21,30700.0,6.6,0.592,0,3,0
2100,A,32,38100.0,14.2,0.132,0,5,0
2101,B,42,29100.0,5.7,0.181,0,3,1
2102,B,44,42400.0,2.0,0.272,0,5,0
2103,A,41,36200.0,8.2,0.359,0,4,0
2104,A,27,37700.0,1.6,0.552,0,3,1
2105,A,51,67200.0,7.4,0.244,0,5,0
2106,A,33,58200.0,8.6,0.246,0,1,0
2107,A,41,32100.0,11.4,0.45,1,3,1
2108,A,56,64800.0,9.1,0.264,0,2,0
2109,A,44,39400.0,6.6,0.346,0,4,0
2110,A,31,42200.0,14.5,0.287,1,3,0
2111,A,39,52400.0,14.8,0.195,0,2,0
2112,A,33,25800.0,5.1,0.36,0,1,1
2113,A,46,14500.0,7.6,0.254,1,3,1
2114,A,40,38600.0,6.9,0.217,1,3,0
2115,B,21,15400.0,3.2,0.394,0,2,0
2116,A,44,59300.0,11.9,0.242,0,1,0
2117,A,22,25600.0,2.9,0.337,0,3,0
2118,A,43,20200.0,4.6,0.366,1,5,1
2119,A,51,23500.0,6.8,0.399,0,2,1
2120,B,66,35200.0,6.8,0.485,0,4,1
2121,B,21,23300.0,4.0,0.522,0,3,0
2122,A,44,45100.0,5.8,0.34,0,2,1
2123,A,27,60300.0,6.7,0.475,0,1,0
2124,B,45,35400.0,0.8,0.196,0,2,0
2125,B,41,32300.0,1.5,0.152,0,3,0
2126,A,30,30400.0,7.2,0.43,1,1,1
2127,A,40,66300.0,6.7,0.483,0,3,0
2128,B,40,45400.0,8.3,0.427,0,5,0
2129,B,66,23400.0,14.6,0.156,0,5,0
2130,B,21,31800.0,0.3,0.459,0,5,0
2131,A,52,28800.0,1.2,0.164,1,1,0
2132,B,43,20600.0,3.8,0.268,1,4,0
2133,A,41,20300.0,4.2,0.268,0,1,0
2134,A,35,29000.0,5.2,0.523,1,5,0
2135,A,33,34400.0,7.4,0.366,0,3,0
2136,A,38,21900.0,7.5,0.262,0,4,0
2137,B,34,36100.0,12.9,0.407,0,2,0
2138,B,37,23600.0,6.1,0.332,0,3,0
2139,A,34,37400.0,10.5,0.244,1,5,0
2140,A,34,33300.0,5.8,0.423,0,3,0
2141,B,36,26500.0,2.3,0.452,1,2,1
2142,B,30,47500.0,5.6,0.243,1,3,0
2143,A,36,47700.0,9.7,0.101,0,2,0
2144,A,26,29800.0,18.6,0.313,0,2,0
2145,A,26,47000.0,8.0,0.186,0,2,0
2146,B,44,22200.0,3.3,0.385,0,4,0
2147,B,31,32800.0,7.1,0.178,0,5,0
2148,A,36,42200.0,7.3,0.42,0,3,0
2149,A,52,39600.0,7.2,0.21,0,1,0
2150,A,27,30700.0,18.5,0.198,0,1,0
2151,A,51,22600.0,9.1,0.294,1,1,0
2152,A,48,23900.0,4.5,0.421,0,2,0
2153,A,34,21600.0,5.1,0.413,1,3,1
2154,A,45,33000.0,11.2,0.312,0,2,0
2155,A,23,31100.0,10.5,0.343,0,1,0
2156,A,64,39800.0,8.2,0.113,0,2,0
2157,A,61,34400.0,12.0,0.298,0,3,0
2158,B,51,28100.0,1.9,0.511,0,4,0
2159,A,47,35100.0,8.7,0.179,1,3,0
2160,A,38,41100.0,10.1,0.184,1,1,0
2161,A,54,41000.0,10.8,0.284,0,1,0
2162,A,43,33600.0,14.4,0.362,0,3,0
2163,A,65,47000.0,9.9,0.239,0,1,0
2164,A,51,33000.0,15.1,0.207,0,3,0
2165,A,43,23400.0,15.9,0.315,1,2,0
2166,B,52,16000.0,3.2,0.253,0,4,0
2167,A,43,46300.0,3.1,0.202,1,2,0
2168,B,55,45500.0,7.8,0.399,0,5,0
2169,B,21,22100.0,5.0,0.329,1,5,1
2170,A,39,46400.0,10.3,0.323,1,1,0
2171,A,41,25200.0,11.7,0.245,0,1,0
2172,B,55,39900.0,5.4,0.5,0,4,1
2173,A,47,90400.0,19.6,0.427,0,2,0
2174,A,25,15200.0,6.7,0.227,1,3,0
2175,A,28,26000.0,24.4,0.219,0,1,0
2176,B,30,34300.0,1.1,0.166,1,3,0
2177,A,37,34700.0,3.9,0.302,1,1,0
2178,B,21,20000.0,4.9,0.372,0,4,0
2179,A,63,28300.0,10.5,0.326,0,2,0
2180,B,41,28800.0,16.3,0.02,0,4,0
2181,A,33,113600.0,14.6,0.444,0,4,0
2182,B,49,23100.0,6.5,0.422,1,3,0
2183,A,26,77600.0,1.9,0.542,1,4,1
2184,B,48,20500.0,4.5,0.411,1,4,0
2185,A,32,25900.0,5.6,0.214,2,1,0
2186,B,34,38700.0,3.8,0.371,0,5,0
2187,B,39,34400.0,4.5,0.244,2,5,0
2188,A,28,32000.0,5.0,0.434,0,2,0
2189,B,35,43400.0,5.0,0.276,0,5,0
2190,A,35,34300.0,6.3,0.288,0,2,0
2191,B,38,25600.0,12.0,0.188,0,2,0
2192,A,38,27000.0,30.0,0.321,0,5,0
2193,A,45,35900.0,14.5,0.173,2,2,0
2194,B,57,45100.0,2.3,0.295,2,3,0
2195,B,34,15200.0,3.1,0.536,0,5,0
2196,A,24,51400.0,7.6,0.464,0,3,0
2197,A,47,19200.0,19.2,0.331,1,3,0
2198,B,46,21300.0,20.4,0.174,0,1,0
2199,A,58,28600.0,7.5,0.395,2,1,1
2200,A,46,41500.0,12.5,0.263,0,1,0
2201,B,51,41600.0,7.0,0.395,2,4,1
2202,A,54,60400.0,8.4,0.312,0,3,0
2203,B,53,29100.0,10.2,0.368,0,5,0
2204,A,47,48100.0,11.7,0.436,0,2,0
2205,A,21,42200.0,9.7,0.479,0,1,0
2206,A,48,19600.0,4.8,0.16,1,3,1
2207,A,45,59200.0,11.5,0.278,0,2,0
2208,A,33,41200.0,17.8,0.17,0,3,0
2209,A,58,33900.0,10.2,0.166,1,4,0
2210,A,36,44600.0,8.6,0.09,0,3,0
2211,A,46,57600.0,6.2,0.302,1,2,0
2212,A,44,29300.0,8.6,0.367,0,2,0
2213,B,21,27500.0,3.0,0.199,1,4,0
2214,A,45,44000.0,7.7,0.201,0,2,1
2215,A,38,56200.0,5.0,0.393,0,1,0
2216,A,57,41500.0,7.1,0.194,0,1,0
2217,B,42,32300.0,5.5,0.27,0,1,0
2218,A,41,46100.0,15.7,0.204,0,2,0
2219,A,36,29300.0,18.5,0.29,0,1,0
2220,B,56,20800.0,6.6,0.329,0,3,0
2221,A,56,59700.0,8.1,0.206,0,2,0
2222,B,51,60200.0,7.3,0.328,0,2,0
2223,A,40,34500.0,9.5,0.283,0,1,0
2224,A,41,42600.0,4.9,0.435,1,1,0
2225,B,31,33000.0,6.7,0.384,1,4,0
2226,A,45,33800.0,16.9,0.216,0,1,0
2227,A,21,40700.0,5.8,0.227,0,2,0
2228,A,50,43900.0,10.2,0.309,0,1,0
2229,B,44,36800.0,5.3,0.542,1,3,1
2230,B,37,43900.0,15.6,0.431,0,4,0
2231,A,46,55300.0,4.3,0.285,0,5,0
2232,A,32,77800.0,6.9,0.214,0,1,0
2233,A,46,33800.0,12.9,0.196,0,3,0
2234,A,21,45800.0,1.9,0.058,2,3,1
2235,A,52,49600.0,2.1,0.079,0,1,0
2236,A,42,11000.0,3.4,0.385,1,1,1
2237,A,37,51400.0,2.0,0.281,0,1,0
2238,A,47,27000.0,23.1,0.377,1,3,0
2239,B,35,38700.0,4.8,0.212,0,3,0
2240,A,59,32200.0,30.0,0.202,1,3,0
2241,B,28,17600.0,17.8,0.46,2,3,0
2242,A,42,47100.0,4.8,0.324,0,4,0
2243,A,56,22200.0,8.5,0.378,1,1,1
2244,A,34,46000.0,3.6,0.112,0,3,0
2245,A,38,25300.0,4.7,0.067,1,1,0
2246,B,45,47500.0,5.5,0.414,0,5,0
2247,A,39,34900.0,12.0,0.551,0,1,0
2248,A,25,30600.0,7.4,0.394,0,3,0
2249,A,51,37800.0,10.3,0.186,0,4,0
2250,A,34,21500.0,9.0,0.089,0,1,0
2251,A,48,23400.0,9.5,0.125,0,2,0
2252,B,32,47500.0,6.8,0.278,0,5,0
2253,A,45,50400.0,7.6,0.175,0,3,0
2254,B,48,31700.0,3.9,0.239,1,3,0
2255,A,33,28000.0,8.6,0.27,0,4,0
2256,A,21,51200.0,11.6,0.432,0,2,0
2257,A,44,48100.0,9.0,0.339,0,4,0
2258,B,30,28300.0,4.1,0.322,0,5,0
2259,A,21,30500.0,5.1,0.039,1,5,0
2260,A,45,25400.0,3.6,0.212,0,1,0
2261,A,21,34400.0,11.2,0.533,0,1,0
2262,A,46,21100.0,8.0,0.088,0,2,1
2263,A,44,43700.0,13.2,0.512,0,1,0
2264,A,42,19200.0,11.5,0.189,0,4,0
2265,B,42,97200.0,8.3,0.276,1,5,0
2266,A,48,39700.0,6.6,0.313,0,2,0
2267,A,21,29300.0,16.4,0.244,1,3,0
2268,B,49,20700.0,5.8,0.64,0,4,0
2269,B,35,55800.0,7.4,0.455,0,5,0
2270,A,45,79200.0,5.7,0.391,1,3,0
2271,A,75,52700.0,4.1,0.402,1,1,0
2272,A,62,72200.0,4.9,0.512,0,3,0
2273,A,32,19500.0,3.0,0.149,0,2,0
2274,A,29,101600.0,6.8,0.222,0,2,0
2275,A,25,32500.0,12.6,0.486,0,3,0
2276,A,59,60000.0,8.1,0.208,0,3,0
2277,A,27,26300.0,3.7,0.391,0,2,0
2278,A,55,36900.0,11.3,0.186,0,2,0
2279,A,35,36400.0,22.3,0.291,0,3,0
2280,A,38,26100.0,9.9,0.326,0,2,0
2281,A,50,79700.0,7.4,0.413,0,3,0
2282,A,33,31000.0,7.5,0.164,1,5,0
2283,A,36,31600.0,3.7,0.302,0,1,0
2284,A,35,23700.0,4.1,0.263,0,5,0
2285,B,31,53300.0,4.1,0.416,0,4,0
2286,B,65,29000.0,5.6,0.335,1,5,0
2287,A,46,36000.0,4.1,0.272,0,2,0
2288,B,48,27200.0,1.8,0.513,0,5,0
2289,A,45,62700.0,10.5,0.277,1,3,0
2290,A,39,36700.0,2.5,0.343,0,4,1
2291,A,37,22100.0,28.6,0.365,0,3,0
2292,A,46,54000.0,3.9,0.272,1,2,0
2293,B,47,70400.0,2.3,0.243,0,3,0
2294,A,29,29800.0,10.9,0.643,0,1,0
2295,B,25,35900.0,6.5,0.473,1,1,1
2296,A,36,22800.0,7.5,0.304,0,4,0
2297,B,37,42000.0,2.0,0.161,0,2,0
2298,B,22,39800.0,5.2,0.232,2,5,0
2299,A,29,50300.0,7.0,0.231,0,3,0
2300,A,21,48200.0,13.9,0.321,0,4,0
2301,A,75,18700.0,16.3,0.461,0,2,0
2302,A,28,39400.0,1.3,0.142,0,4,0
2303,B,44,25200.0,1.9,0.29,2,5,0
2304,A,28,68700.0,5.7,0.233,1,1,0
2305,A,35,45600.0,4.7,0.641,0,4,0
2306,A,43,78500.0,5.2,0.319,0,3,0
2307,A,58,20200.0,4.3,0.035,0,5,0
2308,A,40,49500.0,8.3,0.135,0,1,0
2309,A,31,48800.0,12.3,0.315,0,3,0
2310,A,31,27400.0,7.1,0.15,0,2,0
2311,B,26,44000.0,3.5,0.404,0,1,0
2312,A,49,46400.0,7.4,0.264,0,1,0
2313,A,41,51700.0,5.7,0.454,1,2,0
2314,A,45,33700.0,15.3,0.442,0,1,0
2315,A,50,44000.0,2.8,0.406,0,3,1
2316,A,42,45900.0,7.4,0.309,1,4,1
2317,A,51,31500.0,8.7,0.453,0,4,0
2318,A,38,38500.0,4.5,0.547,1,2,0
2319,A,53,30100.0,10.5,0.504,0,2,0
2320,A,49,63900.0,12.4,0.594,0,1,0
2321,B,21,33800.0,9.3,0.222,0,3,0
2322,A,39,25300.0,8.3,0.299,0,2,0
2323,A,31,48100.0,5.5,0.608,0,1,0
2324,A,49,46000.0,9.5,0.122,0,1,0
2325,A,62,28900.0,1.9,0.418,1,1,0
2326,A,37,31800.0,7.8,0.144,1,1,0
2327,A,31,20600.0,8.3,0.328,0,2,1
2328,B,41,43500.0,4.9,0.342,1,3,1
2329,A,42,31500.0,4.2,0.212,0,2,0
2330,B,50,27900.0,10.9,0.307,0,4,0
2331,A,36,46200.0,3.0,0.15,0,1,0
2332,A,49,22000.0,5.0,0.305,0,3,0
2333,A,50,68300.0,5.4,0.42,0,3,0
2334,A,63,38700.0,14.4,0.328,0,1,0
2335,A,31,54200.0,8.4,0.281,0,1,0
2336,B,21,16200.0,5.9,0.503,1,4,1
2337,B,42,14200.0,1.1,0.428,1,5,1
2338,A,27,61400.0,8.9,0.363,0,2,0
2339,A,53,29900.0,10.7,0.296,2,1,1
2340,B,34,29200.0,4.7,0.356,0,1,0
2341,A,55,114800.0,8.8,0.603,0,3,0
2342,A,34,27300.0,7.7,0.239,1,2,0
2343,B,47,40200.0,3.4,0.444,0,4,0
2344,B,38,57500.0,7.9,0.37,0,4,0
2345,A,42,58900.0,2.7,0.208,0,5,0
2346,A,21,51200.0,8.2,0.246,0,1,0
2347,B,47,32500.0,5.8,0.202,0,5,0
2348,A,30,49300.0,6.4,0.247,0,2,0
2349,A,42,33400.0,10.6,0.179,1,1,0
2350,A,61,117000.0,3.9,0.394,0,2,0
2351,B,45,40200.0,4.1,0.506,0,4,1
2352,A,33,24800.0,4.6,0.143,0,1,0
2353,A,51,32200.0,8.3,0.148,1,3,0
2354,A,38,35800.0,1.2,0.295,0,3,1
2355,A,23,33200.0,5.4,0.207,0,1,0
2356,A,35,34600.0,15.6,0.35,0,3,0
2357,B,54,33700.0,6.7,0.566,0,5,0
2358,A,46,26800.0,23.7,0.276,1,2,0
2359,A,27,45800.0,3.0,0.329,0,2,0
2360,A,37,33900.0,16.5,0.237,0,3,0
2361,A,47,47500.0,14.7,0.467,0,1,0
2362,B,50,30900.0,13.1,0.39,0,4,0
2363,A,24,20900.0,10.4,0.262,0,1,0
2364,A,44,54100.0,8.9,0.334,0,1,0
2365,A,56,43900.0,5.0,0.352,0,1,0
2366,A,39,95500.0,6.7,0.093,0,2,0
2367,A,22,32500.0,4.3,0.286,0,4,0
2368,A,40,17300.0,18.5,0.214,1,1,0
2369,B,43,32200.0,7.4,0.285,0,4,0
2370,A,31,28200.0,5.7,0.078,1,3,0
2371,A,26,33000.0,4.1,0.128,0,2,0
2372,B,60,17700.0,9.0,0.613,1,4,0
2373,A,44,54100.0,11.3,0.388,0,4,0
2374,A,21,48100.0,4.3,0.03,0,2,0
2375,A,56,49300.0,7.7,0.239,0,5,0
2376,A,54,34900.0,5.4,0.406,0,2,0
2377,A,50,31800.0,15.3,0.496,0,2,1
2378,B,52,35500.0,7.0,0.521,0,3,0
2379,A,32,41600.0,12.5,0.601,0,3,0
2380,A,40,61900.0,8.8,0.304,0,3,0
2381,B,44,34900.0,2.8,0.542,1,4,0
2382,A,62,45300.0,17.6,0.169,0,4,0
2383,B,26,20200.0,1.1,0.277,0,4,0
2384,A,46,40900.0,12.7,0.238,2,4,0
2385,A,21,64000.0,11.8,0.517,0,4,0
2386,A,46,84700.0,26.1,0.073,0,3,0
2387,A,38,40600.0,8.6,0.165,0,1,0
2388,A,43,46600.0,12.4,0.128,0,3,0
2389,A,34,30200.0,4.6,0.427,0,2,0
2390,B,21,25900.0,5.1,0.173,0,3,0
2391,A,35,41200.0,19.7,0.396,0,2,0
2392,A,53,35100.0,12.0,0.293,0,2,0
2393,A,21,22500.0,9.2,0.388,0,4,0
2394,A,41,42400.0,16.9,0.515,0,1,0
2395,B,21,54300.0,3.2,0.309,0,4,0
2396,B,31,42900.0,9.1,0.193,1,3,0
2397,A,52,33000.0,9.0,0.146,0,3,0
2398,A,41,30800.0,11.4,0.436,0,1,0
2399,B,58,64000.0,10.6,0.323,1,5,0
2400,A,40,34200.0,18.9,0.336,0,2,0
2401,A,49,14900.0,13.7,0.141,0,4,0
2402,A,40,46000.0,10.5,0.215,1,2,0
2403,B,23,35400.0,9.0,0.435,0,5,0
2404,B,21,30400.0,6.0,0.434,0,2,0
2405,A,30,28600.0,21.2,0.361,0,2,0
2406,A,45,46200.0,8.9,0.377,1,2,0
2407,A,29,20200.0,13.7,0.106,0,4,0
2408,B,45,28200.0,9.4,0.444,0,4,0
2409,B,31,16100.0,4.7,0.469,0,3,1
2410,B,30,20700.0,0.2,0.423,0,4,0
2411,B,24,40300.0,2.4,0.232,0,4,1
2412,B,23,59300.0,2.0,0.311,0,2,0
2413,A,62,46400.0,2.7,0.243,1,1,0
2414,A,37,11500.0,5.6,0.179,0,4,1
2415,A,60,47800.0,9.9,0.544,1,3,0
2416,A,48,39200.0,3.9,0.36,3,2,1
2417,A,49,80800.0,9.9,0.302,0,4,0
2418,B,29,65200.0,5.1,0.469,0,3,0
2419,A,30,40100.0,5.2,0.163,0,5,0
2420,A,34,33600.0,5.4,0.183,0,2,0
2421,A,36,58900.0,4.9,0.257,0,3,0
2422,A,39,53900.0,8.9,0.251,1,5,0
2423,A,29,36800.0,8.5,0.518,0,2,1
2424,A,34,25700.0,10.3,0.363,0,4,0
2425,B,35,22600.0,3.8,0.547,0,3,0
2426,B,38,15000.0,3.3,0.394,0,3,0
2427,A,45,38600.0,9.1,0.429,0,1,0
2428,A,52,38600.0,12.1,0.224,0,3,0
2429,A,28,44200.0,4.1,0.381,0,4,0
2430,B,43,59000.0,2.2,0.406,0,5,0
2431,A,29,49600.0,10.7,0.451,0,5,0
2432,A,30,46300.0,8.1,0.37,0,4,0
2433,A,48,31100.0,13.0,0.347,0,2,0
2434,B,73,36400.0,5.0,0.348,0,5,0
2435,A,34,38300.0,6.9,0.122,0,3,0
2436,A,65,33800.0,13.1,0.286,1,5,1
2437,B,24,32900.0,4.5,0.411,0,5,0
2438,A,29,51300.0,2.5,0.407,1,1,0
2439,B,37,33200.0,4.0,0.183,0,3,0
2440,A,61,26900.0,12.0,0.21,0,3,0
2441,A,57,21600.0,10.3,0.444,0,3,0
2442,A,37,62300.0,18.1,0.208,0,1,0
2443,B,44,35400.0,3.0,0.236,0,4,0
2444,A,46,23700.0,5.2,0.156,0,3,0
2445,A,45,33400.0,7.1,0.268,1,5,1
2446,A,24,32400.0,3.2,0.37,0,2,0
2447,A,56,118900.0,11.0,0.324,1,2,0
2448,A,21,58000.0,9.8,0.388,0,2,0
2449,A,40,67100.0,4.2,0.271,0,2,0
2450,B,31,28000.0,2.6,0.362,2,5,1
2451,A,49,36900.0,6.1,0.293,0,3,0
2452,A,34,60300.0,8.9,0.114,0,1,0
2453,A,37,57500.0,2.2,0.298,0,1,0
2454,A,36,58100.0,16.1,0.466,0,5,0
2455,A,61,50200.0,12.8,0.165,0,3,0
2456,A,45,58400.0,13.4,0.297,0,5,0
2457,A,36,23200.0,9.7,0.461,0,4,0
2458,B,50,36800.0,16.1,0.571,1,3,0
2459,A,38,39000.0,3.5,0.088,1,1,0
2460,B,40,51900.0,3.2,0.351,0,4,0
2461,A,42,43800.0,11.5,0.415,1,2,0
2462,A,23,19600.0,6.4,0.33,0,2,0
2463,A,44,40200.0,8.5,0.216,1,1,0
2464,A,61,35400.0,7.8,0.475,0,2,0
2465,A,35,19200.0,6.7,0.261,0,1,0
2466,A,63,37800.0,20.6,0.427,0,1,0
2467,A,51,20900.0,10.8,0.071,1,3,0
2468,B,39,9600.0,5.2,0.344,0,5,1
2469,B,70,32600.0,2.4,0.222,1,5,0
2470,A,32,67700.0,8.7,0.258,0,3,0
2471,B,21,34100.0,3.0,0.308,2,5,0
2472,B,28,21600.0,7.4,0.373,1,4,1
2473,A,41,39900.0,1.5,0.31,2,4,1
2474,A,45,35800.0,4.3,0.326,1,4,0
2475,B,52,27000.0,0.8,0.058,1,5,0
2476,A,58,34400.0,12.7,0.364,0,4,0
2477,A,21,58500.0,5.0,0.196,0,2,0
2478,A,50,19900.0,6.6,0.392,0,3,1
2479,A,63,25200.0,4.0,0.433,0,1,1
2480,A,48,31200.0,7.8,0.426,1,1,1
2481,A,30,77800.0,11.1,0.578,0,3,0
2482,A,44,12100.0,13.1,0.348,0,4,0
2483,A,65,39000.0,12.3,0.13,1,3,0
2484,B,46,71600.0,5.8,0.34,0,4,0
2485,A,40,26100.0,9.0,0.409,0,2,0
2486,A,48,43000.0,13.7,0.248,0,3,0
2487,A,49,20500.0,6.2,0.249,0,1,0
2488,A,46,54700.0,10.5,0.256,1,2,0
2489,A,40,31300.0,9.6,0.094,1,3,0
2490,A,30,52400.0,18.9,0.443,0,3,0
2491,A,75,28900.0,10.9,0.037,0,2,0
2492,A,29,22900.0,8.9,0.311,0,2,1
2493,B,29,62300.0,3.1,0.421,1,1,0
2494,A,57,28200.0,8.6,0.479,0,3,0
2495,B,25,33800.0,11.7,0.288,2,5,1
2496,A,33,32200.0,8.8,0.461,0,1,0
2497,B,52,31200.0,3.5,0.473,0,2,0
2498,A,57,26100.0,5.2,0.273,0,1,0
2499,A,47,41400.0,11.0,0.345,0,5,0
2500,A,46,51400.0,3.6,0.418,0,4,0
2501,A,44,37000.0,8.2,0.49,2,2,1
2502,A,29,59600.0,4.8,0.22,2,1,0
2503,A,48,52300.0,8.6,0.448,1,1,0
2504,A,23,31800.0,21.3,0.488,1,3,0
2505,B,35,27500.0,5.6,0.566,0,5,0
2506,A,52,38500.0,10.0,0.212,0,3,0
2507,A,21,34100.0,6.7,0.253,0,3,0
2508,A,57,23500.0,6.9,0.282,0,4,1
2509,A,29,10700.0,7.6,0.333,0,3,1
2510,A,33,27900.0,20.8,0.383,0,2,0
2511,A,34,37300.0,3.4,0.2,0,4,1
2512,A,49,29800.0,5.3,0.424,0,2,0
2513,A,34,24200.0,9.7,0.165,1,2,0
2514,A,23,68900.0,6.1,0.305,0,1,0
2515,B,57,54400.0,3.8,0.122,0,5,0
2516,A,35,53700.0,8.2,0.078,1,1,0
2517,A,35,92800.0,19.0,0.288,1,2,0
2518,B,35,36900.0,4.4,0.318,0,5,0
2519,A,41,47300.0,11.1,0.13,0,2,0
2520,A,28,26000.0,4.2,0.404,1,3,0
2521,B,48,18900.0,7.3,0.365,0,4,0
2522,B,60,42800.0,10.2,0.444,0,5,0
2523,B,38,25300.0,10.2,0.456,1,4,0
2524,A,49,36800.0,7.1,0.227,0,1,0
2525,A,40,49600.0,29.1,0.414,0,1,0
2526,A,61,39700.0,13.6,0.641,0,1,0
2527,A,21,28900.0,5.6,0.365,1,3,0
2528,A,61,27900.0,15.9,0.509,1,4,0
2529,B,75,18100.0,4.4,0.366,0,3,0
2530,A,46,31500.0,6.5,0.161,0,1,0
2531,A,46,17600.0,8.0,0.268,0,2,0
2532,A,48,40800.0,14.5,0.51,0,1,0
2533,A,24,50200.0,13.9,0.599,0,3,0
2534,A,50,88300.0,4.5,0.073,0,3,0
2535,A,37,45500.0,7.2,0.204,0,1,0
2536,A,49,40100.0,11.5,0.391,1,1,1
2537,A,46,26200.0,14.4,0.349,1,1,0
2538,A,30,19400.0,5.4,0.291,0,5,0
2539,A,58,38800.0,8.7,0.268,2,3,0
2540,B,56,26000.0,8.2,0.572,0,5,0
2541,B,21,42200.0,15.2,0.523,0,4,0
2542,B,47,38100.0,6.3,0.5,0,5,1
2543,A,32,36500.0,11.0,0.332,0,1,0
2544,A,39,51300.0,14.7,0.279,0,3,0
2545,A,26,43200.0,4.3,0.321,0,1,0
2546,A,37,23600.0,4.2,0.185,0,5,0
2547,A,38,82100.0,10.2,0.34,0,4,0
2548,B,40,43800.0,2.3,0.315,1,5,1
2549,A,23,85800.0,1.1,0.03,1,2,0
2550,A,51,20400.0,9.9,0.496,1,1,0
2551,A,21,44400.0,4.3,0.23,0,3,0
2552,A,54,40700.0,5.7,0.397,0,4,0
2553,B,27,35100.0,9.4,0.26,0,4,0
2554,B,46,24100.0,4.1,0.458,0,4,1
2555,A,52,72800.0,8.8,0.393,0,2,0
2556,A,21,25200.0,3.4,0.34,0,2,1
2557,A,32,46500.0,11.0,0.248,0,2,0
2558,A,21,31200.0,11.6,0.3,0,1,0
2559,B,30,49000.0,2.2,0.166,0,2,0
2560,A,45,35300.0,5.0,0.309,2,4,1
2561,A,49,32100.0,9.1,0.282,0,1,0
2562,A,56,27500.0,6.1,0.495,0,1,1
2563,B,32,25000.0,4.6,0.453,0,4,0
2564,A,48,53300.0,2.0,0.23,1,1,0
2565,B,30,45600.0,6.1,0.414,0,4,0
2566,B,53,30800.0,3.9,0.476,0,5,0
2567,B,56,48100.0,4.3,0.314,1,4,0
2568,A,55,36000.0,8.4,0.272,0,4,0
2569,A,59,24100.0,17.1,0.476,1,1,0
2570,A,63,49300.0,9.1,0.341,0,3,0
2571,A,37,30200.0,3.1,0.276,0,4,0
2572,A,48,67900.0,14.3,0.228,2,2,0
2573,A,25,65100.0,4.5,0.525,1,2,0
2574,B,45,32000.0,5.8,0.235,0,1,0
2575,B,70,43500.0,6.5,0.437,0,4,0
2576,A,58,25900.0,13.4,0.423,1,3,0
2577,A,38,40000.0,7.9,0.449,0,3,0
2578,A,34,66700.0,6.9,0.395,0,3,0
2579,A,33,31000.0,9.9,0.646,0,3,0
2580,B,36,62900.0,6.1,0.551,0,5,0
2581,A,34,43800.0,9.4,0.384,0,5,0
2582,A,33,35400.0,9.8,0.454,0,1,0
2583,A,63,38500.0,15.9,0.478,0,1,0
2584,A,21,27100.0,7.3,0.358,1,1,0
2585,A,61,30200.0,11.3,0.29,0,1,0
2586,A,53,38000.0,7.2,0.235,0,4,0
2587,B,35,34100.0,3.0,0.064,0,3,0
2588,A,52,25700.0,2.8,0.32,0,2,0
2589,A,54,37600.0,9.9,0.261,1,1,0
2590,B,28,15200.0,5.8,0.558,0,2,0
2591,A,46,82400.0,11.0,0.308,1,1,0
2592,B,39,54300.0,7.5,0.482,0,4,0
2593,A,34,38800.0,2.3,0.266,0,1,0
2594,B,35,33900.0,4.5,0.246,0,5,0
2595,B,44,42500.0,3.3,0.412,0,4,0
2596,B,44,41100.0,1.0,0.605,1,5,0
2597,A,33,37300.0,5.7,0.213,0,2,0
2598,B,57,35700.0,9.4,0.367,0,5,0
2599,A,56,72500.0,14.4,0.551,0,2,0
2600,A,36,25900.0,2.7,0.3,1,1,0
2601,A,41,43200.0,12.8,0.3,1,1,0
2602,A,31,21600.0,8.3,0.371,0,4,0
2603,A,45,34700.0,16.6,0.269,0,2,0
2604,A,21,49800.0,3.4,0.285,1,2,0
2605,A,54,33000.0,6.6,0.303,0,3,0
2606,B,45,29500.0,2.3,0.379,1,4,0
2607,A,40,52200.0,13.8,0.397,0,1,0
2608,A,36,43600.0,11.3,0.314,0,4,0
2609,A,37,53700.0,19.5,0.509,3,4,0
2610,A,38,48900.0,4.8,0.113,2,1,1
2611,B,42,28700.0,5.8,0.247,0,5,0
2612,A,46,29300.0,5.5,0.601,0,4,0
2613,A,65,37900.0,5.7,0.307,0,1,0
2614,A,40,35100.0,5.8,0.376,0,1,0
2615,A,50,34300.0,8.0,0.176,0,1,0
2616,B,45,25200.0,0.9,0.248,4,3,1
2617,A,37,60400.0,10.3,0.332,1,5,0
2618,A,28,50100.0,6.5,0.1,0,3,0
2619,A,60,40100.0,15.8,0.354,1,1,0
2620,B,29,30000.0,1.5,0.339,1,5,0
2621,B,26,31800.0,0.4,0.295,0,1,0
2622,A,49,32900.0,6.7,0.407,0,4,0
2623,A,51,33700.0,15.6,0.159,0,1,0
2624,A,53,38000.0,11.1,0.431,0,2,0
2625,B,34,52200.0,4.3,0.222,1,4,1
2626,B,64,50200.0,1.4,0.392,1,5,0
2627,A,31,22400.0,8.5,0.286,0,1,0
2628,A,21,24100.0,3.7,0.537,0,5,1
2629,A,39,28000.0,6.7,0.293,0,1,0
2630,A,49,28400.0,12.1,0.364,1,4,0
2631,B,38,30900.0,8.2,0.266,2,3,0
2632,A,46,40100.0,6.3,0.151,1,5,0
2633,A,45,71400.0,5.6,0.444,0,5,0
2634,A,55,54500.0,17.9,0.02,2,2,0
2635,A,42,22800.0,14.6,0.275,0,1,0
2636,B,46,26500.0,6.7,0.351,0,2,0
2637,A,37,80100.0,6.7,0.44,0,2,0
2638,A,45,68600.0,3.1,0.318,0,2,1
2639,B,40,39900.0,3.6,0.066,0,3,0
2640,A,45,24300.0,16.9,0.393,0,1,0
2641,A,48,36300.0,3.2,0.388,0,2,0
2642,A,56,66000.0,17.5,0.443,1,1,0
2643,A,21,40600.0,5.9,0.36,0,4,0
2644,B,37,35800.0,9.8,0.403,0,3,1
2645,A,21,50200.0,8.6,0.211,1,5,0
2646,A,51,39600.0,6.9,0.099,1,5,0
2647,A,45,67500.0,7.4,0.289,0,5,0
2648,A,54,42000.0,6.9,0.304,1,2,0
2649,A,42,46900.0,12.1,0.27,0,2,0
2650,A,48,70900.0,9.7,0.317,0,3,0
2651,B,43,19500.0,4.0,0.543,0,4,0
2652,B,40,30900.0,7.3,0.254,1,4,0
2653,B,31,26100.0,6.9,0.207,2,5,0
2654,A,41,23900.0,7.7,0.328,0,4,0
2655,A,48,30500.0,6.5,0.614,1,2,0
2656,B,50,19800.0,3.5,0.513,0,3,1
2657,A,21,34700.0,13.7,0.364,0,1,0
2658,A,21,58300.0,12.1,0.364,1,4,0
2659,A,53,87600.0,24.9,0.194,0,3,0
2660,A,46,62600.0,21.6,0.376,1,2,0
2661,A,48,16800.0,7.4,0.198,1,5,0
2662,A,33,35200.0,10.0,0.426,0,2,0
2663,A,71,28700.0,12.4,0.426,1,1,0
2664,A,45,47600.0,5.5,0.348,3,1,1
2665,A,28,18700.0,4.6,0.258,1,2,0
2666,A,51,48600.0,6.6,0.268,0,5,0
2667,A,26,57400.0,10.2,0.418,0,2,0
2668,A,38,38700.0,5.7,0.33,2,3,0
2669,A,42,45800.0,5.3,0.514,0,2,0
2670,A,37,42500.0,9.0,0.378,1,3,1
2671,A,43,33900.0,5.8,0.645,0,2,0
2672,B,59,40500.0,7.5,0.276,1,5,0
2673,A,63,44500.0,13.9,0.155,1,3,0
2674,A,57,41000.0,4.8,0.161,0,1,0
2675,B,39,43400.0,1.0,0.372,0,3,1
2676,A,38,19300.0,4.9,0.282,0,1,0
2677,A,56,57100.0,24.9,0.263,0,3,0
2678,B,49,24100.0,4.4,0.193,0,4,0
2679,B,21,62200.0,2.4,0.275,0,4,0
2680,A,39,34600.0,7.9,0.292,0,2,0
2681,A,29,27400.0,9.0,0.396,0,3,0
2682,B,73,40400.0,0.8,0.24,1,1,0
2683,A,57,27400.0,6.2,0.298,2,1,0
2684,A,51,23800.0,9.4,0.343,0,5,0
2685,A,51,24100.0,7.5,0.528,0,2,1
2686,A,38,64100.0,6.8,0.208,0,2,0
2687,B,42,14000.0,1.3,0.422,0,2,1
2688,A,30,36000.0,11.0,0.354,0,3,1
2689,B,36,46200.0,1.4,0.195,0,5,0
2690,A,21,26000.0,6.8,0.36,0,5,0
2691,A,24,32000.0,2.4,0.375,0,3,0
2692,A,42,25000.0,4.1,0.289,0,2,0
2693,A,50,24800.0,4.9,0.368,1,2,0
2694,A,51,29100.0,3.0,0.43,0,1,0
2695,B,41,18800.0,10.4,0.41,1,4,1
2696,A,46,22600.0,11.0,0.202,0,3,0
2697,A,29,43000.0,5.6,0.367,0,2,0
2698,B,30,64900.0,3.3,0.233,0,4,0
2699,B,45,20400.0,6.3,0.236,0,2,0
2700,A,47,36800.0,6.2,0.346,0,3,0
2701,A,41,23200.0,10.2,0.351,0,2,1
2702,B,28,35100.0,3.0,0.715,2,4,1
2703,A,30,54400.0,20.6,0.214,0,2,0
2704,B,45,69200.0,5.2,0.321,0,3,0
2705,A,40,56200.0,7.1,0.294,0,3,0
2706,A,33,46100.0,3.6,0.263,2,2,0
2707,A,52,74800.0,7.8,0.182,0,1,0
2708,A,32,20900.0,3.9,0.176,0,3,0
2709,A,64,56700.0,6.2,0.283,0,2,0
2710,B,45,33700.0,2.1,0.301,0,5,0
2711,A,49,43700.0,10.5,0.49,0,3,0
2712,A,43,23700.0,3.0,0.457,0,5,0
2713,A,63,33000.0,15.6,0.451,1,1,0
2714,A,21,43500.0,3.9,0.382,0,5,0
2715,A,45,19300.0,13.5,0.545,1,4,0
2716,A,38,48000.0,10.9,0.45,0,2,0
2717,A,21,55700.0,10.7,0.224,0,1,0
2718,A,31,48400.0,5.7,0.236,0,1,0
2719,A,44,37300.0,14.4,0.399,1,2,0
2720,A,43,52200.0,8.8,0.438,1,1,0
2721,A,38,45900.0,1.9,0.407,0,4,0
2722,A,36,60300.0,12.5,0.284,1,1,0
2723,A,49,26600.0,2.1,0.395,1,1,0
2724,B,49,43700.0,6.5,0.407,1,5,1
2725,B,39,20500.0,2.3,0.176,1,2,0
2726,B,64,55300.0,11.5,0.391,0,4,0
2727,B,57,40100.0,10.0,0.471,0,2,0
2728,A,33,32800.0,7.1,0.424,2,4,1
2729,A,25,45300.0,5.1,0.56,0,5,0
2730,B,21,29500.0,9.3,0.383,0,3,0
2731,B,54,44800.0,3.0,0.459,0,5,0
2732,A,48,54300.0,3.1,0.261,1,1,0
2733,A,36,40300.0,20.7,0.358,0,1,0
2734,A,59,46000.0,14.4,0.472,0,5,0
2735,B,55,36400.0,1.6,0.345,2,5,0
2736,A,62,66600.0,5.3,0.143,0,2,0
2737,A,35,32800.0,9.2,0.174,1,1,0
2738,A,60,24000.0,14.3,0.268,0,1,0
2739,B,45,21900.0,4.5,0.137,0,3,0
2740,B,38,59900.0,10.9,0.193,0,3,0
2741,A,21,53000.0,5.9,0.407,0,2,0
2742,A,29,62700.0,9.2,0.324,0,1,0
2743,B,22,65100.0,1.1,0.461,0,3,0
2744,A,43,62200.0,2.3,0.403,0,4,0
2745,A,48,21200.0,7.4,0.262,0,2,0
2746,A,50,60500.0,4.4,0.408,2,4,0
2747,A,48,59400.0,9.1,0.343,0,5,0
2748,A,46,48800.0,7.4,0.252,0,2,0
2749,A,27,72800.0,4.5,0.15,0,2,0
2750,A,53,27900.0,2.7,0.298,0,1,1
2751,B,31,18400.0,3.6,0.276,0,5,0
2752,B,48,16800.0,4.2,0.331,0,2,0
2753,B,22,24700.0,4.9,0.551,1,2,1
2754,A,37,30700.0,3.3,0.486,1,4,1
2755,A,32,44800.0,11.4,0.305,2,2,0
2756,A,48,40200.0,5.1,0.501,0,1,1
2757,B,43,37100.0,10.1,0.559,0,4,0
2758,B,31,31400.0,1.3,0.337,0,4,0
2759,B,45,64900.0,5.3,0.277,1,3,0
2760,A,51,30100.0,5.5,0.286,1,3,0
2761,A,53,44700.0,10.1,0.25,0,2,0
2762,A,45,43300.0,25.7,0.297,0,5,0
2763,A,36,33200.0,6.6,0.345,0,2,0
2764,B,23,61400.0,8.0,0.414,0,4,0
2765,A,37,19100.0,2.6,0.196,1,1,0
2766,A,59,63600.0,4.7,0.318,0,1,0
2767,A,62,35300.0,12.0,0.445,0,1,0
2768,B,67,42300.0,7.1,0.332,0,3,0
2769,A,32,36000.0,10.4,0.257,0,2,0
2770,B,56,20900.0,7.6,0.151,0,5,0
2771,A,67,18100.0,14.8,0.218,1,5,0
2772,A,21,33000.0,3.7,0.209,1,1,1
2773,B,27,23900.0,5.5,0.206,1,3,0
2774,A,51,26800.0,8.1,0.402,0,2,0
2775,A,46,31400.0,12.3,0.02,2,1,0
2776,B,41,20700.0,7.7,0.197,2,5,0
2777,B,40,46300.0,3.7,0.507,2,3,1
2778,A,43,69000.0,10.7,0.278,0,4,0
2779,B,32,20200.0,6.4,0.459,0,4,1
2780,A,26,33200.0,11.7,0.272,0,1,0
2781,A,40,29000.0,8.5,0.22,1,1,0
2782,A,53,36500.0,15.1,0.284,0,2,0
2783,B,21,16800.0,5.0,0.2,2,3,0
2784,A,42,23700.0,10.4,0.378,1,4,1
2785,A,35,28700.0,13.0,0.218,1,2,0
2786,A,42,56800.0,11.3,0.249,1,3,0
2787,A,48,47000.0,10.5,0.25,0,4,0
2788,A,38,73400.0,1.7,0.327,0,4,0
2789,A,26,42800.0,6.9,0.332,0,1,0
2790,A,39,38300.0,3.6,0.221,0,4,0
2791,A,57,30200.0,4.3,0.349,0,2,0
2792,A,49,33200.0,12.8,0.388,0,3,0
2793,B,21,46700.0,1.7,0.223,1,3,0
2794,A,51,46100.0,4.5,0.351,1,3,0
2795,A,45,45800.0,14.5,0.062,1,3,0
2796,A,43,39300.0,2.8,0.299,0,1,0
2797,A,33,32500.0,8.7,0.332,0,4,0
2798,A,35,49700.0,19.6,0.454,0,4,0
2799,A,35,5200.0,9.3,0.377,0,5,1
2800,B,32,26700.0,0.6,0.231,0,2,0
2801,A,43,18800.0,10.0,0.115,2,5,1
2802,B,41,14100.0,8.5,0.342,1,2,0
2803,A,31,24600.0,3.5,0.393,0,5,0
2804,B,28,39600.0,5.6,0.435,0,5,0
2805,A,66,34700.0,8.8,0.462,1,2,0
2806,A,45,42800.0,10.8,0.375,0,1,0
2807,A,40,21400.0,8.7,0.612,0,4,1
2808,A,29,52700.0,10.8,0.404,0,4,0
2809,A,35,45000.0,18.1,0.307,1,1,0
2810,B,22,29200.0,10.5,0.3,0,5,0
2811,B,32,31100.0,13.5,0.294,0,4,0
2812,B,49,29000.0,6.1,0.249,1,3,0
2813,A,48,87300.0,7.0,0.306,0,3,0
2814,A,28,75600.0,6.9,0.215,0,3,0
2815,B,23,22000.0,3.5,0.483,2,5,1
2816,B,24,34800.0,6.9,0.626,0,3,0
2817,A,48,12800.0,11.1,0.274,0,1,0
2818,A,32,59700.0,6.4,0.314,0,2,0
2819,A,50,27500.0,6.9,0.291,0,2,0
2820,A,51,43100.0,16.4,0.263,0,1,0
2821,A,38,35800.0,23.3,0.285,0,1,0
2822,A,43,62100.0,4.2,0.254,0,1,0
2823,A,54,62300.0,6.7,0.372,0,2,0
2824,A,27,24400.0,8.2,0.433,0,2,0
2825,B,30,37500.0,6.7,0.239,1,3,0
2826,A,44,24500.0,19.1,0.154,2,3,0
2827,A,21,43600.0,12.0,0.332,1,3,0
2828,A,30,40400.0,5.9,0.503,0,1,0
2829,A,41,62300.0,6.1,0.208,0,2,0
2830,A,34,55100.0,10.7,0.327,0,2,0
2831,A,43,39300.0,6.2,0.349,0,2,0
2832,A,64,33700.0,8.4,0.396,1,2,0
2833,A,31,28800.0,12.2,0.292,0,2,0
2834,A,30,16600.0,20.6,0.455,0,1,0
2835,A,24,43300.0,5.7,0.42,0,1,0
2836,A,54,24900.0,9.5,0.332,0,1,1
2837,A,43,83200.0,9.9,0.318,1,3,0
2838,A,35,29300.0,10.2,0.293,0,1,1
2839,A,46,43500.0,13.1,0.354,0,5,0
2840,A,34,25200.0,9.7,0.688,0,1,0
2841,A,39,49000.0,9.4,0.084,1,3,0
2842,A,29,20700.0,7.9,0.357,0,3,0
2843,B,42,28600.0,8.6,0.446,0,4,0
2844,B,21,34900.0,3.0,0.317,2,5,0
2845,A,26,28100.0,7.4,0.245,0,1,0
2846,A,44,12300.0,6.8,0.152,0,2,0
2847,B,65,68200.0,5.2,0.424,0,5,1
2848,A,37,47100.0,5.7,0.337,1,3,0
2849,A,39,17300.0,4.8,0.14,1,3,0
2850,A,46,27300.0,9.6,0.439,0,1,0
2851,B,36,30300.0,6.4,0.371,2,1,0
2852,A,46,26200.0,9.8,0.074,0,2,0
2853,A,36,56400.0,4.8,0.246,0,1,0
2854,B,39,30700.0,12.2,0.36,0,4,0
2855,A,48,35900.0,5.4,0.494,0,1,0
2856,B,56,29400.0,7.5,0.248,0,2,0
2857,A,40,23000.0,12.2,0.181,0,3,0
2858,A,38,32800.0,13.1,0.228,0,1,0
2859,A,29,34900.0,5.3,0.269,0,1,0
2860,A,49,30600.0,6.3,0.147,0,1,0
2861,B,42,33400.0,5.0,0.569,0,4,0
2862,A,49,29100.0,3.7,0.453,0,5,1
2863,A,41,103400.0,10.1,0.384,1,2,0
2864,B,47,23500.0,1.8,0.278,0,3,0
2865,B,52,22200.0,5.7,0.443,2,4,0
2866,B,40,60000.0,2.5,0.238,1,5,0
2867,A,49,28500.0,5.0,0.212,1,1,0
2868,A,21,48100.0,20.1,0.337,0,2,0
2869,B,35,28400.0,3.6,0.462,0,5,1
2870,A,49,28300.0,3.6,0.336,0,2,0
2871,A,21,23000.0,8.0,0.475,0,2,1
2872,A,68,38400.0,2.8,0.579,0,1,0
2873,A,28,23700.0,8.6,0.244,0,2,0
2874,B,32,28700.0,1.5,0.46,1,3,1
2875,B,51,33000.0,4.2,0.34,0,3,0
2876,A,46,26800.0,14.2,0.414,0,2,0
2877,A,27,25500.0,3.2,0.336,1,2,0
2878,A,38,85000.0,11.8,0.339,0,2,0
2879,A,63,134100.0,13.4,0.12,1,1,0
2880,A,45,77300.0,11.4,0.159,0,1,0
2881,A,45,37300.0,10.9,0.431,0,3,0
2882,A,42,51200.0,6.6,0.511,2,3,1
2883,B,56,20100.0,5.9,0.221,0,5,0
2884,A,46,34000.0,2.5,0.447,0,1,1
2885,A,51,26000.0,9.3,0.14,0,1,0
2886,B,21,73800.0,6.4,0.419,0,5,0
2887,B,21,27100.0,2.6,0.398,1,5,1
2888,A,28,24400.0,18.0,0.381,0,5,0
2889,A,27,34400.0,3.8,0.395,0,1,0
2890,B,42,49700.0,5.0,0.318,0,4,1
2891,A,27,52400.0,2.7,0.208,0,3,0
2892,A,25,18600.0,7.8,0.252,0,1,0
2893,B,44,27500.0,7.1,0.336,1,5,0
2894,B,49,19800.0,6.1,0.5,0,5,0
2895,B,52,24400.0,7.8,0.425,0,4,0
2896,A,55,126500.0,8.9,0.303,0,1,0
2897,A,22,31100.0,7.5,0.4,0,1,0
2898,A,31,30800.0,6.5,0.152,1,1,0
2899,A,35,20900.0,7.7,0.313,1,2,0
2900,A,57,36800.0,11.5,0.094,0,2,0
2901,B,52,35900.0,2.1,0.225,0,4,0
2902,B,32,20400.0,4.5,0.415,1,5,1
2903,A,21,40000.0,10.0,0.356,1,1,0
2904,A,45,70700.0,17.2,0.333,1,1,0
2905,A,44,28100.0,11.7,0.143,0,3,0
2906,A,36,31600.0,12.3,0.434,0,4,1
2907,A,28,39800.0,10.5,0.338,1,3,0
2908,A,51,46100.0,6.0,0.02,0,1,0
2909,A,37,44800.0,5.1,0.397,1,4,1
2910,A,34,38900.0,9.8,0.535,0,4,0
2911,A,22,36700.0,11.8,0.127,0,2,0
2912,B,59,31100.0,3.7,0.258,1,4,0
2913,A,32,43400.0,18.0,0.309,0,1,0
2914,A,37,92700.0,7.2,0.457,0,3,0
2915,A,54,30600.0,7.0,0.352,0,2,0
2916,A,42,51800.0,6.6,0.311,0,4,0
2917,B,40,43200.0,4.3,0.351,0,5,0
2918,A,34,40800.0,6.2,0.252,1,1,0
2919,A,30,21200.0,21.3,0.311,0,1,0
2920,B,26,31200.0,4.8,0.178,0,5,0
2921,A,56,40900.0,10.1,0.398,0,2,0
2922,A,50,15600.0,6.3,0.141,3,2,0
2923,A,43,56600.0,2.8,0.251,1,1,0
2924,B,42,33900.0,4.2,0.426,1,2,0
2925,A,42,70900.0,7.7,0.227,0,1,0
2926,B,44,47700.0,3.7,0.233,0,4,0
2927,A,59,23200.0,3.7,0.414,0,5,1
2928,A,37,31800.0,6.4,0.481,0,2,0
2929,A,44,38000.0,8.0,0.393,0,2,0
2930,A,42,22000.0,7.7,0.579,1,2,0
2931,B,41,39600.0,2.3,0.512,0,4,1
2932,B,36,23500.0,2.3,0.18,1,5,1
2933,A,63,27200.0,11.5,0.293,1,2,0
2934,B,28,24300.0,3.3,0.384,0,4,0
2935,A,27,56300.0,5.7,0.217,0,4,0
2936,B,29,24700.0,3.8,0.402,0,1,1
2937,A,43,59400.0,5.1,0.504,0,1,0
2938,B,47,29400.0,5.0,0.17,1,5,0
2939,B,74,28800.0,7.6,0.463,0,5,0
2940,A,30,47700.0,7.3,0.464,0,4,1
2941,A,32,26600.0,8.2,0.497,0,4,1
2942,A,48,36400.0,14.6,0.153,0,1,0
2943,B,31,35200.0,0.2,0.403,0,5,1
2944,A,29,52000.0,2.9,0.263,0,3,1
2945,A,43,74400.0,2.8,0.264,0,4,0
2946,A,43,44300.0,13.3,0.402,1,1,0
2947,A,52,28500.0,10.5,0.17,0,4,0
2948,B,40,34200.0,16.8,0.537,0,5,0
2949,A,46,48600.0,5.1,0.351,1,3,0
2950,A,35,74700.0,17.5,0.282,0,4,0
2951,A,29,34400.0,13.6,0.285,0,1,0
2952,A,54,57300.0,16.9,0.438,0,2,0
2953,A,41,36500.0,27.1,0.302,0,4,0
2954,B,35,20700.0,9.3,0.238,0,4,0
2955,B,21,35000.0,6.7,0.273,0,5,0
2956,B,61,43100.0,4.2,0.385,0,3,0
2957,A,45,51600.0,10.9,0.366,1,3,0
2958,A,33,35500.0,10.9,0.547,0,1,0
2959,A,57,45100.0,18.1,0.233,0,2,0
2960,B,46,41800.0,3.4,0.491,0,3,0
2961,A,38,35600.0,11.3,0.438,0,1,0
2962,A,23,37800.0,15.6,0.585,1,2,0
2963,A,65,35900.0,2.9,0.336,1,4,0
2964,A,36,25500.0,5.0,0.292,3,4,1
2965,B,50,25600.0,5.0,0.63,0,5,0
2966,A,36,37500.0,5.4,0.202,1,1,0
2967,A,40,48500.0,13.2,0.358,0,2,0
2968,A,35,48500.0,4.2,0.279,2,3,0
2969,A,44,65700.0,4.4,0.299,0,4,0
2970,A,51,45100.0,7.3,0.036,1,3,0
2971,B,47,25400.0,7.7,0.399,0,5,0
2972,A,43,51400.0,8.6,0.246,0,4,0
2973,A,55,17500.0,16.4,0.245,0,4,0
2974,A,26,18200.0,4.5,0.259,0,3,0
2975,B,53,13800.0,3.0,0.377,0,4,0
2976,A,59,37900.0,15.9,0.357,1,4,0
2977,B,32,51700.0,0.5,0.258,0,3,0
2978,A,49,52900.0,13.7,0.197,1,1,0
2979,A,51,41700.0,5.6,0.449,0,2,0
2980,A,21,22700.0,8.3,0.355,0,2,0
2981,A,38,60500.0,10.0,0.266,0,1,0
2982,A,29,50500.0,8.1,0.329,1,1,0
2983,A,32,24100.0,19.8,0.423,2,1,0
2984,A,41,30900.0,8.9,0.423,0,2,0
2985,A,40,15500.0,10.9,0.322,0,2,0
2986,B,37,15300.0,3.5,0.358,0,4,1
2987,B,41,46100.0,1.7,0.796,0,4,1
2988,B,57,80000.0,2.8,0.385,0,2,0
2989,A,51,75000.0,4.6,0.529,1,3,0
2990,A,43,40000.0,4.1,0.344,0,3,0
2991,A,50,16500.0,4.9,0.12,0,2,0
2992,B,31,18900.0,8.2,0.261,0,3,0
2993,A,53,66200.0,4.8,0.258,1,1,0
2994,A,28,54100.0,12.4,0.561,0,4,1
2995,A,55,53200.0,5.2,0.43,0,1,0
2996,A,35,67900.0,4.6,0.291,1,2,0
2997,B,36,37300.0,5.2,0.344,2,2,1
2998,A,41,31800.0,3.9,0.097,0,4,0
2999,A,24,48700.0,6.2,0.403,2,5,1
3000,A,54,18300.0,11.7,0.168,0,2,0
3001,B,36,44700.0,5.2,0.146,0,3,0
3002,B,35,29600.0,7.9,0.366,1,5,1
3003,A,41,35400.0,6.7,0.217,0,1,0
3004,A,36,27100.0,7.0,0.295,1,2,0
3005,A,54,41300.0,5.0,0.239,2,2,0
3006,B,50,31400.0,4.3,0.588,1,5,1
3007,A,40,37900.0,11.5,0.366,1,1,0
3008,A,47,18800.0,9.1,0.22,1,2,0
3009,B,45,43800.0,5.0,0.472,0,5,1
3010,A,49,20300.0,10.1,0.058,0,1,0
3011,A,53,29000.0,10.2,0.199,0,2,0
3012,B,35,24600.0,3.7,0.424,1,4,1
3013,A,21,29900.0,8.0,0.23,0,2,0
3014,A,46,26900.0,11.7,0.331,0,2,0
3015,B,21,38700.0,13.6,0.576,0,4,0
3016,A,21,24400.0,11.0,0.405,0,1,0
3017,A,41,25700.0,10.7,0.112,2,3,0
3018,A,54,28100.0,11.0,0.445,0,3,0
3019,B,43,24500.0,2.7,0.02,1,4,0
3020,A,44,45800.0,15.1,0.387,0,2,0
3021,A,48,40100.0,8.0,0.369,0,5,0
3022,B,43,55000.0,7.4,0.393,0,5,0
3023,A,34,25300.0,2.2,0.06,0,1,0
3024,A,52,46100.0,12.1,0.574,0,1,0
3025,A,21,44300.0,4.5,0.373,0,1,0
3026,A,34,58000.0,12.1,0.32,0,1,0
3027,A,43,29000.0,6.6,0.516,0,1,1
3028,A,29,48000.0,7.5,0.36,0,1,0
3029,A,30,56500.0,14.8,0.431,1,2,0
3030,B,54,28200.0,5.1,0.088,0,4,0
3031,A,39,40900.0,7.2,0.483,0,2,0
3032,A,45,49700.0,2.8,0.36,0,5,0
3033,B,46,16800.0,4.4,0.34,1,3,0
3034,A,55,25000.0,5.0,0.155,1,4,0
3035,A,53,42800.0,7.8,0.152,0,2,0
3036,A,42,37400.0,10.5,0.145,0,1,0
3037,A,52,33900.0,7.6,0.405,0,3,0
3038,A,43,51900.0,11.3,0.163,0,1,0
3039,B,22,20800.0,5.0,0.557,0,3,0
3040,A,52,24100.0,6.4,0.366,0,2,0
3041,A,21,22900.0,13.8,0.207,0,3,0
3042,A,49,38800.0,18.5,0.367,0,1,1
3043,A,59,40500.0,3.2,0.349,0,3,0
3044,A,56,44700.0,4.0,0.251,0,4,1
3045,A,49,22400.0,14.6,0.175,1,1,0
3046,B,24,19400.0,3.5,0.199,1,5,0
3047,A,43,24600.0,12.2,0.244,0,5,0
3048,A,24,49300.0,7.7,0.287,1,1,0
3049,A,56,52300.0,12.1,0.424,1,1,0
3050,A,39,59600.0,8.3,0.123,1,3,0
3051,B,51,18500.0,1.5,0.542,0,3,1
3052,B,70,66900.0,2.1,0.299,0,4,0
3053,B,31,21500.0,4.9,0.21,1,4,0
3054,B,48,35300.0,6.0,0.699,1,4,1
3055,A,43,47100.0,5.1,0.292,0,1,0
3056,B,39,38400.0,7.0,0.406,0,5,0
3057,A,43,23900.0,6.6,0.462,0,1,0
3058,B,40,61000.0,2.4,0.259,1,3,0
3059,A,23,33100.0,9.7,0.494,0,3,1
3060,A,49,51100.0,14.3,0.509,0,2,0
3061,A,49,57900.0,19.0,0.354,0,4,0
3062,B,38,22900.0,8.2,0.368,0,4,0
3063,A,25,21600.0,7.2,0.131,0,2,0
3064,A,36,79600.0,10.0,0.405,2,3,0
3065,A,25,38400.0,7.1,0.453,0,3,0
3066,B,33,27100.0,3.1,0.219,0,5,0
3067,A,41,26600.0,8.2,0.173,0,1,0
3068,B,57,49000.0,3.4,0.529,2,5,0
3069,B,22,37100.0,15.9,0.56,1,4,0
3070,A,35,32000.0,7.9,0.258,0,2,0
3071,A,60,33600.0,13.1,0.473,0,1,0
3072,A,35,19000.0,12.1,0.373,0,1,0
3073,B,46,21900.0,2.4,0.354,1,5,1
3074,A,31,36800.0,14.7,0.359,0,2,0
3075,A,49,34300.0,7.8,0.297,0,4,0
3076,A,31,46800.0,12.4,0.369,2,1,0
3077,A,46,28800.0,7.3,0.249,2,1,0
3078,B,51,40700.0,3.3,0.308,0,5,0
3079,A,57,30000.0,14.5,0.174,0,2,0
3080,B,65,32400.0,2.1,0.334,0,5,0
3081,A,48,48700.0,19.0,0.374,0,1,0
3082,A,44,72400.0,9.2,0.252,0,2,0
3083,A,49,35500.0,8.1,0.276,0,3,0
3084,B,24,39700.0,5.1,0.241,0,4,0
3085,A,43,39600.0,7.6,0.265,0,3,0
3086,A,51,42700.0,10.9,0.267,1,4,0
3087,A,40,22200.0,10.7,0.13,0,1,0
3088,A,51,32000.0,9.3,0.248,1,5,0
3089,A,27,29700.0,4.7,0.354,0,3,1
3090,A,43,31000.0,13.2,0.135,0,2,0
3091,B,44,30200.0,2.7,0.336,1,3,0
3092,A,44,34700.0,11.3,0.372,1,2,0
3093,A,54,54900.0,12.3,0.02,0,2,0
3094,B,25,19000.0,3.9,0.074,2,4,0
3095,B,53,26600.0,1.5,0.48,2,3,1
3096,A,47,63600.0,6.4,0.166,1,2,0
3097,A,31,45100.0,4.1,0.198,0,2,0
3098,A,49,65600.0,10.1,0.254,1,1,1
3099,A,57,54800.0,6.9,0.058,0,1,0
3100,A,21,120100.0,11.0,0.282,0,3,0
3101,A,26,98800.0,23.7,0.635,0,2,0
3102,A,55,21800.0,7.9,0.117,1,1,0
3103,A,36,52400.0,4.6,0.406,0,5,0
3104,B,38,46400.0,6.1,0.344,0,4,0
3105,B,50,56400.0,4.1,0.46,1,4,1
3106,B,27,35000.0,3.4,0.358,1,1,1
3107,A,21,50000.0,1.4,0.43,1,1,0
3108,A,46,40400.0,6.9,0.306,0,1,0
3109,A,52,57800.0,16.2,0.17,0,4,0
3110,A,66,35100.0,17.4,0.372,0,1,0
3111,A,43,45900.0,9.6,0.41,2,2,0
3112,A,40,61700.0,10.6,0.087,1,1,0
3113,A,37,20200.0,0.8,0.263,0,3,0
3114,A,27,30200.0,3.0,0.278,0,5,1
3115,A,47,22200.0,14.6,0.373,0,1,0
3116,B,34,21800.0,1.4,0.165,1,3,0
3117,A,62,46900.0,9.0,0.366,1,1,0
3118,B,21,29000.0,1.9,0.267,0,5,0
3119,A,53,68800.0,1.7,0.413,0,1,0
3120,A,21,77200.0,9.3,0.35,0,2,0
3121,A,30,38400.0,5.5,0.157,1,1,0
3122,B,38,27900.0,2.3,0.389,2,4,1
3123,B,50,61500.0,9.4,0.207,0,4,0
3124,A,56,35800.0,3.6,0.246,0,2,0
3125,A,34,62000.0,1.1,0.225,0,1,0
3126,B,51,28800.0,7.2,0.278,0,3,0
3127,A,42,45500.0,7.4,0.084,0,1,0
3128,B,39,18800.0,2.6,0.363,0,1,0
3129,A,53,23200.0,8.6,0.328,0,2,0
3130,A,30,54800.0,12.4,0.064,1,1,0
3131,B,21,37700.0,6.8,0.337,0,4,0
3132,A,31,20300.0,7.3,0.169,0,1,0
3133,A,35,34400.0,17.0,0.392,0,3,0
3134,A,38,81000.0,9.8,0.277,0,2,0
3135,A,22,65400.0,9.5,0.384,0,1,1
3136,A,21,27700.0,8.2,0.297,0,1,0
3137,A,62,62100.0,11.1,0.162,0,2,0
3138,A,32,20600.0,10.1,0.25,0,3,0
3139,A,28,74300.0,8.5,0.483,0,2,0
3140,A,47,25600.0,13.6,0.122,0,5,0
3141,A,41,25700.0,2.2,0.314,0,3,0
3142,A,31,35700.0,13.2,0.548,0,3,0
3143,A,43,52800.0,6.8,0.181,1,1,0
3144,A,41,35900.0,10.8,0.033,0,3,0
3145,A,45,31200.0,14.0,0.29,0,2,0
3146,A,49,17600.0,6.7,0.346,0,1,0
3147,A,33,49900.0,4.5,0.204,0,3,0
3148,B,36,18200.0,2.6,0.399,0,3,0
3149,A,23,67700.0,9.9,0.243,2,1,0
3150,A,21,67600.0,9.6,0.235,0,4,0
3151,A,46,56600.0,8.2,0.232,1,1,0
3152,A,52,23300.0,16.4,0.228,0,4,0
3153,A,21,104400.0,8.9,0.459,1,3,0
3154,A,33,33900.0,10.1,0.389,0,5,0
3155,A,21,28400.0,7.9,0.229,1,3,0
3156,B,42,20200.0,5.1,0.739,0,3,0
3157,A,42,60400.0,6.7,0.304,0,3,0
3158,A,36,28400.0,12.6,0.226,2,3,0
3159,A,41,52900.0,1.9,0.232,0,1,0
3160,A,47,35200.0,24.0,0.239,1,3,0
3161,B,37,19600.0,8.2,0.454,1,1,0
3162,A,32,29300.0,5.5,0.157,0,1,0
3163,A,54,45200.0,14.5,0.252,0,1,0
3164,A,39,31700.0,5.0,0.299,0,5,0
3165,B,28,33800.0,10.6,0.551,2,4,0
3166,B,32,34700.0,3.9,0.237,1,2,1
3167,A,34,11100.0,9.0,0.44,0,5,0
3168,A,41,45200.0,3.9,0.326,1,1,0
3169,A,56,28900.0,16.0,0.245,0,4,0
3170,A,51,46600.0,15.8,0.414,0,5,0
3171,A,45,20400.0,6.4,0.201,0,2,0
3172,A,29,33100.0,5.1,0.366,1,2,1
3173,A,44,48800.0,4.0,0.475,0,1,0
3174,A,27,71800.0,8.1,0.653,1,4,0
3175,A,59,53600.0,6.0,0.309,2,3,0
3176,B,21,26600.0,3.6,0.621,1,5,1
3177,A,50,53700.0,6.4,0.432,1,1,0
3178,B,34,31100.0,6.2,0.462,0,5,0
3179,A,32,22400.0,25.0,0.193,1,2,0
3180,A,46,58600.0,18.1,0.398,0,2,0
3181,A,64,35100.0,6.5,0.309,0,2,0
3182,A,51,28900.0,6.1,0.247,0,2,0
3183,B,21,48300.0,0.5,0.26,0,5,0
3184,B,47,42700.0,9.5,0.313,0,5,0
3185,A,43,50900.0,10.5,0.02,1,3,0
3186,A,47,28300.0,10.8,0.222,1,1,0
3187,A,60,45800.0,5.3,0.424,1,1,0
3188,A,31,36900.0,6.6,0.392,1,1,1
3189,A,25,62700.0,22.2,0.352,0,4,0
3190,B,39,22900.0,0.4,0.526,0,3,0
3191,A,27,30500.0,6.5,0.386,0,3,0
3192,A,46,55200.0,6.8,0.515,0,2,0
3193,A,34,22700.0,8.0,0.153,0,2,0
3194,A,32,49300.0,7.7,0.344,0,3,0
3195,A,33,68700.0,13.3,0.173,0,3,0
3196,A,21,33700.0,8.5,0.051,0,2,0
3197,A,47,28800.0,13.5,0.49,0,1,1
3198,B,35,15200.0,5.2,0.433,1,5,0
3199,B,31,50200.0,7.2,0.331,2,1,0
3200,B,29,31800.0,1.5,0.499,1,2,1
3201,A,44,28300.0,6.6,0.095,0,5,0
3202,B,45,47800.0,2.5,0.346,0,2,0
3203,A,39,39000.0,14.1,0.3,0,1,0
3204,A,62,28000.0,9.5,0.25,1,1,0
3205,A,33,45600.0,8.7,0.263,0,1,0
3206,A,42,18900.0,9.9,0.319,0,5,0
3207,A,21,22100.0,16.6,0.194,0,1,0
3208,B,39,27800.0,2.1,0.161,0,3,0
3209,A,21,17300.0,4.9,0.467,0,1,1
3210,A,40,22600.0,4.5,0.407,0,2,0
3211,B,46,42700.0,6.0,0.306,1,4,0
3212,A,37,19600.0,8.2,0.073,1,2,0
3213,A,34,56300.0,13.4,0.345,0,2,0
3214,A,30,20200.0,3.1,0.372,0,4,0
3215,B,50,19800.0,2.2,0.475,1,4,1
3216,B,43,12300.0,20.3,0.289,0,4,0
3217,A,55,29800.0,14.3,0.023,1,2,0
3218,A,49,16200.0,6.4,0.293,0,3,0
3219,A,35,28300.0,5.7,0.539,0,3,0
3220,A,26,18400.0,4.0,0.513,1,2,1
3221,B,21,32300.0,7.5,0.586,0,3,0
3222,B,49,21400.0,6.0,0.521,0,4,1
3223,A,48,20100.0,14.2,0.423,0,5,0
3224,A,38,31300.0,9.1,0.353,0,2,0
3225,A,36,27700.0,6.1,0.148,0,2,0
3226,A,43,34200.0,17.7,0.146,1,1,0
3227,B,38,25800.0,5.3,0.357,0,4,0
3228,A,40,36700.0,14.0,0.41,0,4,0
3229,A,49,31200.0,9.5,0.207,0,2,0
3230,A,37,48300.0,16.4,0.217,0,1,0
3231,A,50,20600.0,3.5,0.212,0,4,1
3232,B,30,37600.0,4.6,0.386,0,5,0
3233,A,51,25700.0,1.9,0.29,0,2,0
3234,A,38,23500.0,11.9,0.257,1,2,0
3235,B,31,19300.0,6.4,0.407,0,5,0
3236,A,48,35500.0,11.9,0.474,0,1,0
3237,A,22,18600.0,14.8,0.466,0,2,0
3238,B,29,16600.0,3.0,0.459,0,2,1
3239,A,37,17900.0,13.2,0.264,0,1,0
3240,B,41,18800.0,6.9,0.316,1,3,1
3241,A,37,33300.0,5.1,0.218,0,3,0
3242,B,53,39600.0,7.2,0.329,0,5,0
3243,A,35,26000.0,6.6,0.196,0,2,0
3244,A,45,33600.0,15.8,0.49,1,1,0
3245,B,43,15500.0,0.6,0.158,0,4,1
3246,A,50,52100.0,12.2,0.29,0,3,0
3247,A,52,41800.0,8.6,0.422,0,1,1
3248,A,58,15800.0,5.2,0.352,0,2,0
3249,A,21,34200.0,7.8,0.489,0,1,0
3250,B,36,21300.0,13.2,0.348,0,1,0
3251,B,53,27300.0,5.4,0.22,0,5,0
3252,A,50,40200.0,9.8,0.131,0,4,0
3253,A,40,26100.0,10.3,0.34,1,1,0
3254,A,64,36100.0,4.7,0.155,1,2,0
3255,A,34,39800.0,6.2,0.493,0,3,1
3256,A,28,56300.0,8.0,0.472,0,2,0
3257,B,38,32800.0,2.3,0.504,0,3,0
3258,B,23,48800.0,5.9,0.477,0,4,1
3259,A,40,23300.0,8.0,0.219,0,4,0
3260,A,34,77300.0,13.1,0.035,0,1,0
3261,B,24,45000.0,10.1,0.402,1,2,0
3262,B,22,41600.0,0.8,0.467,1,3,1
3263,B,21,24900.0,3.4,0.205,0,2,0
3264,A,47,48700.0,13.3,0.171,0,4,0
3265,A,44,28700.0,8.0,0.02,1,1,0
3266,A,30,38000.0,8.3,0.515,1,1,0
3267,A,57,64400.0,7.2,0.641,1,1,0
3268,A,46,24700.0,3.3,0.425,1,1,1
3269,A,27,43400.0,5.9,0.317,0,2,0
3270,B,55,39500.0,8.3,0.289,0,5,0
3271,A,38,28400.0,5.2,0.36,0,1,0
3272,A,55,42500.0,11.0,0.368,0,2,0
3273,A,33,41200.0,11.0,0.229,1,3,0
3274,A,56,33200.0,5.2,0.366,0,4,0
3275,A,35,29500.0,6.6,0.426,1,2,0
3276,A,27,29500.0,7.3,0.542,0,1,0
3277,A,53,58800.0,5.2,0.284,0,2,0
3278,A,36,35800.0,7.1,0.332,0,2,0
3279,A,52,35600.0,7.5,0.264,0,1,0
3280,A,36,44600.0,9.5,0.305,1,4,0
3281,A,37,50400.0,2.5,0.416,3,1,1
3282,B,46,29400.0,8.9,0.132,1,5,0
3283,A,38,35800.0,2.8,0.186,1,2,0
3284,B,43,36900.0,4.0,0.072,0,3,0
3285,A,53,41400.0,6.0,0.492,1,2,1
3286,A,53,46100.0,9.1,0.354,1,2,0
3287,A,65,33600.0,27.8,0.652,1,2,0
3288,A,47,31700.0,15.1,0.228,1,3,0
3289,A,50,36100.0,5.8,0.301,2,1,1
3290,B,32,41800.0,6.7,0.231,1,4,0
3291,A,21,34000.0,4.7,0.219,0,2,0
3292,A,52,29100.0,4.5,0.502,0,3,0
3293,A,54,36600.0,10.4,0.333,1,1,0
3294,A,27,39800.0,9.8,0.398,1,2,0
3295,A,50,32900.0,4.0,0.256,1,1,0
3296,A,38,38700.0,18.0,0.066,1,2,0
3297,A,35,42700.0,19.5,0.427,0,4,0
3298,A,60,21800.0,2.9,0.379,1,1,1
3299,A,38,33000.0,5.5,0.02,0,4,0
3300,A,56,48600.0,17.5,0.382,1,3,0
3301,B,35,36200.0,0.6,0.731,0,4,1
3302,A,53,50300.0,11.4,0.02,0,5,0
3303,B,37,15900.0,7.1,0.435,0,4,0
3304,B,47,35600.0,1.2,0.454,0,2,0
3305,A,24,29100.0,6.1,0.336,0,1,0
3306,A,34,47600.0,5.1,0.354,0,3,0
3307,A,46,27000.0,17.5,0.412,2,4,0
3308,A,46,31700.0,6.2,0.333,0,4,0
3309,A,34,12200.0,15.5,0.075,1,4,0
3310,A,37,79800.0,11.8,0.286,0,2,0
3311,A,21,38800.0,6.8,0.331,1,1,0
3312,A,48,36900.0,16.0,0.397,0,2,0
3313,A,22,24000.0,5.8,0.267,0,3,0
3314,A,48,32700.0,3.5,0.369,0,2,1
3315,A,35,47900.0,7.3,0.307,0,4,0
3316,B,33,55800.0,0.3,0.117,1,5,0
3317,A,40,35000.0,5.7,0.343,0,2,0
3318,A,41,36600.0,8.3,0.374,0,3,0
3319,A,33,33100.0,13.5,0.34,0,2,0
3320,A,40,59600.0,2.9,0.142,0,1,0
3321,A,46,29300.0,12.3,0.443,0,3,0
3322,A,44,55700.0,4.8,0.401,0,2,0
3323,A,28,35800.0,6.0,0.453,0,1,0
3324,B,38,16100.0,12.4,0.218,0,4,0
3325,A,48,51000.0,16.0,0.56,0,1,0
3326,B,35,58200.0,4.5,0.103,0,4,0
3327,A,31,44100.0,2.7,0.359,0,1,0
3328,B,36,33800.0,2.6,0.264,0,3,0
3329,A,38,51300.0,10.7,0.075,1,4,0
3330,A,41,30000.0,12.7,0.249,1,2,0
3331,A,32,56700.0,11.9,0.371,1,1,0
3332,A,28,18400.0,8.4,0.02,0,2,0
3333,B,32,23400.0,7.5,0.422,0,4,0
3334,A,50,35900.0,5.1,0.506,0,3,0
3335,A,39,28300.0,5.8,0.135,1,1,0
3336,A,38,34600.0,10.2,0.436,2,1,0
3337,A,28,20600.0,4.0,0.18,0,2,0
3338,A,40,33800.0,16.2,0.155,0,1,0
3339,B,32,44000.0,4.9,0.45,0,3,0
3340,B,49,16100.0,0.5,0.246,0,3,0
3341,B,31,15400.0,7.0,0.216,0,3,0
3342,A,59,45500.0,8.6,0.224,1,1,0
3343,B,27,50800.0,0.8,0.375,0,2,0
3344,A,25,30800.0,9.2,0.205,0,3,0
3345,A,41,83900.0,10.3,0.246,0,5,0
3346,A,39,52800.0,21.0,0.416,0,4,0
3347,A,47,38100.0,2.6,0.303,0,3,1
3348,A,21,11000.0,20.6,0.386,0,3,0
3349,A,38,69200.0,5.6,0.224,0,3,0
3350,A,45,23900.0,6.6,0.316,1,4,1
3351,A,44,66900.0,7.9,0.27,0,1,0
3352,B,41,47400.0,3.1,0.271,0,5,0
3353,A,37,33500.0,7.2,0.191,0,1,0
3354,A,64,15700.0,2.3,0.23,2,3,1
3355,B,62,26000.0,3.3,0.281,2,1,1
3356,A,43,22300.0,8.5,0.414,0,1,0
3357,A,38,49900.0,15.5,0.332,1,2,0
3358,A,32,36400.0,7.1,0.217,0,1,0
3359,A,57,27700.0,7.5,0.155,0,4,0
3360,A,29,35300.0,6.5,0.156,1,3,0
3361,B,43,28000.0,2.3,0.227,0,5,0
3362,B,45,32900.0,7.0,0.354,0,3,0
3363,B,37,30800.0,2.9,0.45,2,2,1
3364,A,28,47300.0,7.0,0.389,0,1,0
3365,A,41,40900.0,19.5,0.313,0,4,0
3366,B,41,26900.0,6.3,0.254,2,5,1
3367,A,24,33200.0,5.4,0.038,0,1,0
3368,A,45,38600.0,15.6,0.487,1,2,0
3369,B,32,19000.0,11.2,0.377,0,4,0
3370,A,30,31000.0,5.7,0.198,0,2,0
3371,A,42,28500.0,11.1,0.185,0,1,0
3372,A,35,20100.0,6.8,0.049,1,3,1
3373,B,32,35100.0,3.9,0.327,0,3,0
3374,A,49,35400.0,5.9,0.303,0,5,0
3375,B,37,46600.0,5.8,0.657,3,2,1
3376,B,41,24000.0,12.7,0.378,1,4,1
3377,A,57,47200.0,15.6,0.35,0,3,0
3378,B,35,24300.0,4.8,0.375,0,5,0
3379,B,57,18600.0,3.4,0.305,0,5,1
3380,B,48,38000.0,1.4,0.247,0,3,0
3381,A,24,55500.0,11.0,0.526,0,4,0
3382,A,24,31400.0,9.7,0.216,0,1,0
3383,A,46,18300.0,11.6,0.437,0,1,0
3384,A,52,55000.0,16.4,0.504,0,3,0
3385,A,23,54500.0,9.5,0.356,1,4,0
3386,A,44,67200.0,5.0,0.46,2,2,0
3387,A,39,35100.0,6.6,0.226,0,5,0
3388,B,21,36800.0,2.6,0.386,2,3,1
3389,A,32,11700.0,9.3,0.271,2,2,0
3390,A,50,84600.0,9.0,0.116,0,4,0
3391,A,56,28000.0,9.0,0.256,0,2,0
3392,A,35,38600.0,5.9,0.202,0,2,0
3393,A,41,32200.0,10.2,0.238,0,1,0
3394,A,27,30300.0,7.4,0.227,0,2,0
3395,B,41,28000.0,9.9,0.608,0,4,1
3396,A,43,56900.0,19.2,0.61,0,2,0
3397,B,35,26400.0,2.0,0.454,0,3,0
3398,A,50,11600.0,10.6,0.325,0,4,0
3399,A,35,100600.0,17.6,0.196,0,5,0
3400,A,34,28500.0,20.5,0.498,0,3,0
3401,A,53,32200.0,6.8,0.413,0,4,0
3402,A,49,67500.0,20.6,0.36,0,3,0
3403,A,44,38200.0,13.3,0.114,1,2,0
3404,A,40,25000.0,18.1,0.393,0,1,0
3405,B,49,16400.0,2.8,0.38,0,2,0
3406,B,39,27000.0,4.2,0.315,0,4,0
3407,A,40,57300.0,7.0,0.218,0,1,0
3408,B,42,32000.0,5.5,0.288,0,3,0
3409,B,50,17600.0,4.1,0.431,0,5,0
3410,B,48,27100.0,3.4,0.524,1,4,1
3411,A,54,36000.0,6.1,0.321,0,5,0
3412,A,23,73100.0,6.2,0.421,0,3,0
3413,A,43,50700.0,9.4,0.422,0,3,1
3414,A,34,22300.0,12.1,0.256,0,3,0
3415,A,46,36000.0,6.0,0.347,0,4,0
3416,A,29,26000.0,13.2,0.151,1,4,0
3417,A,49,39300.0,4.3,0.165,0,1,0
3418,A,31,28200.0,30.0,0.215,1,2,0
3419,A,57,26500.0,6.2,0.139,1,2,0
3420,A,38,59300.0,5.1,0.283,1,1,0
3421,A,32,31000.0,7.5,0.401,0,2,0
3422,B,30,28800.0,2.1,0.115,1,1,0
3423,A,44,48500.0,4.7,0.387,0,2,0
3424,B,37,31300.0,3.7,0.243,1,2,0
3425,A,42,98800.0,12.0,0.441,0,3,0
3426,B,40,31500.0,12.4,0.187,0,5,0
3427,A,27,25700.0,4.9,0.078,1,3,0
3428,A,57,51200.0,8.6,0.202,1,4,0
3429,A,47,10400.0,8.9,0.409,1,1,1
3430,A,43,21100.0,4.3,0.603,2,2,1
3431,A,72,41100.0,11.9,0.324,0,3,0
3432,B,21,38700.0,1.4,0.412,2,3,0
3433,A,49,74900.0,6.0,0.356,0,1,0
3434,B,43,65500.0,5.8,0.315,1,4,0
3435,A,30,22900.0,4.1,0.361,0,4,0
3436,A,34,31100.0,8.7,0.158,0,1,0
3437,A,24,32700.0,14.6,0.287,2,2,0
3438,B,34,35800.0,9.4,0.586,0,4,0
3439,B,61,30000.0,9.3,0.294,0,1,0
3440,A,22,24200.0,20.7,0.308,2,4,0
3441,B,21,24100.0,11.0,0.349,0,5,0
3442,B,38,32400.0,2.0,0.303,1,4,0
3443,A,40,40200.0,4.0,0.392,0,1,0
3444,B,48,32600.0,8.5,0.298,1,4,0
3445,A,40,49400.0,14.5,0.283,1,3,0
3446,A,39,29900.0,7.7,0.462,0,4,0
3447,A,62,17400.0,4.4,0.431,0,2,0
3448,A,32,58700.0,7.1,0.02,1,2,0
3449,A,40,24700.0,13.3,0.397,2,1,0
3450,A,40,29600.0,4.0,0.319,0,2,0
3451,B,40,48800.0,1.7,0.38,1,4,0
3452,B,60,21600.0,2.6,0.412,2,4,1
3453,A,23,8500.0,10.0,0.119,0,2,0
3454,B,48,28300.0,4.0,0.435,0,5,0
3455,A,24,40400.0,10.7,0.346,1,2,0
3456,B,35,33000.0,9.2,0.32,0,1,0
3457,A,24,48700.0,8.6,0.526,0,1,0
3458,A,26,24500.0,18.6,0.26,0,1,0
3459,B,24,13900.0,3.2,0.136,0,5,0
3460,B,53,54500.0,8.5,0.36,0,5,0
3461,A,39,94100.0,13.8,0.229,0,3,0
3462,B,23,45400.0,13.9,0.375,1,2,0
3463,A,50,56600.0,10.2,0.373,0,1,0
3464,A,21,17900.0,4.2,0.388,0,1,0
3465,A,29,21000.0,3.0,0.429,0,2,0
3466,B,44,27600.0,0.2,0.384,0,3,0
3467,A,29,50900.0,14.4,0.422,1,2,0
3468,A,23,33000.0,7.6,0.273,0,2,0
3469,A,34,47500.0,6.8,0.412,0,3,0
3470,A,43,23200.0,5.9,0.374,0,3,0
3471,A,47,41600.0,4.4,0.279,0,2,0
3472,B,60,57800.0,3.4,0.325,0,5,0
3473,A,45,41800.0,8.0,0.523,0,1,0
3474,A,33,38000.0,4.6,0.267,2,3,0
3475,A,52,37100.0,3.7,0.379,0,1,0
3476,A,33,79900.0,11.0,0.126,2,4,0
3477,A,28,42100.0,11.7,0.525,1,4,0
3478,A,43,25100.0,11.4,0.279,1,2,1
3479,A,40,33000.0,10.8,0.25,1,2,0
3480,A,37,26200.0,9.0,0.251,0,2,0
3481,B,38,70200.0,8.3,0.313,0,5,0
3482,B,33,22400.0,5.6,0.495,2,3,1
3483,A,39,55700.0,12.5,0.355,0,5,0
3484,A,36,31200.0,4.5,0.387,0,4,1
3485,A,54,63100.0,12.4,0.273,0,1,0
3486,A,23,30900.0,12.2,0.3,1,1,0
3487,A,35,41600.0,11.0,0.235,0,2,0
3488,A,34,20400.0,30.0,0.197,1,5,0
3489,A,30,93900.0,7.7,0.308,0,4,0
3490,A,49,37600.0,2.6,0.35,0,4,0
3491,B,47,18300.0,2.8,0.368,1,4,0
3492,B,28,25700.0,2.8,0.41,0,3,0
3493,A,33,41100.0,10.7,0.479,1,2,0
3494,A,27,61200.0,6.5,0.38,0,3,1
3495,A,40,18900.0,6.1,0.342,1,2,0
3496,A,51,19300.0,8.4,0.305,0,3,0
3497,A,51,29500.0,6.0,0.02,0,5,0
3498,B,40,26800.0,3.1,0.405,3,2,1
3499,B,31,17800.0,10.8,0.31,0,4,0
3500,A,61,108400.0,5.2,0.371,2,1,0
3501,A,34,59200.0,12.6,0.361,0,4,0
3502,B,40,52800.0,2.0,0.408,1,3,0
3503,A,55,36400.0,6.1,0.157,0,3,0
3504,A,69,14400.0,5.0,0.339,0,1,0
3505,A,44,20700.0,5.3,0.447,0,2,1
3506,A,40,60300.0,9.5,0.512,1,1,0
3507,A,34,62700.0,13.2,0.425,0,5,0
3508,A,21,46600.0,4.5,0.511,0,3,0
3509,B,44,45100.0,3.4,0.398,0,4,1
3510,A,49,50900.0,16.8,0.376,0,5,0
3511,A,21,27000.0,11.6,0.322,0,2,0
3512,A,44,29100.0,14.7,0.345,1,1,0
3513,A,49,30700.0,6.4,0.223,0,1,0
3514,A,29,28600.0,10.3,0.09,0,2,0
3515,A,38,69500.0,6.0,0.346,0,2,0
3516,A,30,33600.0,12.3,0.309,0,3,0
3517,A,60,42800.0,4.3,0.508,1,2,0
3518,A,46,36200.0,21.2,0.254,1,2,0
3519,B,46,29200.0,11.9,0.234,2,4,0
3520,B,43,17800.0,4.5,0.356,0,4,0
3521,B,33,34100.0,2.4,0.449,0,5,0
3522,A,43,46900.0,22.1,0.157,0,4,0
3523,A,56,30900.0,10.1,0.194,0,3,0
3524,A,50,24200.0,20.2,0.324,0,5,0
3525,A,42,31600.0,6.0,0.213,0,1,0
3526,A,26,23600.0,2.4,0.38,1,1,0
3527,A,30,48600.0,15.3,0.166,0,4,0
3528,A,47,45600.0,9.7,0.262,0,3,0
3529,A,49,19200.0,5.9,0.376,1,3,1
3530,A,51,25100.0,4.6,0.035,0,2,0
3531,A,49,30000.0,8.9,0.36,1,5,0
3532,A,37,48300.0,10.3,0.209,1,5,0
3533,A,37,27000.0,9.0,0.307,0,2,0
3534,A,39,74900.0,16.2,0.434,0,4,0
3535,A,21,51000.0,17.6,0.413,1,4,0
3536,B,51,57300.0,6.5,0.314,0,5,0
3537,B,25,36000.0,5.8,0.386,1,5,0
3538,A,45,18400.0,5.0,0.397,1,3,0
3539,A,42,27200.0,20.0,0.296,0,3,0
3540,B,40,81900.0,2.7,0.17,0,3,0
3541,A,61,35800.0,5.0,0.525,1,2,0
3542,A,56,53900.0,3.9,0.336,1,2,0
3543,B,30,49200.0,2.7,0.315,0,5,1
3544,B,51,19200.0,4.1,0.402,1,2,0
3545,B,43,41000.0,4.5,0.28,0,4,1
3546,B,56,30900.0,2.3,0.552,0,3,0
3547,A,34,37000.0,9.1,0.085,0,3,0
3548,A,49,33900.0,8.0,0.04,0,3,0
3549,A,47,45000.0,11.6,0.419,0,3,0
3550,A,49,37000.0,3.9,0.291,0,4,1
3551,A,26,33900.0,7.7,0.618,0,2,0
3552,B,55,34500.0,4.0,0.407,0,5,0
3553,B,37,17000.0,9.7,0.366,0,5,1
3554,B,27,27700.0,8.2,0.19,1,1,0
3555,B,24,24500.0,3.1,0.457,0,3,0
3556,B,30,79500.0,2.1,0.366,0,4,0
3557,A,30,25800.0,5.3,0.218,0,5,0
3558,A,45,47300.0,2.5,0.219,2,3,0
3559,A,50,27600.0,8.0,0.411,0,5,0
3560,B,51,27000.0,10.5,0.247,1,4,0
3561,A,34,25600.0,18.4,0.477,0,1,0
3562,B,48,44200.0,2.7,0.704,0,5,1
3563,A,29,38100.0,2.4,0.358,0,2,0
3564,A,44,46500.0,4.9,0.292,0,2,1
3565,A,48,36800.0,11.3,0.43,0,1,0
3566,A,26,29800.0,15.2,0.161,1,1,0
3567,A,62,53600.0,16.9,0.351,2,3,0
3568,B,43,42600.0,7.7,0.329,0,3,0
3569,A,31,49200.0,14.8,0.122,0,1,0
3570,A,59,45600.0,6.0,0.307,0,4,0
3571,A,35,30700.0,10.3,0.536,0,3,0
3572,A,30,25400.0,17.8,0.121,0,4,0
3573,A,44,60200.0,7.7,0.425,1,1,0
3574,B,53,45200.0,19.0,0.418,0,4,0
3575,B,27,35700.0,3.0,0.265,0,2,0
3576,B,45,31000.0,2.8,0.363,0,5,0
3577,A,50,34700.0,5.7,0.387,1,4,0
3578,B,48,23400.0,3.2,0.464,1,5,1
3579,A,21,19600.0,5.0,0.143,0,1,0
3580,A,62,28600.0,2.9,0.67,0,5,0
3581,B,39,20300.0,5.2,0.358,1,4,0
3582,A,44,26700.0,11.3,0.041,1,2,0
3583,A,21,32800.0,12.6,0.486,0,1,0
3584,A,44,27600.0,7.2,0.218,0,2,0
3585,A,52,21700.0,7.3,0.349,3,1,0
3586,A,63,23600.0,4.6,0.187,0,4,0
3587,A,55,51800.0,6.4,0.299,1,1,0
3588,A,44,28800.0,8.2,0.227,0,1,0
3589,B,47,41500.0,1.1,0.546,0,3,1
3590,B,32,27000.0,6.4,0.375,1,5,0
3591,A,50,22200.0,12.3,0.544,2,1,1
3592,B,28,27600.0,10.1,0.076,0,3,0
3593,A,38,33400.0,5.8,0.171,0,2,0
3594,B,36,44200.0,4.5,0.28,0,1,0
3595,B,61,53800.0,6.4,0.414,0,3,0
3596,B,48,48500.0,4.0,0.463,0,5,0
3597,A,62,65000.0,10.9,0.383,1,3,0
3598,A,48,71600.0,6.4,0.351,1,3,0
3599,A,43,32200.0,9.7,0.291,0,1,0
3600,A,45,26700.0,6.8,0.445,0,5,0
3601,A,58,34000.0,6.9,0.02,1,4,0
3602,A,53,50400.0,5.9,0.176,1,1,1
3603,A,54,33800.0,3.1,0.178,0,1,0
3604,B,58,30600.0,8.1,0.307,2,5,0
3605,A,49,21500.0,5.9,0.109,0,3,0
3606,A,21,78900.0,14.5,0.417,0,1,0
3607,B,53,36300.0,2.6,0.46,0,2,0
3608,A,55,31700.0,10.7,0.357,0,3,0
3609,A,35,47800.0,2.8,0.457,1,5,0
3610,A,24,39200.0,20.7,0.177,1,2,0
3611,A,46,21500.0,3.2,0.31,1,1,0
3612,A,33,28700.0,4.1,0.349,0,2,0
3613,B,36,28900.0,11.0,0.419,0,2,0
3614,A,49,25700.0,12.2,0.308,0,2,0
3615,B,50,41800.0,2.9,0.229,0,4,0
3616,A,42,41100.0,8.1,0.248,1,1,1
3617,B,38,30100.0,12.1,0.422,2,3,0
3618,A,43,29800.0,9.3,0.327,0,2,0
3619,A,43,21000.0,4.9,0.186,0,3,0
3620,A,22,35500.0,2.4,0.472,0,2,0
3621,A,37,39800.0,14.7,0.359,0,1,0
3622,A,54,63500.0,6.2,0.335,0,5,0
3623,A,59,49700.0,4.9,0.305,2,3,1
3624,A,46,24500.0,14.4,0.376,0,2,0
3625,A,49,33800.0,6.7,0.31,1,3,1
3626,A,21,28300.0,22.3,0.311,0,4,0
3627,A,39,24500.0,10.3,0.248,0,2,0
3628,A,23,33700.0,9.4,0.163,1,4,0
3629,A,45,59400.0,10.1,0.399,0,2,0
3630,A,26,48800.0,14.3,0.13,1,5,0
3631,A,64,32200.0,11.1,0.295,0,5,0
3632,A,61,50100.0,9.6,0.262,2,1,0
3633,A,48,41900.0,12.4,0.246,0,3,0
3634,B,21,22000.0,1.9,0.368,1,5,0
3635,B,48,54400.0,4.4,0.495,0,5,0
3636,A,39,27900.0,15.8,0.562,0,1,0
3637,A,38,48500.0,16.4,0.38,0,2,0
3638,A,36,43500.0,14.3,0.312,2,4,0
3639,B,51,29400.0,7.2,0.149,1,3,0
3640,A,46,77000.0,1.3,0.252,1,2,0
3641,A,43,39300.0,3.6,0.712,0,2,0
3642,B,39,18300.0,4.5,0.337,2,3,1
3643,A,36,17000.0,2.9,0.18,1,1,0
3644,A,49,32100.0,18.2,0.081,0,1,0
3645,A,50,59300.0,6.0,0.141,1,5,0
3646,A,30,39500.0,11.7,0.537,0,2,1
3647,A,56,18700.0,17.1,0.369,1,1,0
3648,A,39,22600.0,7.5,0.319,1,2,1
3649,A,32,52700.0,7.7,0.309,0,3,0
3650,A,33,67500.0,12.5,0.558,0,3,0
3651,A,30,25300.0,10.8,0.108,1,2,0
3652,B,42,17200.0,5.3,0.248,0,3,0
3653,A,37,51200.0,9.0,0.192,0,2,0
3654,A,51,23100.0,9.7,0.44,1,5,0
3655,B,52,50600.0,14.0,0.401,0,4,0
3656,A,27,48300.0,9.4,0.277,0,1,0
3657,A,36,93000.0,2.7,0.197,0,1,0
3658,B,33,68700.0,2.4,0.271,0,3,0
3659,A,45,21200.0,7.0,0.385,0,4,0
3660,B,46,57100.0,1.1,0.066,0,5,0
3661,B,37,41900.0,3.0,0.488,1,4,0
3662,A,50,58300.0,6.6,0.152,0,3,0
3663,A,43,17700.0,8.8,0.24,2,3,1
3664,B,36,35300.0,8.5,0.204,2,1,0
3665,A,42,87200.0,7.9,0.139,0,5,0
3666,A,29,21900.0,5.2,0.44,1,1,1
3667,B,31,43800.0,6.6,0.347,0,3,0
3668,A,54,35500.0,19.6,0.31,0,3,0
3669,B,40,19300.0,6.3,0.578,0,3,0
3670,A,44,32700.0,5.0,0.144,0,2,0
3671,A,21,39400.0,15.5,0.241,0,5,0
3672,B,53,48000.0,7.7,0.557,0,4,0
3673,B,21,30400.0,5.6,0.439,2,4,1
3674,A,32,34900.0,5.9,0.02,0,1,0
3675,A,35,31800.0,6.0,0.463,0,5,0
3676,B,45,33900.0,1.8,0.397,1,4,1
3677,B,35,42600.0,6.7,0.293,0,1,0
3678,A,44,36500.0,17.6,0.356,0,3,0
3679,A,39,22700.0,14.3,0.276,0,2,0
3680,A,57,60600.0,2.6,0.64,0,5,0
3681,B,66,18100.0,20.3,0.49,1,2,1
3682,B,36,20800.0,2.3,0.237,0,4,0
3683,A,25,70100.0,12.8,0.248,0,2,0
3684,A,44,28100.0,2.4,0.258,1,2,0
3685,A,75,46600.0,13.9,0.099,0,1,0
3686,B,48,33500.0,17.1,0.445,0,5,0
3687,A,42,52900.0,21.2,0.181,0,2,0
3688,A,37,23400.0,13.9,0.428,0,2,0
3689,B,31,24300.0,8.2,0.223,0,4,0
3690,A,30,46100.0,12.6,0.373,0,3,0
3691,A,38,62600.0,4.1,0.452,0,2,0
3692,B,29,36400.0,10.9,0.487,1,3,1
3693,A,21,44800.0,7.3,0.377,0,3,0
3694,A,44,111500.0,4.0,0.313,1,4,0
3695,A,28,21100.0,5.5,0.416,0,3,0
3696,A,42,44000.0,4.2,0.291,1,2,1
3697,B,42,24700.0,2.1,0.527,0,5,1
3698,A,52,17000.0,11.3,0.359,0,2,0
3699,A,50,39700.0,14.4,0.259,0,2,0
3700,A,35,37000.0,12.0,0.338,0,3,0
3701,A,29,51800.0,16.4,0.253,0,1,0
3702,A,21,112700.0,11.8,0.127,0,4,0
3703,A,31,26500.0,7.0,0.176,1,2,1
3704,A,31,39400.0,5.7,0.346,0,1,0
3705,B,38,35000.0,10.8,0.625,0,5,0
3706,B,30,32000.0,10.5,0.127,1,5,0
3707,A,32,59000.0,22.5,0.192,0,1,0
3708,A,57,25000.0,8.3,0.319,0,1,0
3709,A,50,14700.0,8.5,0.316,0,1,0
3710,A,31,20800.0,0.9,0.29,0,1,0
3711,A,46,50900.0,5.1,0.393,0,2,0
3712,B,30,22800.0,4.8,0.514,1,5,1
3713,A,28,18800.0,10.8,0.51,0,3,1
3714,A,46,46000.0,8.7,0.403,0,1,0
3715,A,21,57800.0,7.0,0.302,0,2,0
3716,A,28,23200.0,2.5,0.196,0,1,0
3717,A,32,29100.0,2.6,0.189,0,1,0
3718,A,30,47600.0,4.9,0.292,0,1,0
3719,A,39,52600.0,6.0,0.253,0,1,0
3720,A,62,13900.0,2.0,0.42,0,4,1
3721,A,32,55400.0,5.8,0.205,0,4,0
3722,A,45,38400.0,15.0,0.378,0,1,0
3723,A,46,38700.0,7.3,0.159,0,1,0
3724,B,31,42000.0,9.4,0.378,0,5,0
3725,A,28,25900.0,15.6,0.302,0,1,0
3726,A,21,50800.0,5.8,0.179,0,3,0
3727,B,35,26900.0,10.6,0.33,0,4,0
3728,A,21,39800.0,13.5,0.295,1,3,0
3729,A,60,48800.0,3.2,0.313,1,1,0
3730,A,51,25500.0,8.9,0.167,1,2,0
3731,A,39,25200.0,10.0,0.28,0,3,0
3732,B,60,29700.0,8.4,0.373,0,5,0
3733,A,48,28500.0,5.8,0.394,0,1,0
3734,B,24,43400.0,2.9,0.366,0,4,0
3735,B,59,26400.0,2.8,0.716,1,4,0
3736,A,62,24800.0,9.9,0.223,1,1,0
3737,A,45,42600.0,7.2,0.085,0,2,0
3738,A,21,39600.0,10.3,0.313,0,1,0
3739,B,57,24200.0,4.6,0.524,0,2,1
3740,A,36,28800.0,6.8,0.274,0,4,0
3741,B,56,28400.0,12.3,0.417,0,3,0
3742,B,56,18500.0,3.7,0.409,1,2,0
3743,A,35,16800.0,5.3,0.231,0,3,1
3744,A,21,42100.0,19.9,0.071,0,3,0
3745,A,29,46400.0,4.0,0.196,1,3,0
3746,A,57,18600.0,24.0,0.429,0,1,0
3747,A,58,31500.0,6.6,0.535,0,4,0
3748,B,38,32100.0,6.2,0.203,1,5,1
3749,A,52,34100.0,3.8,0.233,0,1,0
3750,A,36,47800.0,13.7,0.538,0,2,0
3751,A,41,34800.0,14.3,0.282,0,2,0
3752,B,26,23900.0,5.9,0.146,0,2,0
3753,A,28,40900.0,18.6,0.274,0,3,0
3754,B,21,22400.0,2.4,0.291,0,4,0
3755,A,28,65300.0,10.5,0.362,1,2,0
3756,A,33,28100.0,8.5,0.239,0,1,0
3757,A,41,58200.0,9.0,0.289,0,4,0
3758,A,30,36300.0,7.9,0.262,1,4,0
3759,A,48,62300.0,4.8,0.349,0,1,0
3760,B,58,53400.0,3.0,0.505,1,5,0
3761,B,24,50800.0,8.8,0.496,0,3,0
3762,A,34,25200.0,15.7,0.243,1,5,1
3763,B,46,55600.0,11.5,0.273,0,4,0
3764,A,45,20700.0,8.8,0.456,0,3,0
3765,A,34,48600.0,12.4,0.501,0,2,0
3766,B,25,26800.0,9.8,0.196,1,5,0
3767,B,65,75100.0,3.5,0.309,1,2,0
3768,A,45,23300.0,10.7,0.159,0,4,0
3769,A,43,26900.0,7.4,0.409,1,4,1
3770,A,41,21800.0,3.0,0.075,0,3,0
3771,B,69,37200.0,11.6,0.257,1,2,0
3772,A,30,72400.0,9.5,0.486,0,1,0
3773,A,51,36900.0,12.8,0.31,0,1,0
3774,B,49,29100.0,5.2,0.515,0,3,0
3775,B,30,33000.0,2.8,0.325,1,4,1
3776,A,47,34200.0,9.2,0.219,0,1,0
3777,A,27,53200.0,6.9,0.4,0,5,0
3778,A,25,25400.0,14.9,0.193,0,1,0
3779,A,40,58000.0,2.6,0.272,1,2,0
3780,A,65,27300.0,8.2,0.525,0,3,0
3781,A,35,23600.0,5.9,0.27,0,1,0
3782,A,44,29800.0,5.0,0.218,0,3,0
3783,A,50,43300.0,5.6,0.517,1,4,0
3784,A,29,86200.0,9.2,0.437,2,2,0
3785,A,34,22000.0,7.1,0.186,1,2,0
3786,A,56,30700.0,8.6,0.166,0,3,0
3787,A,34,47000.0,11.2,0.325,0,3,0
3788,A,53,49200.0,5.6,0.541,0,3,0
3789,B,42,37600.0,2.5,0.423,0,2,0
3790,A,25,23300.0,5.5,0.397,1,4,0
3791,A,21,44400.0,7.6,0.244,2,2,0
3792,B,44,17900.0,2.6,0.152,2,2,0
3793,B,62,29900.0,7.1,0.094,0,3,0
3794,B,33,42800.0,8.1,0.24,1,3,0
3795,A,42,66400.0,4.9,0.297,0,1,0
3796,A,40,58500.0,9.3,0.521,0,2,0
3797,A,21,48400.0,6.7,0.352,0,3,0
3798,A,47,29900.0,10.9,0.603,0,3,0
3799,B,53,60600.0,2.3,0.392,1,2,0
3800,A,61,32900.0,9.3,0.228,0,4,0
3801,B,33,25400.0,3.0,0.466,0,4,0
3802,A,33,47300.0,14.0,0.229,1,2,0
3803,A,42,59500.0,10.7,0.323,1,1,0
3804,A,50,43700.0,8.9,0.368,0,2,0
3805,A,31,42100.0,12.9,0.197,0,3,0
3806,B,28,25900.0,3.6,0.33,0,2,0
3807,A,42,41500.0,16.1,0.328,0,1,0
3808,A,42,70500.0,8.6,0.485,1,2,0
3809,A,37,71700.0,4.0,0.366,1,5,0
3810,A,51,66000.0,13.3,0.508,1,1,0
3811,A,56,56100.0,5.6,0.232,1,1,0
3812,A,46,41500.0,3.1,0.436,1,3,0
3813,A,46,45600.0,6.5,0.408,1,2,0
3814,B,38,33400.0,7.9,0.318,0,5,0
3815,B,60,28400.0,3.8,0.252,0,4,0
3816,B,30,32200.0,3.7,0.298,0,4,0
3817,A,23,58200.0,8.2,0.244,0,5,0
3818,A,48,92000.0,8.5,0.292,0,3,0
3819,A,27,56200.0,3.7,0.274,1,5,0
3820,B,42,33000.0,1.5,0.54,1,5,1
3821,B,31,65900.0,4.6,0.249,0,5,0
3822,B,32,13400.0,9.0,0.463,0,4,0
3823,B,36,49600.0,1.9,0.28,1,4,0
3824,A,32,43100.0,13.3,0.386,0,4,0
3825,A,38,34700.0,12.7,0.342,0,3,0
3826,A,39,30400.0,4.0,0.368,0,5,0
3827,A,37,35900.0,7.8,0.141,0,1,0
3828,A,46,19500.0,3.3,0.321,0,1,0
3829,A,35,44000.0,8.3,0.096,0,4,0
3830,A,43,50700.0,10.2,0.307,0,1,0
3831,B,43,30400.0,5.0,0.219,0,4,0
3832,A,52,22000.0,10.3,0.411,0,3,0
3833,A,22,45100.0,6.5,0.484,1,4,1
3834,B,53,11000.0,4.5,0.266,1,5,0
3835,A,23,30300.0,10.1,0.171,0,3,0
3836,B,22,40500.0,4.6,0.546,0,3,0
3837,A,34,20800.0,6.0,0.356,0,1,0
3838,B,48,23700.0,3.9,0.683,0,4,0
3839,B,43,39700.0,3.6,0.432,1,3,1
3840,A,53,16400.0,5.2,0.185,0,3,1
3841,B,37,35100.0,9.6,0.287,0,5,0
3842,A,34,53600.0,6.6,0.433,0,4,0
3843,A,21,31900.0,10.7,0.255,0,5,0
3844,A,21,13200.0,13.1,0.181,1,1,0
3845,B,21,18500.0,7.2,0.524,1,5,1
3846,B,38,28500.0,4.4,0.3,0,4,0
3847,A,37,39600.0,8.8,0.461,0,3,0
3848,A,46,32900.0,11.5,0.396,0,1,0
3849,A,31,47400.0,5.8,0.376,0,4,0
3850,A,38,66300.0,11.1,0.02,0,2,0
3851,B,30,27200.0,6.1,0.52,1,5,0
3852,A,46,29300.0,21.2,0.324,1,2,0
3853,A,42,33000.0,10.1,0.068,2,4,0
3854,A,33,57000.0,8.9,0.201,0,5,0
3855,A,28,29600.0,8.1,0.524,0,4,0
3856,A,21,44800.0,5.0,0.02,0,3,0
3857,A,42,40300.0,6.3,0.348,0,1,0
3858,B,36,20300.0,17.3,0.384,0,4,0
3859,A,41,13200.0,6.6,0.513,0,4,1
3860,A,42,31600.0,20.4,0.18,0,4,0
3861,A,47,71600.0,7.0,0.258,1,2,0
3862,A,42,37800.0,7.8,0.02,2,4,0
3863,A,45,33400.0,9.5,0.231,0,3,0
3864,B,26,21400.0,14.8,0.188,2,4,0
3865,A,50,11700.0,3.0,0.201,0,1,0
3866,A,68,39200.0,9.5,0.23,0,2,0
3867,B,40,35000.0,2.2,0.336,0,3,0
3868,B,52,30500.0,6.2,0.397,0,5,1
3869,B,38,33600.0,4.9,0.192,0,4,0
3870,A,51,49400.0,15.2,0.281,0,1,0
3871,B,47,21700.0,8.0,0.165,0,4,1
3872,B,32,29900.0,6.0,0.222,0,4,0
3873,A,21,45100.0,14.3,0.3,1,2,1
3874,A,21,62700.0,18.2,0.197,1,1,0
3875,A,29,51900.0,12.9,0.166,0,3,0
3876,A,49,26300.0,3.1,0.286,0,3,0
3877,A,46,62700.0,10.4,0.153,0,1,0
3878,A,38,20200.0,7.2,0.149,0,3,1
3879,A,39,25700.0,6.6,0.408,0,1,1
3880,A,43,35400.0,4.8,0.43,0,5,0
3881,B,39,25800.0,5.6,0.491,0,5,1
3882,B,21,21700.0,1.5,0.435,0,3,0
3883,B,48,32600.0,5.1,0.394,2,4,0
3884,B,46,19400.0,2.6,0.253,0,1,0
3885,A,54,31900.0,3.5,0.481,0,3,1
3886,A,49,56400.0,8.3,0.367,1,1,0
3887,B,66,30600.0,6.8,0.162,1,4,0
3888,A,25,57600.0,5.5,0.326,0,2,0
3889,B,33,30200.0,0.4,0.133,0,4,0
3890,A,44,45400.0,3.5,0.459,0,1,0
3891,B,54,19700.0,4.2,0.301,2,4,0
3892,A,38,35200.0,4.6,0.333,3,3,0
3893,A,64,65600.0,2.9,0.296,0,1,0
3894,A,41,30900.0,10.7,0.431,0,2,0
3895,A,21,36300.0,8.1,0.559,0,4,0
3896,B,37,20300.0,12.9,0.234,1,4,0
3897,B,32,20000.0,6.9,0.395,0,5,0
3898,B,43,20300.0,8.1,0.661,2,5,1
3899,A,34,30700.0,11.0,0.289,1,1,0
3900,A,33,34700.0,6.9,0.263,3,2,0
3901,A,21,31600.0,8.2,0.273,2,1,0
3902,A,57,10300.0,2.5,0.356,0,3,0
3903,B,48,26400.0,5.1,0.345,0,3,0
3904,A,41,21800.0,9.0,0.225,0,3,0
3905,B,41,33100.0,1.0,0.511,2,5,1
3906,A,47,26700.0,16.5,0.358,2,2,1
3907,A,32,51200.0,7.9,0.5,2,2,0
3908,B,31,19100.0,6.4,0.389,1,4,1
3909,A,35,33600.0,7.2,0.387,1,3,1
3910,A,40,35100.0,6.1,0.092,0,1,0
3911,A,75,23700.0,8.4,0.409,0,3,0
3912,A,43,40500.0,7.4,0.326,0,1,0
3913,A,38,31600.0,9.4,0.274,0,2,0
3914,A,30,20300.0,10.3,0.102,0,2,0
3915,A,49,30700.0,11.0,0.241,0,1,0
3916,B,36,14400.0,1.0,0.412,0,5,1
3917,A,59,38700.0,3.2,0.321,0,3,0
3918,A,34,32400.0,21.0,0.438,1,3,0
3919,B,48,30800.0,5.8,0.47,2,5,1
3920,A,44,37000.0,15.2,0.258,0,1,0
3921,B,43,52100.0,3.5,0.196,1,4,0
3922,A,29,27800.0,9.0,0.171,0,4,0
3923,B,21,32700.0,8.2,0.527,0,4,0
3924,A,55,20100.0,14.5,0.257,1,1,0
3925,A,28,45400.0,14.6,0.44,1,3,0
3926,A,40,94100.0,17.9,0.249,1,1,0
3927,A,42,54500.0,2.6,0.213,0,1,0
3928,B,40,27000.0,16.6,0.324,0,3,0
3929,B,21,47200.0,6.0,0.494,0,3,0
3930,A,38,49400.0,11.0,0.4,0,1,0
3931,B,42,35900.0,0.2,0.425,0,3,0
3932,A,37,46900.0,4.9,0.171,0,4,0
3933,A,32,84200.0,11.0,0.447,1,5,0
3934,A,53,25400.0,15.4,0.347,0,2,0
3935,A,43,37000.0,3.4,0.344,0,4,0
3936,A,24,34700.0,6.3,0.382,0,3,0
3937,B,38,23400.0,3.0,0.392,0,2,0
3938,A,57,50800.0,11.4,0.333,1,5,0
3939,B,29,18000.0,3.9,0.185,2,4,0
3940,A,39,22300.0,10.1,0.351,0,2,1
3941,B,36,27300.0,11.9,0.408,2,4,0
3942,A,57,90600.0,2.5,0.564,1,1,0
3943,A,48,36100.0,11.0,0.445,0,2,1
3944,A,45,32800.0,10.1,0.279,0,1,0
3945,B,47,35000.0,5.0,0.142,2,3,0
3946,A,58,35500.0,10.8,0.215,1,3,0
3947,A,35,35800.0,9.2,0.27,0,3,0
3948,A,36,34800.0,5.4,0.358,0,4,0
3949,A,33,60400.0,7.3,0.349,0,1,0
3950,A,46,47300.0,3.9,0.274,0,3,0
3951,A,49,35100.0,8.9,0.302,1,2,0
3952,A,21,38700.0,9.8,0.257,2,5,1
3953,B,56,22300.0,8.7,0.35,1,1,0
3954,B,36,42400.0,3.6,0.176,0,5,0
3955,A,21,54300.0,10.2,0.176,0,2,0
3956,A,46,79300.0,5.5,0.214,1,4,0
3957,A,31,11300.0,8.6,0.496,1,1,0
3958,A,36,36800.0,8.0,0.33,1,1,0
3959,B,35,45900.0,5.8,0.306,2,4,0
3960,A,33,66700.0,19.6,0.381,0,3,0
3961,B,45,16300.0,4.3,0.41,0,4,0
3962,B,47,20000.0,1.8,0.311,0,4,0
3963,A,21,32100.0,5.7,0.15,1,2,1
3964,A,31,27900.0,6.1,0.248,0,1,0
3965,B,53,32900.0,4.0,0.411,0,5,0
3966,A,50,19900.0,6.9,0.259,1,3,0
3967,A,29,26200.0,2.2,0.217,0,3,0
3968,A,42,42400.0,5.3,0.298,0,1,0
3969,A,34,34600.0,4.4,0.45,0,3,1
3970,A,21,32500.0,7.3,0.257,3,4,1
3971,B,46,28900.0,14.0,0.262,0,3,0
3972,A,34,60100.0,10.9,0.432,0,3,0
3973,A,39,52700.0,8.2,0.255,1,2,0
3974,A,40,45700.0,7.5,0.192,0,4,0
3975,A,29,41900.0,2.5,0.145,3,4,0
3976,B,45,69300.0,6.0,0.224,0,3,0
3977,A,32,46200.0,3.1,0.463,0,1,0
3978,A,36,63300.0,4.7,0.311,0,2,0
3979,A,46,26600.0,17.6,0.272,0,4,0
3980,A,43,43400.0,5.7,0.311,0,1,1
3981,A,29,26900.0,25.8,0.486,1,2,0
3982,A,29,49600.0,7.2,0.169,0,1,0
3983,A,34,25700.0,12.9,0.047,0,1,0
3984,A,21,24400.0,11.1,0.388,0,2,0
3985,A,49,20900.0,11.7,0.257,0,1,0
3986,B,53,30600.0,2.9,0.277,0,3,0
3987,A,34,22500.0,22.0,0.107,0,1,0
3988,A,23,33200.0,5.7,0.391,1,5,1
3989,B,38,23400.0,4.9,0.268,0,5,0
3990,B,38,37900.0,14.6,0.083,0,3,0
3991,A,38,20000.0,12.4,0.511,1,1,0
3992,A,21,66300.0,4.7,0.425,2,2,0
3993,A,22,22600.0,9.1,0.285,1,3,0
3994,A,53,45500.0,20.6,0.322,0,2,0
3995,A,47,29000.0,5.4,0.377,0,2,0
3996,A,46,45500.0,11.6,0.173,0,2,0
3997,A,52,36500.0,12.0,0.323,0,4,0
3998,A,52,63200.0,12.8,0.381,0,1,0
3999,A,25,50900.0,8.5,0.529,0,1,0
4000,B,46,65700.0,4.9,0.395,1,3,0
4001,A,32,27900.0,10.6,0.441,0,4,0
4002,B,34,28600.0,4.6,0.306,2,4,0
4003,A,46,70000.0,12.1,0.304,0,3,0
4004,A,34,25800.0,11.7,0.394,2,1,1
4005,A,44,27000.0,10.7,0.295,0,1,0
4006,A,52,25400.0,7.0,0.384,0,2,0
4007,A,44,22700.0,15.1,0.391,1,1,0
4008,B,52,15300.0,8.0,0.373,0,3,0
4009,A,43,23400.0,11.2,0.081,1,2,0
4010,A,37,48100.0,9.6,0.294,2,4,0
4011,A,37,64600.0,3.3,0.397,0,5,0
4012,B,40,34800.0,7.9,0.38,1,4,0
4013,A,44,53300.0,14.8,0.49,0,1,0
4014,A,41,23200.0,6.6,0.321,0,4,0
4015,A,24,64200.0,9.7,0.058,1,1,0
4016,B,34,59600.0,6.2,0.268,0,3,0
4017,A,48,73300.0,15.7,0.188,0,1,0
4018,A,21,43400.0,8.7,0.197,0,1,0
4019,A,42,21300.0,15.0,0.446,0,3,0
4020,A,58,67800.0,2.2,0.263,0,1,0
4021,B,40,21600.0,4.5,0.424,0,3,0
4022,A,29,57300.0,4.7,0.38,0,3,0
4023,A,33,21800.0,8.6,0.376,0,4,1
4024,A,43,45800.0,9.7,0.249,1,3,0
4025,A,52,26700.0,8.2,0.362,0,3,0
4026,B,50,29900.0,2.9,0.382,2,2,0
4027,B,21,21400.0,12.2,0.439,0,4,0
4028,A,39,24200.0,10.7,0.246,1,2,0
4029,B,43,21000.0,16.4,0.293,0,5,0
4030,A,56,45300.0,19.6,0.286,0,3,0
4031,B,48,55300.0,10.6,0.384,1,4,0
4032,A,48,25200.0,12.3,0.402,2,5,0
4033,A,50,30800.0,14.8,0.235,0,2,0
4034,A,45,36200.0,5.5,0.155,1,1,0
4035,A,54,57200.0,9.9,0.563,0,2,0
4036,A,48,64000.0,5.7,0.273,0,1,0
4037,A,44,14200.0,8.6,0.211,0,2,0
4038,A,44,29000.0,20.2,0.246,0,3,0
4039,A,45,40800.0,1.9,0.493,0,3,1
4040,B,40,68700.0,5.0,0.734,0,1,0
4041,A,21,44500.0,28.0,0.104,0,1,0
4042,A,29,113500.0,5.5,0.436,0,3,0
4043,B,41,50300.0,14.7,0.308,1,5,0
4044,A,46,40300.0,2.6,0.328,0,2,0
4045,B,57,37800.0,3.7,0.471,0,1,1
4046,B,35,37500.0,9.9,0.246,0,4,1
4047,A,57,29700.0,2.8,0.441,0,5,1
4048,A,39,53200.0,5.9,0.255,1,3,0
4049,B,44,18500.0,6.0,0.315,0,4,0
4050,A,32,38800.0,7.6,0.429,1,1,0
4051,A,30,23200.0,4.9,0.398,1,1,0
4052,A,55,40900.0,3.7,0.296,1,2,1
4053,A,51,24300.0,9.0,0.306,1,1,0
4054,A,35,48800.0,9.5,0.212,1,2,0
4055,A,32,27100.0,12.1,0.02,1,1,0
4056,A,45,52300.0,8.3,0.283,0,2,0
4057,A,35,26500.0,8.4,0.511,0,3,0
4058,B,51,16600.0,4.2,0.383,0,4,0
4059,B,45,28900.0,11.4,0.359,2,3,0
4060,A,48,15300.0,3.4,0.181,0,3,0
4061,A,42,20200.0,4.3,0.307,0,4,0
4062,A,54,13000.0,12.6,0.081,1,3,1
4063,A,21,25800.0,19.1,0.298,0,2,0
4064,A,21,43600.0,17.3,0.185,0,1,0
4065,B,38,55500.0,0.5,0.493,0,5,0
4066,A,50,45800.0,10.3,0.137,0,1,0
4067,A,37,40900.0,9.7,0.426,1,4,0
4068,A,29,21500.0,15.2,0.174,0,2,0
4069,A,24,29300.0,6.0,0.272,0,3,0
4070,B,54,69700.0,1.3,0.205,1,5,0
4071,A,23,51100.0,6.8,0.536,1,1,1
4072,A,50,57000.0,8.5,0.302,0,4,0
4073,A,37,30400.0,6.8,0.14,0,1,0
4074,A,21,12500.0,9.1,0.158,0,1,0
4075,A,39,41100.0,4.5,0.132,1,4,0
4076,A,42,85700.0,5.4,0.42,0,1,0
4077,A,30,30800.0,5.4,0.435,0,1,1
4078,B,31,79900.0,6.8,0.399,0,2,0
4079,A,45,40100.0,4.4,0.21,1,4,0
4080,A,38,25900.0,14.7,0.189,0,2,0
4081,B,44,19500.0,12.6,0.375,0,5,0
4082,B,27,32300.0,10.1,0.406,1,3,0
4083,A,75,23300.0,30.0,0.419,0,3,0
4084,A,30,48800.0,1.7,0.273,1,1,0
4085,A,49,40800.0,10.9,0.255,0,4,0
4086,A,40,33000.0,6.7,0.309,0,4,0
4087,A,38,45000.0,8.8,0.395,2,1,0
4088,A,53,13500.0,4.2,0.242,0,1,0
4089,A,43,24600.0,5.5,0.235,0,3,0
4090,A,46,37500.0,7.8,0.393,0,1,0
4091,A,35,34400.0,8.1,0.522,1,3,0
4092,A,40,36200.0,9.4,0.281,0,2,0
4093,A,41,89900.0,2.4,0.147,0,3,0
4094,A,73,14900.0,14.3,0.187,2,2,0
4095,A,31,22200.0,13.4,0.296,0,2,0
4096,A,26,64800.0,7.5,0.1,0,3,0
4097,A,35,37300.0,13.1,0.184,2,1,0
4098,A,21,46100.0,18.9,0.138,1,4,0
4099,B,33,26400.0,8.6,0.296,1,5,0
4100,A,42,63300.0,19.2,0.26,2,3,0
4101,B,34,28700.0,4.1,0.37,0,5,0
4102,B,35,62100.0,4.5,0.401,0,4,0
4103,A,41,55800.0,12.6,0.248,0,3,0
4104,A,22,33100.0,30.0,0.281,1,2,0
4105,A,41,23400.0,7.1,0.259,0,3,1
4106,A,35,33300.0,7.6,0.111,0,4,0
4107,A,51,25200.0,20.8,0.205,1,1,0
4108,A,32,76200.0,8.4,0.287,0,1,0
4109,B,26,10700.0,5.3,0.204,0,5,0
4110,A,45,20300.0,8.1,0.553,1,2,1
4111,A,39,28800.0,13.5,0.282,0,1,0
4112,A,32,46500.0,8.5,0.499,1,2,0
4113,B,54,31500.0,2.0,0.426,1,3,0
4114,A,26,63700.0,4.8,0.4,0,5,0
4115,B,46,35800.0,0.5,0.526,2,5,1
4116,A,49,22700.0,7.0,0.301,1,3,0
4117,A,47,71400.0,4.7,0.195,0,1,0
4118,B,37,32800.0,6.4,0.263,1,4,0
4119,A,51,31900.0,13.2,0.578,1,1,1
4120,A,47,44800.0,9.0,0.085,0,2,0
4121,B,21,30100.0,4.6,0.479,0,4,1
4122,A,51,27000.0,11.2,0.364,1,3,0
4123,B,48,47400.0,11.6,0.439,0,3,0
4124,A,35,20100.0,9.1,0.144,0,4,0
4125,B,57,37900.0,12.8,0.616,3,2,1
4126,A,39,51300.0,16.4,0.233,0,3,0
4127,A,36,113700.0,5.0,0.22,1,2,0
4128,A,49,17800.0,6.0,0.214,1,1,0
4129,A,26,32100.0,6.1,0.421,1,2,0
4130,B,38,34200.0,5.2,0.354,1,5,0
4131,B,47,38400.0,1.0,0.354,1,4,0
4132,A,44,53200.0,12.3,0.369,0,2,0
4133,A,46,25500.0,4.2,0.439,2,3,1
4134,A,39,34700.0,2.1,0.464,2,1,1
4135,A,47,20600.0,4.6,0.244,0,2,0
4136,B,29,36400.0,14.2,0.493,0,4,0
4137,A,71,24400.0,8.8,0.455,0,1,1
4138,A,28,91200.0,9.4,0.684,1,1,0
4139,A,35,29400.0,14.1,0.372,0,3,0
4140,A,32,49500.0,13.9,0.035,0,1,0
4141,A,42,48400.0,17.3,0.344,0,2,0
4142,A,39,45800.0,4.8,0.437,0,3,0
4143,A,60,24400.0,12.2,0.228,0,1,0
4144,A,49,49300.0,10.6,0.255,0,4,0
4145,A,47,49700.0,17.0,0.241,1,1,0
4146,B,30,26400.0,5.6,0.272,0,2,0
4147,A,54,20300.0,9.5,0.221,0,2,0
4148,A,41,28600.0,4.8,0.388,1,1,1
4149,B,49,24700.0,5.3,0.207,1,4,0
4150,B,37,74200.0,3.4,0.439,0,5,0
4151,A,38,25300.0,15.8,0.346,0,1,0
4152,A,45,18900.0,8.6,0.217,0,3,0
4153,B,50,13400.0,3.3,0.642,0,4,1
4154,A,30,57000.0,8.7,0.323,2,2,0
4155,A,51,38100.0,5.4,0.335,1,4,1
4156,A,33,23500.0,3.1,0.413,1,3,1
4157,A,46,21900.0,8.2,0.516,0,3,0
4158,A,67,54500.0,11.8,0.121,0,3,0
4159,A,46,42800.0,7.5,0.468,1,1,0
4160,A,40,30500.0,17.4,0.342,0,1,0
4161,A,44,19900.0,12.1,0.214,0,2,0
4162,A,62,30600.0,13.5,0.338,0,4,0
4163,A,68,29800.0,8.1,0.342,2,2,0
4164,B,21,10300.0,7.3,0.311,0,5,0
4165,A,29,47600.0,5.9,0.235,0,1,0
4166,A,31,24000.0,10.3,0.206,1,1,0
4167,B,26,18500.0,3.2,0.185,1,3,0
4168,A,56,14400.0,9.7,0.021,0,2,0
4169,B,51,32200.0,4.2,0.239,2,4,1
4170,A,54,64500.0,20.3,0.227,0,1,0
4171,B,37,10800.0,6.5,0.269,1,3,1
4172,A,59,55700.0,10.3,0.314,0,1,0
4173,A,46,40700.0,4.7,0.465,0,1,0
4174,A,40,69300.0,5.5,0.194,0,1,0
4175,A,40,90700.0,4.5,0.262,0,2,0
4176,A,36,22700.0,7.4,0.144,0,2,0
4177,B,27,58500.0,2.9,0.224,0,4,0
4178,B,35,29900.0,1.2,0.207,0,4,0
4179,A,46,32400.0,20.4,0.404,1,1,0
4180,A,45,22400.0,5.2,0.328,0,4,0
4181,A,40,68800.0,4.7,0.133,0,2,0
4182,A,44,29700.0,11.4,0.205,0,3,0
4183,A,53,69100.0,6.5,0.406,0,2,0
4184,A,52,28900.0,7.1,0.247,0,1,0
4185,B,31,16900.0,7.2,0.346,0,5,0
4186,B,24,26900.0,5.5,0.406,0,5,0
4187,A,47,38500.0,3.5,0.31,0,3,0
4188,B,56,16100.0,3.1,0.351,0,5,0
4189,A,30,45400.0,6.7,0.288,0,2,0
4190,A,68,34200.0,3.0,0.336,0,5,0
4191,A,39,46100.0,11.8,0.378,1,2,0
4192,A,55,67200.0,7.0,0.336,0,1,0
4193,A,45,31300.0,6.9,0.396,0,2,0
4194,B,41,42100.0,6.2,0.44,1,5,1
4195,A,46,24800.0,13.5,0.162,0,3,0
4196,B,69,33600.0,9.4,0.394,1,4,0
4197,A,54,40200.0,22.9,0.392,0,4,0
4198,A,32,28000.0,6.5,0.515,0,5,0
4199,B,61,35900.0,10.3,0.524,0,2,0
4200,B,49,28500.0,5.0,0.533,1,5,0
4201,A,34,60900.0,10.2,0.503,0,5,0
4202,A,55,42500.0,11.7,0.431,0,1,0
4203,A,48,39000.0,4.6,0.414,0,2,0
4204,B,30,21100.0,12.2,0.243,0,3,0
4205,A,31,15300.0,13.0,0.172,0,4,0
4206,B,46,37000.0,1.5,0.227,0,4,0
4207,A,35,42300.0,7.8,0.233,0,3,0
4208,A,34,38200.0,10.3,0.18,0,3,0
4209,A,58,37400.0,9.8,0.372,0,1,0
4210,A,55,26700.0,2.4,0.172,0,2,0
4211,B,36,26900.0,3.1,0.631,0,5,0
4212,A,53,49100.0,8.9,0.369,1,4,0
4213,A,39,33800.0,15.6,0.13,0,5,0
4214,A,42,33500.0,6.3,0.398,0,4,0
4215,A,47,56300.0,12.3,0.505,1,4,0
4216,A,57,22500.0,4.8,0.209,2,3,1
4217,A,59,56800.0,6.1,0.345,1,1,0
4218,B,57,42500.0,6.2,0.469,1,3,0
4219,A,42,40300.0,16.7,0.432,2,2,0
4220,A,42,27600.0,5.1,0.155,2,1,1
4221,A,27,33100.0,15.7,0.577,1,3,1
4222,A,57,25500.0,4.8,0.272,0,3,0
4223,A,45,40000.0,7.7,0.457,0,5,0
4224,B,43,46200.0,3.7,0.469,1,4,0
4225,B,36,51200.0,1.7,0.336,1,3,0
4226,A,50,20700.0,4.1,0.248,0,1,0
4227,A,21,21300.0,7.1,0.394,0,2,0
4228,A,38,29900.0,2.8,0.326,0,4,0
4229,A,23,37600.0,8.0,0.281,1,3,0
4230,B,47,29900.0,9.9,0.47,1,4,0
4231,B,40,22100.0,5.4,0.383,1,5,1
4232,A,39,29800.0,5.4,0.496,2,2,1
4233,A,45,64700.0,13.4,0.473,0,3,0
4234,A,50,34500.0,7.2,0.27,1,1,0
4235,B,42,40400.0,2.9,0.064,2,3,0
4236,B,42,21800.0,8.4,0.445,1,4,0
4237,A,51,29300.0,16.5,0.249,0,1,0
4238,A,51,34000.0,11.1,0.143,2,3,0
4239,A,48,25200.0,2.2,0.372,0,1,0
4240,A,28,47300.0,6.4,0.347,0,3,0
4241,B,42,47700.0,3.8,0.204,0,3,0
4242,B,42,19200.0,5.9,0.349,0,5,0
4243,A,36,38000.0,8.3,0.438,0,2,1
4244,A,38,49500.0,6.8,0.263,0,1,0
4245,B,36,41400.0,5.2,0.431,0,5,0
4246,A,36,72500.0,7.1,0.242,1,3,0
4247,A,55,35700.0,14.5,0.203,0,1,0
4248,A,42,72000.0,3.4,0.423,0,2,0
4249,A,32,31400.0,5.6,0.264,0,1,0
4250,A,52,23300.0,2.5,0.02,1,1,0
4251,B,47,30700.0,2.4,0.599,0,4,1
4252,B,51,24500.0,1.5,0.425,0,4,0
4253,B,60,25700.0,16.7,0.308,0,3,0
4254,A,39,72100.0,8.5,0.02,0,2,0
4255,B,58,38500.0,2.2,0.265,0,4,0
4256,A,35,34300.0,3.6,0.24,0,1,0
4257,A,34,15800.0,6.9,0.349,1,2,0
4258,A,53,29000.0,6.4,0.145,2,2,0
4259,A,44,65200.0,8.0,0.546,0,1,0
4260,B,21,34000.0,8.8,0.244,0,4,0
4261,A,54,35600.0,11.6,0.376,0,4,0
4262,B,41,29500.0,0.8,0.143,0,5,1
4263,A,24,31500.0,3.4,0.496,2,1,0
4264,A,58,61500.0,13.3,0.11,0,5,0
4265,A,32,46300.0,5.8,0.348,0,3,0
4266,A,56,32300.0,6.4,0.184,2,1,0
4267,B,28,52900.0,21.1,0.393,1,5,0
4268,A,23,30400.0,6.6,0.206,1,2,0
4269,B,44,27200.0,0.8,0.338,0,5,1
4270,A,21,24700.0,16.3,0.451,1,3,0
4271,A,49,48200.0,9.4,0.457,1,1,0
4272,A,49,35500.0,14.1,0.361,0,1,0
4273,A,39,23400.0,2.8,0.519,0,2,1
4274,B,58,23000.0,6.5,0.402,0,4,0
4275,A,21,27600.0,19.8,0.365,1,2,0
4276,B,37,34000.0,2.0,0.238,1,4,0
4277,A,48,43800.0,5.5,0.315,0,1,0
4278,A,44,19500.0,11.4,0.398,0,1,0
4279,A,39,35000.0,8.2,0.238,0,4,0
4280,A,52,37600.0,17.6,0.299,0,2,0
4281,A,40,21100.0,3.0,0.02,0,1,0
4282,A,53,33500.0,15.5,0.215,0,4,0
4283,A,43,53200.0,6.5,0.155,0,4,0
4284,A,30,26600.0,11.1,0.279,0,3,0
4285,A,55,34100.0,7.1,0.165,0,1,0
4286,A,38,39100.0,12.7,0.226,1,1,0
4287,A,42,52700.0,4.0,0.257,0,4,0
4288,A,48,31800.0,7.5,0.2,1,3,0
4289,A,40,22200.0,10.9,0.196,0,1,0
4290,A,49,64800.0,4.6,0.182,0,4,0
4291,B,39,56400.0,2.8,0.445,0,3,0
4292,A,33,54700.0,3.3,0.302,1,3,0
4293,B,55,44100.0,2.3,0.24,0,5,0
4294,B,32,57700.0,3.5,0.456,0,4,0
4295,B,21,38700.0,2.2,0.305,0,4,0
4296,A,43,21600.0,20.4,0.256,0,2,0
4297,A,29,36200.0,10.3,0.21,0,3,0
4298,A,55,25300.0,21.1,0.488,0,3,0
4299,A,32,19000.0,9.7,0.16,0,1,0
4300,A,40,36900.0,11.5,0.083,0,1,0
4301,A,21,52000.0,9.4,0.56,0,3,0
4302,A,48,25400.0,6.3,0.405,0,3,0
4303,A,25,67800.0,7.0,0.418,0,3,0
4304,A,29,30100.0,9.9,0.397,1,2,1
4305,A,47,36800.0,17.5,0.537,1,2,0
4306,A,41,46000.0,18.5,0.31,0,5,0
4307,A,28,26300.0,8.0,0.31,1,1,0
4308,A,44,82500.0,21.7,0.478,1,1,0
4309,A,28,19900.0,2.6,0.215,0,2,0
4310,A,45,22900.0,6.9,0.116,1,1,0
4311,A,32,42500.0,4.0,0.515,0,1,0
4312,A,52,63000.0,11.7,0.29,0,1,0
4313,A,38,32000.0,13.8,0.149,0,2,0
4314,A,40,31300.0,10.0,0.139,1,2,0
4315,A,21,26400.0,6.2,0.264,1,2,0
4316,A,35,33300.0,12.9,0.462,2,1,0
4317,A,46,24000.0,9.1,0.202,1,2,1
4318,A,28,60900.0,5.0,0.456,0,1,0
4319,B,43,43800.0,13.5,0.579,1,3,0
4320,A,50,26200.0,14.3,0.367,0,3,0
4321,A,23,38500.0,11.0,0.233,1,4,0
4322,A,28,32200.0,4.2,0.544,0,4,0
4323,B,52,34600.0,2.2,0.454,1,3,1
4324,A,39,31000.0,7.4,0.26,0,3,0
4325,A,31,32500.0,8.5,0.356,0,3,0
4326,A,23,46200.0,4.4,0.307,0,1,0
4327,B,50,44900.0,5.5,0.766,0,4,0
4328,A,34,32000.0,11.0,0.313,0,2,1
4329,B,23,23200.0,7.9,0.399,0,2,0
4330,A,42,38100.0,17.1,0.267,1,5,0
4331,A,43,21100.0,14.8,0.039,0,1,0
4332,B,46,56700.0,4.0,0.221,1,3,0
4333,A,26,43400.0,16.2,0.379,0,3,0
4334,B,39,9400.0,3.8,0.386,1,5,0
4335,A,60,71400.0,13.9,0.348,0,5,0
4336,A,26,74500.0,16.8,0.523,0,2,0
4337,A,45,27900.0,14.4,0.403,3,1,0
4338,A,36,17600.0,5.1,0.493,1,2,1
4339,A,37,34400.0,3.9,0.414,0,3,0
4340,A,33,47500.0,4.0,0.39,2,2,1
4341,A,38,26900.0,3.9,0.321,1,2,1
4342,A,30,26800.0,4.5,0.19,1,1,0
4343,A,55,25300.0,6.3,0.345,1,3,1
4344,B,24,31000.0,7.9,0.42,0,5,0
4345,B,32,25000.0,11.4,0.442,1,4,0
4346,A,28,38200.0,5.9,0.369,0,4,0
4347,B,48,21100.0,2.3,0.49,0,3,0
4348,B,56,38700.0,3.1,0.343,2,3,1
4349,A,53,35800.0,13.1,0.169,0,1,0
4350,B,26,27400.0,10.5,0.421,0,4,0
4351,B,40,61800.0,6.2,0.261,2,5,0
4352,A,33,33800.0,10.8,0.266,1,1,0
4353,A,35,48400.0,10.0,0.403,0,3,0
4354,B,26,37700.0,3.0,0.186,1,3,0
4355,A,44,45700.0,4.6,0.073,0,5,0
4356,A,28,24500.0,4.1,0.093,0,4,0
4357,B,33,23700.0,8.1,0.337,0,5,0
4358,A,68,55200.0,12.3,0.511,0,2,0
4359,A,66,30900.0,6.1,0.274,1,3,0
4360,A,36,29000.0,6.4,0.408,0,3,0
4361,B,37,37000.0,8.8,0.389,0,4,0
4362,B,49,19700.0,2.1,0.331,0,4,0
4363,A,33,26800.0,15.6,0.314,1,3,0
4364,A,50,31000.0,12.0,0.452,0,1,0
4365,A,62,22800.0,9.0,0.31,0,1,0
4366,A,54,23400.0,8.8,0.433,0,2,0
4367,A,43,24400.0,2.4,0.485,0,1,0
4368,A,21,47300.0,7.6,0.377,0,1,0
4369,A,34,28400.0,13.0,0.524,1,2,0
4370,A,40,68000.0,2.0,0.218,0,4,0
4371,B,54,36800.0,4.1,0.359,0,5,0
4372,A,21,68900.0,1.9,0.463,1,1,0
4373,B,39,31500.0,5.9,0.346,0,2,0
4374,B,28,20400.0,1.2,0.407,0,4,0
4375,A,52,29600.0,9.6,0.288,0,3,0
4376,A,59,24000.0,5.0,0.27,0,2,0
4377,A,26,54700.0,4.1,0.284,0,4,0
4378,B,35,28400.0,4.9,0.397,2,5,1
4379,B,46,25000.0,3.9,0.403,0,2,0
4380,B,42,30700.0,1.0,0.52,0,4,1
4381,A,48,23300.0,8.5,0.361,2,2,0
4382,B,38,55300.0,2.9,0.338,1,3,0
4383,A,58,35800.0,6.2,0.558,0,2,1
4384,B,42,26100.0,5.3,0.552,1,3,0
4385,A,65,53400.0,5.6,0.269,1,4,0
4386,A,55,37200.0,11.2,0.539,0,3,0
4387,B,41,22500.0,3.8,0.39,0,4,0
4388,B,38,35500.0,1.8,0.384,0,4,0
4389,A,53,50300.0,4.6,0.128,1,3,0
4390,A,37,63800.0,13.7,0.438,0,2,0
4391,B,21,25400.0,3.6,0.447,0,3,0
4392,A,33,26800.0,18.7,0.284,0,3,0
4393,B,27,22200.0,3.8,0.181,0,3,0
4394,A,49,25600.0,4.9,0.349,1,1,1
4395,B,35,20900.0,1.2,0.647,2,2,1
4396,A,32,40900.0,6.7,0.258,2,1,0
4397,A,35,35100.0,10.4,0.179,1,1,0
4398,B,28,34400.0,0.9,0.154,0,3,0
4399,B,65,26200.0,4.8,0.351,1,4,0
4400,A,54,38200.0,2.3,0.151,1,5,0
4401,A,65,72700.0,17.3,0.191,0,2,0
4402,B,68,32200.0,4.4,0.284,1,1,0
4403,B,57,22100.0,7.0,0.269,0,4,0
4404,A,50,40200.0,8.5,0.419,1,5,0
4405,A,68,54300.0,22.9,0.313,0,1,0
4406,B,21,48200.0,4.6,0.441,1,4,0
4407,A,39,34900.0,17.1,0.02,0,3,0
4408,A,47,40600.0,4.2,0.304,0,2,0
4409,A,38,24800.0,12.7,0.314,1,1,0
4410,A,30,48000.0,3.1,0.425,0,3,0
4411,A,48,53200.0,8.0,0.396,2,4,0
4412,A,52,23900.0,5.8,0.155,0,4,0
4413,A,37,29700.0,6.3,0.287,0,1,0
4414,B,48,14100.0,3.8,0.281,0,2,0
4415,B,40,45800.0,9.4,0.306,0,1,0
4416,A,48,26200.0,10.7,0.447,0,5,0
4417,A,24,44100.0,0.8,0.249,1,5,0
4418,B,45,42400.0,16.5,0.437,1,5,0
4419,A,50,28900.0,10.6,0.279,0,2,0
4420,A,38,79600.0,11.0,0.19,0,1,0
4421,A,45,36100.0,5.9,0.284,1,1,0
4422,B,55,40000.0,8.0,0.62,1,1,0
4423,A,54,37800.0,15.3,0.612,0,2,0
4424,A,52,46800.0,4.4,0.4,0,1,0
4425,A,29,57700.0,18.0,0.409,0,4,0
4426,B,55,39900.0,7.2,0.309,0,5,0
4427,A,34,32500.0,6.2,0.524,1,2,1
4428,A,37,60100.0,4.8,0.055,0,4,0
4429,A,55,17100.0,7.7,0.333,1,4,0
4430,B,52,27200.0,2.0,0.409,1,5,0
4431,A,35,53500.0,4.2,0.317,0,2,0
4432,A,41,32400.0,5.1,0.547,1,2,1
4433,A,22,66200.0,3.4,0.263,1,1,0
4434,A,44,20100.0,10.7,0.148,0,3,0
4435,A,53,30800.0,12.8,0.261,0,4,0
4436,A,25,56700.0,6.2,0.177,0,4,0
4437,A,54,39600.0,12.3,0.225,0,2,0
4438,A,29,83000.0,10.7,0.139,0,3,0
4439,B,48,40900.0,12.2,0.207,1,5,1
4440,A,21,24200.0,2.3,0.23,0,3,0
4441,A,31,14200.0,7.2,0.379,0,3,0
4442,A,44,37100.0,10.2,0.369,0,1,0
4443,A,21,57100.0,7.0,0.481,0,3,0
4444,A,40,48000.0,23.1,0.222,2,5,0
4445,A,59,109800.0,5.6,0.366,0,2,0
4446,A,56,43600.0,13.1,0.096,0,1,0
4447,A,48,27100.0,4.5,0.433,1,3,1
4448,B,21,19200.0,7.0,0.38,0,5,0
4449,A,32,45100.0,15.0,0.227,1,5,0
4450,A,52,35000.0,5.7,0.275,0,3,1
4451,A,33,29300.0,5.0,0.38,1,3,1
4452,A,56,25900.0,9.2,0.249,0,3,0
4453,A,62,117300.0,10.4,0.271,0,1,0
4454,A,45,34100.0,4.9,0.463,1,5,1
4455,A,67,59900.0,8.3,0.066,0,2,0
4456,A,32,49400.0,8.9,0.457,0,1,0
4457,A,46,76300.0,15.3,0.339,0,3,0
4458,A,29,42000.0,20.3,0.412,1,1,0
4459,A,32,15000.0,2.5,0.347,1,4,1
4460,A,40,31700.0,10.0,0.4,0,1,0
4461,B,39,52400.0,1.7,0.266,0,2,0
4462,A,38,52100.0,9.6,0.397,1,1,0
4463,B,39,32700.0,2.6,0.252,0,5,0
4464,B,42,41200.0,3.3,0.528,0,5,0
4465,A,51,17400.0,6.1,0.578,0,3,0
4466,A,46,41900.0,6.0,0.285,1,1,0
4467,A,33,55700.0,8.3,0.282,1,1,0
4468,B,46,26100.0,5.0,0.261,0,5,0
4469,B,39,50700.0,2.5,0.49,1,4,1
4470,B,38,19300.0,4.3,0.26,0,4,0
4471,A,49,50600.0,12.1,0.231,1,3,0
4472,A,44,27300.0,5.7,0.248,0,1,0
4473,B,24,29300.0,16.2,0.302,0,3,0
4474,A,42,27800.0,9.0,0.406,0,1,1
4475,B,54,13600.0,1.2,0.55,0,4,1
4476,A,38,38700.0,5.9,0.709,0,1,1
4477,A,36,26900.0,13.9,0.02,1,4,0
4478,A,62,70800.0,10.4,0.301,0,2,0
4479,A,21,45500.0,20.8,0.288,0,4,0
4480,A,36,15400.0,10.5,0.368,0,1,0
4481,A,35,27100.0,17.1,0.2,0,1,0
4482,A,38,49500.0,6.5,0.145,0,1,0
4483,A,31,26600.0,5.1,0.256,1,1,1
4484,A,50,20000.0,4.8,0.335,0,2,0
4485,A,60,18500.0,11.4,0.31,0,1,0
4486,A,21,98900.0,14.9,0.02,1,2,0
4487,A,26,40700.0,13.1,0.205,0,3,0
4488,B,24,23700.0,1.8,0.138,0,4,0
4489,B,41,18700.0,1.6,0.351,1,5,1
4490,A,46,50300.0,13.8,0.478,0,3,0
4491,A,43,50200.0,13.6,0.274,0,1,0
4492,A,28,28300.0,14.9,0.244,0,2,0
4493,A,32,15500.0,9.3,0.228,0,1,0
4494,A,56,49300.0,7.4,0.508,0,3,1
4495,A,52,35300.0,8.2,0.346,0,1,0
4496,B,45,35300.0,1.4,0.279,1,4,1
4497,A,37,40400.0,12.2,0.566,0,1,0
4498,A,40,70000.0,9.7,0.486,1,5,0
4499,B,54,36100.0,3.8,0.244,1,4,0
4500,A,35,35200.0,3.1,0.357,0,3,0
4501,A,58,54900.0,11.7,0.097,0,1,0
4502,B,24,43800.0,4.6,0.501,0,1,0
4503,A,29,55200.0,14.9,0.345,0,1,0
4504,A,65,22800.0,4.5,0.324,0,1,0
4505,A,43,27100.0,7.4,0.344,1,5,0
4506,A,46,12300.0,14.5,0.211,0,1,0
4507,B,41,78300.0,4.1,0.099,0,3,0
4508,B,54,49100.0,7.2,0.188,0,2,0
4509,A,58,101300.0,13.7,0.334,0,2,0
4510,B,48,25200.0,5.3,0.385,1,2,0
4511,A,47,46400.0,10.6,0.327,0,3,0
4512,A,48,70300.0,19.1,0.2,0,4,0
4513,B,36,51300.0,4.3,0.229,0,4,0
4514,A,50,57800.0,3.1,0.473,0,1,0
4515,A,71,29000.0,10.2,0.546,1,2,0
4516,A,22,37000.0,17.1,0.357,0,2,0
4517,A,47,34100.0,16.0,0.163,0,2,0
4518,A,55,44700.0,18.9,0.21,0,1,0
4519,A,30,45600.0,2.7,0.437,1,2,1
4520,B,26,32200.0,4.5,0.314,0,4,0
4521,A,31,37700.0,6.5,0.34,0,2,0
4522,B,54,22700.0,1.6,0.425,2,3,1
4523,B,30,38000.0,5.3,0.446,0,5,0
4524,A,34,65700.0,30.0,0.26,2,3,0
4525,B,34,31600.0,7.3,0.299,0,3,0
4526,A,52,44000.0,5.1,0.256,0,2,0
4527,A,56,33600.0,11.4,0.123,2,2,0
4528,A,42,59100.0,17.5,0.35,1,3,0
4529,A,50,39100.0,6.4,0.346,1,1,0
4530,A,34,40500.0,6.9,0.255,0,2,0
4531,A,21,40000.0,12.9,0.315,0,3,0
4532,A,46,56300.0,11.8,0.125,1,3,0
4533,A,48,69400.0,6.6,0.294,0,4,0
4534,A,71,42700.0,8.8,0.256,0,5,0
4535,A,26,28600.0,10.8,0.211,0,4,0
4536,A,38,62800.0,17.6,0.281,0,2,0
4537,A,59,92200.0,5.2,0.208,0,5,0
4538,B,24,44600.0,5.2,0.26,0,5,0
4539,B,60,31100.0,1.0,0.307,0,3,0
4540,A,47,30000.0,5.9,0.14,0,3,0
4541,A,44,37100.0,9.7,0.139,0,3,0
4542,A,64,63600.0,6.0,0.229,0,3,0
4543,A,52,23400.0,5.1,0.317,0,3,0
4544,B,49,25200.0,6.0,0.632,0,1,0
4545,B,31,27800.0,6.9,0.61,0,4,0
4546,A,39,25500.0,10.7,0.32,1,1,0
4547,A,43,28200.0,8.2,0.271,2,3,1
4548,A,40,44200.0,4.3,0.148,0,3,0
4549,A,52,57400.0,5.7,0.566,0,2,0
4550,A,49,25000.0,2.4,0.478,0,4,0
4551,B,27,33400.0,1.3,0.459,1,5,1
4552,B,53,22000.0,2.2,0.284,0,5,1
4553,A,41,57300.0,9.7,0.382,0,3,0
4554,A,48,86100.0,10.9,0.54,0,2,0
4555,A,42,52700.0,6.8,0.576,3,1,1
4556,A,49,144500.0,12.0,0.291,1,1,0
4557,B,45,23200.0,4.8,0.574,2,3,0
4558,A,47,48600.0,9.6,0.113,0,5,0
4559,A,21,37100.0,10.2,0.379,0,2,0
4560,A,47,63000.0,17.4,0.418,0,4,0
4561,B,54,24500.0,7.9,0.236,1,3,0
4562,A,37,75900.0,14.2,0.346,0,2,0
4563,A,61,41400.0,13.9,0.224,1,4,0
4564,A,33,31600.0,4.1,0.447,0,2,1
4565,B,54,28900.0,8.3,0.392,0,3,0
4566,A,38,32600.0,12.9,0.463,0,5,0
4567,A,39,39800.0,2.1,0.172,0,1,0
4568,A,45,23900.0,8.1,0.401,0,4,0
4569,A,52,33100.0,6.2,0.474,1,2,0
4570,A,22,36400.0,13.8,0.29,0,3,0
4571,B,50,10800.0,4.3,0.466,0,1,0
4572,A,43,42200.0,10.7,0.427,2,2,0
4573,A,38,33600.0,5.9,0.256,0,3,0
4574,A,62,24900.0,5.3,0.536,0,2,0
4575,B,21,22100.0,2.3,0.415,0,5,0
4576,A,49,39800.0,5.7,0.342,1,3,0
4577,B,26,40800.0,2.7,0.43,0,4,0
4578,B,49,31500.0,6.0,0.292,0,5,0
4579,A,38,43300.0,6.0,0.383,0,3,0
4580,B,36,45100.0,3.9,0.393,1,4,0
4581,A,55,69000.0,12.4,0.301,0,2,0
4582,A,31,55800.0,5.9,0.309,0,3,0
4583,B,50,35800.0,8.3,0.452,0,4,0
4584,A,50,34300.0,12.3,0.169,0,4,0
4585,A,40,86300.0,10.3,0.379,0,3,0
4586,A,28,22100.0,5.6,0.222,0,2,0
4587,B,57,23800.0,2.6,0.225,0,2,0
4588,A,43,39600.0,16.4,0.223,0,4,0
4589,B,56,20400.0,3.4,0.374,0,4,1
4590,A,69,33000.0,15.1,0.247,0,1,0
4591,A,46,47100.0,13.0,0.243,0,2,0
4592,B,22,57100.0,5.9,0.382,1,2,0
4593,A,31,38900.0,19.4,0.162,0,3,0
4594,A,42,54700.0,7.8,0.105,0,4,0
4595,B,53,19900.0,2.9,0.202,0,1,0
4596,A,38,21900.0,5.3,0.45,0,3,1
4597,B,33,16800.0,10.0,0.375,0,2,0
4598,A,32,45400.0,8.9,0.464,0,2,0
4599,B,43,36300.0,1.8,0.365,0,3,0
4600,A,38,24100.0,7.8,0.255,0,2,0
4601,A,44,28900.0,14.6,0.32,1,4,0
4602,A,46,41100.0,10.2,0.473,0,4,0
4603,A,33,34800.0,7.2,0.224,0,3,0
4604,A,38,43600.0,4.8,0.5,0,3,0
4605,B,47,43800.0,8.7,0.401,0,4,0
4606,A,60,41100.0,4.4,0.46,1,2,0
4607,B,21,26600.0,4.4,0.342,0,5,0
4608,B,39,72000.0,2.2,0.249,3,4,1
4609,A,43,29400.0,19.8,0.254,0,1,1
4610,A,23,41600.0,6.8,0.091,0,1,0
4611,A,52,36800.0,3.1,0.463,0,5,0
4612,B,42,26500.0,6.2,0.031,3,3,0
4613,B,68,42200.0,8.0,0.248,3,5,1
4614,A,30,56200.0,12.5,0.335,0,1,0
4615,A,27,84300.0,9.2,0.333,0,2,0
4616,A,41,44600.0,9.1,0.451,1,1,0
4617,A,38,31500.0,1.3,0.245,0,1,0
4618,A,27,61600.0,9.6,0.406,1,1,0
4619,A,46,82500.0,26.5,0.283,0,4,0
4620,A,62,33700.0,6.5,0.431,0,1,0
4621,A,44,65100.0,3.9,0.247,0,3,0
4622,A,50,40400.0,4.1,0.292,0,3,0
4623,A,43,84300.0,9.4,0.299,0,3,0
4624,A,53,29300.0,19.1,0.324,0,4,0
4625,A,26,13900.0,8.4,0.331,1,3,0
4626,A,44,57700.0,17.4,0.053,2,1,0
4627,A,42,26500.0,30.0,0.423,0,1,0
4628,A,40,20900.0,4.2,0.163,1,2,0
4629,A,25,54600.0,22.2,0.268,0,4,0
4630,A,42,32900.0,30.0,0.244,0,3,0
4631,B,52,27700.0,3.0,0.465,0,3,0
4632,A,23,24800.0,21.4,0.28,0,5,1
4633,A,29,67300.0,10.9,0.198,0,1,0
4634,B,21,49900.0,12.0,0.46,2,5,0
4635,B,58,31600.0,7.7,0.522,0,2,0
4636,A,55,63600.0,9.9,0.417,0,2,0
4637,A,44,50700.0,3.5,0.182,1,1,0
4638,B,33,49800.0,2.7,0.438,0,4,0
4639,A,37,51900.0,20.5,0.348,0,1,0
4640,A,31,49100.0,10.7,0.169,0,1,0
4641,B,53,26100.0,7.7,0.193,0,4,0
4642,A,21,69700.0,3.3,0.483,1,2,0
4643,A,28,24900.0,3.8,0.547,0,1,1
4644,B,40,26600.0,2.5,0.271,0,5,1
4645,B,28,22300.0,2.2,0.256,0,4,0
4646,B,40,11500.0,8.1,0.549,0,4,1
4647,B,57,38900.0,3.0,0.418,0,5,0
4648,A,41,57000.0,10.4,0.353,0,5,0
4649,A,45,95400.0,9.4,0.169,0,1,0
4650,B,50,31100.0,11.9,0.463,0,4,0
4651,A,47,45900.0,6.3,0.359,0,2,0
4652,B,30,20700.0,0.9,0.409,0,3,0
4653,B,40,20100.0,5.2,0.498,1,5,1
4654,A,40,18500.0,13.2,0.274,0,4,0
4655,A,29,42600.0,4.1,0.221,0,3,1
4656,B,27,29200.0,4.9,0.506,0,2,1
4657,A,21,33000.0,2.9,0.446,0,1,0
4658,A,60,24600.0,1.6,0.404,0,1,0
4659,A,33,34500.0,6.1,0.294,0,3,0
4660,A,29,13300.0,6.5,0.177,1,3,0
4661,A,38,33500.0,7.2,0.549,0,3,0
4662,A,39,33000.0,15.5,0.357,0,3,0
4663,A,23,20400.0,9.8,0.24,0,1,0
4664,A,44,33100.0,18.0,0.02,0,4,0
4665,B,24,26500.0,6.3,0.287,0,4,0
4666,A,30,15500.0,7.6,0.582,0,3,0
4667,A,34,19800.0,7.5,0.352,0,3,0
4668,B,22,41300.0,1.9,0.02,0,3,0
4669,B,36,31600.0,13.2,0.407,1,4,0
4670,A,50,50600.0,15.6,0.248,1,1,0
4671,B,34,52800.0,1.9,0.752,1,4,0
4672,B,30,18900.0,3.4,0.195,0,4,0
4673,A,62,28000.0,11.8,0.325,0,1,0
4674,B,33,37000.0,9.1,0.485,2,5,0
4675,A,51,43400.0,4.5,0.402,1,2,1
4676,B,32,33600.0,7.8,0.515,0,3,1
4677,A,30,23400.0,15.4,0.1,0,3,0
4678,B,47,21200.0,5.1,0.41,4,5,0
4679,A,24,32400.0,9.6,0.148,0,3,0
4680,A,52,43600.0,10.3,0.413,0,2,0
4681,B,38,27700.0,2.5,0.307,0,4,1
4682,B,38,23800.0,4.8,0.37,0,4,0
4683,A,33,31900.0,10.9,0.397,0,2,1
4684,A,36,41800.0,8.7,0.291,0,1,0
4685,A,55,35600.0,11.1,0.256,0,1,0
4686,A,45,59800.0,5.3,0.507,0,2,0
4687,A,24,35900.0,15.1,0.428,1,3,0
4688,A,42,17000.0,22.2,0.02,0,1,0
4689,A,22,15100.0,16.7,0.505,0,3,0
4690,A,38,28600.0,16.1,0.268,1,2,0
4691,A,34,21400.0,3.5,0.281,0,5,1
4692,B,30,46400.0,0.8,0.688,1,3,1
4693,A,25,22100.0,6.3,0.02,0,1,0
4694,B,30,20900.0,13.2,0.41,0,5,0
4695,A,27,72600.0,8.0,0.206,0,3,0
4696,B,25,45600.0,6.6,0.344,1,5,0
4697,A,29,20600.0,10.3,0.341,0,1,0
4698,A,49,47700.0,5.8,0.152,1,2,0
4699,A,39,43400.0,7.6,0.142,1,3,0
4700,A,58,35400.0,3.0,0.292,0,5,0
4701,A,52,43100.0,10.7,0.227,0,5,0
4702,A,28,19000.0,3.7,0.28,0,2,0
4703,A,47,37700.0,15.2,0.135,0,1,0
4704,A,55,25400.0,9.8,0.256,0,2,0
4705,B,45,44800.0,6.5,0.114,1,4,0
4706,A,33,72300.0,6.5,0.421,1,2,0
4707,B,25,29000.0,1.6,0.612,1,3,1
4708,A,58,31600.0,12.3,0.655,1,4,0
4709,A,35,41900.0,12.6,0.272,0,3,0
4710,A,49,42800.0,4.8,0.369,2,2,0
4711,A,49,18800.0,4.0,0.455,0,3,0
4712,B,38,29700.0,4.3,0.249,1,4,1
4713,B,47,38200.0,3.2,0.254,0,5,0
4714,A,58,27600.0,7.6,0.239,0,4,0
4715,A,43,49400.0,11.4,0.24,0,3,0
4716,A,53,96400.0,5.8,0.474,0,1,0
4717,B,55,33100.0,7.7,0.517,1,4,1
4718,A,30,42100.0,10.4,0.283,0,4,0
4719,B,21,21100.0,7.7,0.267,0,4,0
4720,B,63,17800.0,6.0,0.423,1,3,0
4721,A,44,28200.0,12.8,0.345,0,2,0
4722,A,56,64000.0,20.3,0.303,0,2,0
4723,A,34,28600.0,9.7,0.555,0,3,0
4724,B,37,44400.0,10.7,0.479,1,1,0
4725,A,21,50400.0,4.4,0.398,0,2,1
4726,A,55,17400.0,7.9,0.403,0,2,0
4727,A,44,27900.0,17.5,0.224,0,2,0
4728,A,40,56500.0,9.3,0.412,0,2,0
4729,A,25,53200.0,8.6,0.172,0,5,0
4730,A,30,58800.0,13.1,0.549,0,5,0
4731,B,29,20200.0,4.7,0.312,0,4,1
4732,A,32,36400.0,18.3,0.344,0,1,0
4733,A,56,58000.0,7.3,0.362,0,2,0
4734,A,23,26200.0,4.5,0.466,0,4,0
4735,A,56,35800.0,3.5,0.278,0,2,0
4736,A,35,83400.0,3.5,0.177,2,3,0
4737,A,42,41500.0,6.4,0.489,1,2,1
4738,A,47,43600.0,4.7,0.445,0,3,1
4739,B,26,21400.0,4.6,0.327,0,5,0
4740,A,31,41500.0,16.8,0.504,0,1,0
4741,A,37,40700.0,5.4,0.502,0,3,0
4742,A,28,55100.0,9.3,0.238,0,2,0
4743,A,38,25900.0,8.0,0.24,1,1,0
4744,A,37,20900.0,15.4,0.449,3,1,1
4745,B,45,38200.0,10.9,0.317,0,5,0
4746,B,38,54900.0,4.4,0.452,0,5,0
4747,B,60,28100.0,12.1,0.308,2,3,0
4748,A,25,62200.0,4.5,0.155,0,1,0
4749,B,45,15700.0,3.1,0.492,1,5,0
4750,B,63,21000.0,3.1,0.241,1,2,0
4751,B,54,45100.0,5.3,0.343,1,3,0
4752,A,28,30600.0,10.7,0.58,3,2,1
4753,A,34,34700.0,13.5,0.25,0,2,0
4754,A,34,42700.0,5.8,0.373,0,2,0
4755,A,44,38700.0,7.6,0.227,4,1,1
4756,B,30,21900.0,8.4,0.567,0,5,1
4757,A,51,37200.0,8.9,0.369,0,4,0
4758,A,51,35700.0,8.7,0.152,1,1,0
4759,A,44,37500.0,4.8,0.313,0,5,0
4760,B,35,33300.0,18.7,0.266,0,4,0
4761,A,60,52700.0,12.2,0.39,0,1,0
4762,A,55,29000.0,6.4,0.423,0,5,0
4763,B,43,27200.0,7.0,0.142,1,4,0
4764,B,21,27400.0,2.4,0.436,1,5,1
4765,A,45,47200.0,5.4,0.098,1,1,0
4766,B,24,64900.0,6.0,0.362,1,5,1
4767,A,41,25300.0,18.0,0.47,0,4,0
4768,A,29,38400.0,2.9,0.348,0,5,0
4769,B,32,12900.0,0.3,0.466,0,3,0
4770,A,44,37400.0,16.8,0.452,0,1,0
4771,B,36,20200.0,2.4,0.233,0,5,0
4772,A,51,59800.0,11.1,0.25,1,2,0
4773,A,27,71900.0,3.3,0.377,0,1,0
4774,B,42,19000.0,1.1,0.396,0,5,1
4775,A,37,31500.0,10.7,0.322,1,3,0
4776,A,32,32400.0,6.7,0.184,0,4,0
4777,A,43,26500.0,3.2,0.259,0,3,0
4778,A,51,46600.0,18.4,0.381,0,3,0
4779,A,48,37100.0,19.6,0.358,0,4,0
4780,B,41,18700.0,6.4,0.38,0,5,0
4781,A,44,56200.0,9.3,0.464,0,3,0
4782,B,29,25000.0,3.8,0.469,0,3,0
4783,B,47,48500.0,14.8,0.062,1,4,0
4784,A,43,53400.0,6.2,0.4,2,2,0
4785,A,59,55200.0,15.4,0.42,1,2,0
4786,B,50,20600.0,5.4,0.368,1,5,0
4787,A,45,35600.0,10.0,0.29,0,2,0
4788,A,21,50900.0,5.4,0.317,1,2,0
4789,B,65,63400.0,3.0,0.276,0,3,0
4790,A,21,52600.0,6.0,0.48,0,1,0
4791,B,28,34500.0,3.1,0.557,0,1,0
4792,A,48,37600.0,7.9,0.396,0,2,1
4793,B,31,24900.0,7.1,0.287,0,3,0
4794,B,52,54100.0,4.5,0.435,0,1,0
4795,B,43,33400.0,5.5,0.311,2,4,0
4796,A,39,53000.0,10.0,0.125,0,3,0
4797,A,43,60200.0,9.2,0.215,0,4,0
4798,B,44,14200.0,6.5,0.38,1,3,1
4799,A,39,26400.0,5.4,0.347,0,3,1
4800,A,48,29200.0,17.2,0.602,0,2,0
4801,A,21,28900.0,14.7,0.385,0,2,0
4802,A,35,50800.0,15.5,0.24,0,2,0
4803,B,57,23400.0,5.4,0.205,2,5,0
4804,A,36,36300.0,16.1,0.281,1,3,0
4805,A,54,50300.0,16.2,0.325,0,3,0
4806,A,41,35700.0,1.7,0.293,1,3,0
4807,A,36,123200.0,9.4,0.264,0,1,0
4808,A,47,25300.0,5.1,0.443,0,5,0
4809,A,54,37100.0,11.7,0.359,0,3,0
4810,A,50,16100.0,9.3,0.132,1,1,0
4811,B,42,62400.0,3.8,0.536,1,4,1
4812,A,42,85700.0,8.4,0.394,0,1,0
4813,A,46,90700.0,10.4,0.161,0,2,0
4814,A,25,32200.0,6.1,0.398,0,1,0
4815,A,58,39800.0,4.8,0.315,0,1,1
4816,A,38,29200.0,8.6,0.295,0,1,0
4817,A,45,75200.0,5.4,0.244,0,4,0
4818,A,41,33100.0,3.1,0.121,0,4,0
4819,B,37,37800.0,2.1,0.409,0,5,0
4820,A,31,31100.0,8.4,0.516,0,4,1
4821,B,41,30200.0,7.1,0.501,2,1,1
4822,B,50,41000.0,6.2,0.385,0,5,0
4823,A,30,53700.0,6.3,0.325,0,1,0
4824,A,39,22900.0,13.7,0.31,0,3,0
4825,A,25,19400.0,5.5,0.26,0,4,0
4826,A,66,34600.0,7.5,0.228,0,2,0
4827,A,43,24700.0,3.7,0.368,0,3,0
4828,A,24,30300.0,11.1,0.377,0,2,0
4829,A,38,21900.0,10.9,0.204,0,1,0
4830,A,25,63300.0,3.3,0.475,1,2,0
4831,A,54,34900.0,11.3,0.229,0,2,0
4832,A,50,42300.0,7.4,0.26,0,2,0
4833,A,26,40700.0,10.2,0.202,1,1,0
4834,B,50,27300.0,7.1,0.536,0,3,1
4835,B,46,21300.0,2.4,0.36,1,5,1
4836,A,62,40400.0,13.8,0.21,1,1,0
4837,A,32,52200.0,6.8,0.251,0,3,0
4838,B,42,31600.0,6.0,0.37,0,4,0
4839,B,56,15700.0,10.7,0.442,0,1,0
4840,B,47,17700.0,1.8,0.457,1,5,1
4841,A,24,39600.0,10.9,0.319,0,1,0
4842,A,21,28000.0,4.9,0.154,0,2,0
4843,A,50,32500.0,10.0,0.092,0,1,0
4844,B,46,31400.0,10.4,0.582,0,5,1
4845,A,37,45300.0,3.3,0.249,0,2,0
4846,A,68,21700.0,2.8,0.384,0,2,1
4847,A,38,27400.0,11.1,0.26,2,1,0
4848,B,42,19900.0,2.4,0.342,0,5,0
4849,A,70,36300.0,14.8,0.373,2,1,0
4850,B,49,37800.0,4.1,0.401,0,4,0
4851,A,39,30800.0,12.2,0.414,0,2,0
4852,A,41,27500.0,6.9,0.426,0,1,0
4853,A,36,39700.0,13.5,0.325,0,3,0
4854,B,34,25100.0,11.5,0.356,1,2,0
4855,A,52,48300.0,23.7,0.37,2,1,0
4856,A,32,69200.0,16.8,0.211,0,2,0
4857,B,51,10600.0,2.9,0.426,0,4,1
4858,A,55,30200.0,9.5,0.197,1,2,0
4859,B,36,35000.0,3.2,0.38,0,5,0
4860,A,23,37600.0,19.5,0.1,0,3,0
4861,A,46,36800.0,5.4,0.363,2,2,0
4862,B,41,24200.0,7.5,0.286,0,5,1
4863,A,40,56000.0,13.0,0.266,1,2,0
4864,A,52,45300.0,14.1,0.02,0,2,0
4865,A,42,30100.0,3.1,0.338,0,5,0
4866,A,32,71500.0,7.2,0.391,0,4,0
4867,A,44,38500.0,2.3,0.376,1,4,1
4868,A,24,84800.0,9.6,0.597,0,3,0
4869,A,23,30800.0,3.4,0.343,1,2,0
4870,A,38,22400.0,5.7,0.328,0,1,0
4871,A,29,44600.0,15.2,0.049,1,1,0
4872,A,35,26900.0,2.9,0.196,1,2,0
4873,A,38,45700.0,19.9,0.529,0,3,0
4874,A,29,46600.0,9.0,0.373,0,2,0
4875,B,40,63700.0,12.8,0.542,0,5,0
4876,A,38,34700.0,10.5,0.179,0,3,0
4877,A,35,44200.0,5.6,0.358,0,2,0
4878,A,57,41700.0,7.9,0.232,0,2,0
4879,A,45,66800.0,3.6,0.679,0,4,0
4880,A,36,59700.0,9.6,0.229,0,2,0
4881,A,34,58400.0,12.4,0.171,0,2,0
4882,A,36,87100.0,5.4,0.476,0,4,0
4883,B,56,31900.0,15.4,0.726,0,4,0
4884,B,36,31900.0,3.6,0.35,0,3,0
4885,B,42,20000.0,9.3,0.456,0,3,0
4886,A,30,46400.0,6.5,0.651,0,3,0
4887,A,43,66300.0,12.8,0.126,0,1,0
4888,A,26,24200.0,6.1,0.299,0,3,0
4889,A,46,17600.0,19.0,0.382,0,2,0
4890,B,39,32900.0,2.4,0.406,0,5,0
4891,A,40,35100.0,13.0,0.364,0,2,0
4892,B,28,43300.0,7.2,0.281,1,2,1
4893,A,42,28300.0,17.1,0.334,1,4,0
4894,A,46,30000.0,5.6,0.145,0,1,0
4895,A,25,19200.0,16.8,0.259,0,1,0
4896,B,33,72300.0,4.0,0.22,1,5,0
4897,A,40,53500.0,6.5,0.218,0,2,0
4898,B,30,29300.0,2.6,0.372,0,4,0
4899,A,43,16600.0,13.3,0.24,1,1,0
4900,A,32,64200.0,4.7,0.233,0,1,0
4901,A,44,30100.0,4.2,0.276,0,3,0
4902,A,64,64300.0,10.0,0.02,0,3,0
4903,B,50,29800.0,5.0,0.452,0,4,0
4904,B,22,45400.0,6.4,0.637,0,4,0
4905,A,42,32300.0,14.4,0.367,1,3,0
4906,A,44,29500.0,12.2,0.295,2,4,0
4907,A,43,26900.0,8.1,0.285,3,1,0
4908,A,44,23900.0,4.5,0.395,0,1,0
4909,A,54,39200.0,10.5,0.606,1,4,1
4910,A,30,45300.0,4.3,0.301,0,1,0
4911,A,59,62700.0,8.2,0.245,0,3,0
4912,A,37,50000.0,12.6,0.38,0,1,0
4913,A,22,27200.0,17.8,0.134,0,2,0
4914,A,29,73100.0,3.8,0.251,0,2,0
4915,A,25,83100.0,3.6,0.427,0,2,0
4916,A,47,47000.0,3.8,0.373,0,3,0
4917,A,48,49900.0,12.6,0.446,0,2,0
4918,B,44,32600.0,4.0,0.317,3,3,1
4919,B,45,43200.0,4.0,0.27,0,2,0
4920,B,28,36000.0,13.4,0.313,0,5,0
4921,A,29,40600.0,6.6,0.366,2,3,0
4922,A,49,64100.0,9.2,0.57,1,4,0
4923,A,45,32900.0,11.6,0.144,1,1,0
4924,B,21,19100.0,14.8,0.544,2,5,1
4925,A,42,73800.0,4.0,0.19,1,3,0
4926,A,52,36700.0,14.8,0.369,0,1,0
4927,A,52,41500.0,3.7,0.235,0,1,0
4928,A,54,26300.0,3.2,0.438,0,3,1
4929,A,21,40200.0,12.5,0.387,0,4,1
4930,A,52,33000.0,5.7,0.268,0,2,0
4931,A,50,33200.0,5.7,0.473,0,1,0
4932,A,40,55900.0,5.0,0.2,0,3,0
4933,B,31,43400.0,5.4,0.261,2,4,0
4934,B,52,32800.0,5.1,0.136,1,4,0
4935,B,35,35100.0,4.1,0.401,1,2,0
4936,A,24,39600.0,11.8,0.417,0,2,0
4937,B,29,34900.0,6.4,0.381,2,3,1
4938,B,42,56600.0,8.4,0.263,1,4,0
4939,A,35,61600.0,21.2,0.166,0,3,0
4940,A,40,53800.0,12.1,0.289,1,2,0
4941,A,52,30200.0,13.0,0.468,0,3,0
4942,A,30,19000.0,14.1,0.405,0,1,0
4943,B,36,39500.0,8.7,0.168,0,4,0
4944,A,42,40800.0,8.8,0.395,0,4,0
4945,A,42,35100.0,11.9,0.19,1,5,0
4946,B,41,23200.0,5.2,0.341,1,4,1
4947,A,27,36700.0,5.4,0.236,0,3,0
4948,A,34,31000.0,5.0,0.404,0,3,1
4949,B,30,46700.0,4.9,0.18,1,5,0
4950,B,66,16300.0,6.6,0.393,2,4,1
4951,B,64,16200.0,2.7,0.405,0,4,0
4952,A,64,40000.0,9.7,0.29,1,2,0
4953,B,61,24700.0,1.9,0.322,1,4,1
4954,B,61,35100.0,12.1,0.326,1,3,0
4955,A,40,25200.0,8.9,0.257,0,1,0
4956,A,38,26700.0,3.8,0.363,1,2,0
4957,A,46,35000.0,4.9,0.41,0,2,0
4958,A,54,49000.0,8.6,0.258,0,1,0
4959,B,42,44600.0,1.2,0.417,0,5,0
4960,A,65,25900.0,18.4,0.517,0,1,0
4961,A,39,32100.0,13.8,0.38,0,2,0
4962,A,50,71900.0,4.0,0.271,0,2,0
4963,A,46,22400.0,9.0,0.313,1,2,0
4964,A,54,61600.0,6.2,0.273,0,1,0
4965,A,43,43600.0,3.9,0.254,0,2,0
4966,A,35,43100.0,14.1,0.398,1,2,0
4967,A,44,75400.0,14.3,0.404,1,3,0
4968,A,57,46400.0,11.8,0.24,0,2,0
4969,A,27,25300.0,12.8,0.02,1,2,0
4970,B,39,57400.0,1.3,0.345,0,2,1
4971,A,49,27500.0,5.6,0.449,1,3,1
4972,B,30,27100.0,5.6,0.491,0,4,0
4973,A,37,29200.0,10.2,0.434,0,2,0
4974,B,29,22100.0,2.1,0.281,0,1,0
4975,A,48,40300.0,12.8,0.521,0,5,0
4976,A,49,29600.0,14.1,0.257,1,2,0
4977,A,48,34300.0,8.6,0.207,0,2,0
4978,A,39,23100.0,12.6,0.299,0,3,0
4979,A,37,19800.0,10.8,0.129,0,3,0
4980,A,47,32600.0,16.1,0.171,0,1,0
4981,A,45,51800.0,6.1,0.32,1,3,0
4982,A,61,33300.0,9.0,0.114,1,1,0
4983,B,47,24900.0,6.6,0.308,2,2,1
4984,A,36,24600.0,3.7,0.458,0,3,0
4985,A,40,40200.0,13.0,0.29,0,4,0
4986,B,66,14600.0,5.7,0.45,0,4,0
4987,A,51,55300.0,9.2,0.138,0,4,0
4988,B,39,25700.0,4.0,0.489,0,4,0
4989,B,57,24300.0,19.7,0.269,1,4,0
4990,A,44,34600.0,19.9,0.325,1,5,0
4991,B,53,19900.0,7.3,0.44,0,3,0
4992,B,21,7900.0,6.7,0.361,0,5,0
4993,A,40,34100.0,6.6,0.05,1,3,0
4994,A,43,52400.0,5.3,0.235,0,5,0
4995,A,62,24600.0,9.2,0.396,1,3,0
4996,A,38,50400.0,9.0,0.323,1,2,0
4997,A,29,25800.0,9.2,0.397,0,1,0
4998,A,35,49400.0,9.9,0.308,0,2,0
4999,A,38,48800.0,24.9,0.425,1,3,0
5000,A,43,80700.0,6.9,0.23,1,1,0
5001,A,42,53500.0,14.7,0.395,1,1,0
5002,A,40,67400.0,11.9,0.284,0,2,0
5003,B,21,54100.0,1.7,0.323,0,5,0
5004,B,36,14800.0,3.0,0.152,0,4,0
5005,B,55,39200.0,7.4,0.27,2,5,0
5006,B,37,30600.0,17.7,0.539,0,1,0
5007,A,71,29100.0,4.2,0.227,2,2,0
5008,A,38,29300.0,9.5,0.111,0,2,0
5009,B,35,38200.0,6.1,0.37,1,5,0
5010,A,21,59200.0,7.4,0.495,0,4,0
5011,B,48,55700.0,3.3,0.29,0,5,0
5012,A,60,24400.0,20.1,0.292,1,3,0
5013,A,24,20500.0,5.3,0.554,1,3,0
5014,B,24,28100.0,2.3,0.365,0,4,0
5015,A,41,44300.0,4.3,0.393,0,2,0
5016,A,39,55500.0,3.6,0.491,1,1,1
5017,A,44,24500.0,4.1,0.446,0,5,0
5018,A,27,25600.0,6.8,0.323,0,3,0
5019,A,21,54400.0,6.4,0.345,0,2,0
5020,A,50,34500.0,12.5,0.307,0,2,0
5021,A,54,34500.0,9.9,0.248,1,4,0
5022,A,49,28200.0,8.2,0.322,1,2,0
5023,A,51,77800.0,10.2,0.444,0,1,0
5024,B,32,34700.0,5.8,0.375,0,5,1
5025,A,73,73200.0,12.0,0.223,1,2,0
5026,B,21,39400.0,0.8,0.573,1,1,0
5027,B,49,21900.0,7.4,0.426,0,5,1
5028,B,41,60700.0,6.2,0.398,0,3,1
5029,A,35,43900.0,5.9,0.192,0,3,0
5030,B,59,24700.0,2.7,0.09,1,3,1
5031,A,34,46000.0,23.9,0.247,0,1,0
5032,A,34,29400.0,6.2,0.292,0,1,0
5033,A,21,61100.0,7.5,0.199,0,1,0
5034,A,45,33700.0,8.5,0.376,0,3,0
5035,A,27,35800.0,8.3,0.069,0,1,0
5036,A,32,35500.0,11.3,0.239,1,2,0
5037,A,35,18900.0,9.9,0.221,0,5,0
5038,A,21,49300.0,10.7,0.562,0,4,0
5039,B,36,43300.0,7.1,0.555,2,4,0
5040,A,69,31800.0,2.7,0.288,1,4,0
5041,B,57,47000.0,6.7,0.213,2,1,0
5042,A,35,100700.0,3.3,0.305,0,1,0
5043,A,33,54500.0,6.9,0.315,0,2,0
5044,B,46,22700.0,9.6,0.336,1,4,0
5045,A,44,40300.0,17.8,0.254,0,1,0
5046,A,52,49800.0,6.5,0.173,0,1,0
5047,A,45,30700.0,16.2,0.127,1,3,0
5048,A,49,20000.0,22.2,0.496,0,3,0
5049,A,36,44900.0,1.8,0.258,0,1,0
5050,B,30,34800.0,10.2,0.33,1,5,0
5051,A,45,53700.0,14.5,0.356,0,2,0
5052,B,40,17200.0,1.0,0.444,0,5,1
5053,A,37,24800.0,8.7,0.184,1,4,0
5054,B,29,54300.0,4.3,0.082,0,3,0
5055,A,29,37900.0,8.3,0.486,0,4,0
5056,B,42,23500.0,8.0,0.373,1,4,0
5057,A,28,67400.0,7.0,0.238,0,2,0
5058,B,43,32900.0,2.7,0.314,0,4,0
5059,A,45,96100.0,3.9,0.379,0,3,0
5060,B,31,28900.0,5.5,0.277,0,5,0
5061,A,44,42400.0,5.3,0.251,0,1,1
5062,A,35,57400.0,7.5,0.169,1,3,0
5063,B,47,48500.0,10.1,0.579,0,4,0
5064,A,29,29100.0,14.0,0.231,0,2,0
5065,A,48,39700.0,19.5,0.29,1,4,0
5066,A,65,51100.0,11.3,0.079,1,3,0
5067,A,33,41700.0,9.9,0.243,0,1,0
5068,B,34,23100.0,3.6,0.501,2,3,1
5069,A,45,48700.0,13.4,0.541,0,2,0
5070,A,48,22500.0,11.3,0.342,1,2,0
5071,A,46,17700.0,12.2,0.255,0,1,0
5072,B,26,49300.0,8.5,0.414,1,3,1
5073,A,55,49000.0,8.2,0.085,2,2,0
5074,A,46,46200.0,20.0,0.517,0,4,0
5075,B,38,40900.0,5.0,0.491,0,5,0
5076,A,38,28400.0,15.2,0.561,1,2,1
5077,B,28,36300.0,8.3,0.214,3,5,0
5078,A,59,67600.0,5.7,0.089,0,1,0
5079,A,35,40300.0,7.3,0.618,0,4,0
5080,A,29,32100.0,5.3,0.364,1,1,0
5081,A,56,40100.0,3.8,0.311,1,2,0
5082,A,46,44900.0,13.0,0.267,1,3,0
5083,A,47,28700.0,5.8,0.503,0,4,1
5084,A,45,42100.0,7.9,0.295,0,3,0
5085,A,26,26900.0,9.3,0.484,1,1,0
5086,A,39,59200.0,10.9,0.153,0,2,0
5087,B,29,25500.0,1.7,0.341,0,3,0
5088,A,41,19800.0,6.6,0.243,0,2,0
5089,B,29,33400.0,2.6,0.029,0,5,0
5090,A,29,26600.0,1.5,0.421,0,1,1
5091,B,54,19900.0,5.1,0.19,0,4,0
5092,B,42,31400.0,8.0,0.477,1,4,0
5093,A,40,40300.0,21.5,0.252,0,4,0
5094,A,53,55000.0,5.7,0.419,0,3,0
5095,B,52,18500.0,7.4,0.178,1,4,0
5096,B,22,51400.0,3.5,0.668,0,4,1
5097,A,41,52900.0,9.8,0.252,0,4,0
5098,A,48,13800.0,2.5,0.308,0,3,0
5099,A,42,41700.0,14.4,0.108,0,4,0
5100,A,48,33300.0,11.3,0.446,0,3,0
5101,A,54,33200.0,5.6,0.29,1,2,0
5102,B,27,25700.0,10.3,0.563,1,4,0
5103,B,39,49100.0,2.5,0.292,0,4,0
5104,A,45,44400.0,7.3,0.224,0,5,0
5105,B,53,50600.0,1.9,0.293,1,3,0
5106,B,32,36700.0,0.9,0.245,0,5,0
5107,A,66,53500.0,5.2,0.273,0,2,0
5108,B,57,21200.0,4.4,0.271,0,4,0
5109,A,48,36000.0,7.3,0.35,0,2,0
5110,A,34,52300.0,6.1,0.15,0,2,0
5111,A,49,32200.0,3.3,0.221,3,3,0
5112,A,54,25200.0,7.1,0.202,0,2,1
5113,B,37,28700.0,3.2,0.364,1,3,0
5114,A,50,30500.0,7.2,0.425,0,2,1
5115,A,57,35200.0,7.7,0.07,0,4,0
5116,A,23,29300.0,12.0,0.512,1,1,0
5117,A,62,31100.0,8.3,0.382,0,3,0
5118,B,33,32900.0,3.0,0.331,0,2,0
5119,A,48,30500.0,9.2,0.289,0,2,0
5120,B,59,62200.0,8.9,0.241,2,2,0
5121,B,53,32000.0,12.3,0.362,0,3,0
5122,A,26,33900.0,15.9,0.231,0,1,0
5123,A,36,35100.0,4.3,0.293,0,1,0
5124,A,54,40000.0,15.2,0.375,0,2,0
5125,A,34,34900.0,8.4,0.482,0,2,0
5126,B,30,20800.0,6.9,0.045,2,5,1
5127,A,54,24400.0,3.1,0.372,0,5,1
5128,A,51,56300.0,16.6,0.234,0,5,0
5129,B,32,31400.0,2.2,0.261,1,1,0
5130,B,43,31400.0,3.0,0.224,0,4,0
5131,A,46,29300.0,9.8,0.15,0,4,0
5132,B,44,49000.0,6.4,0.234,1,5,0
5133,B,21,68000.0,4.0,0.452,0,1,1
5134,A,50,40200.0,13.7,0.119,0,2,0
5135,A,51,51500.0,5.1,0.446,0,3,0
5136,B,36,26500.0,4.1,0.408,0,2,0
5137,A,53,53200.0,9.9,0.281,2,2,0
5138,A,43,32900.0,3.5,0.272,0,2,0
5139,A,29,68300.0,4.2,0.505,0,3,1
5140,A,24,53300.0,3.7,0.364,0,1,0
5141,A,55,47000.0,10.4,0.165,0,2,0
5142,B,47,27200.0,16.7,0.379,1,5,0
5143,B,51,22400.0,9.1,0.507,0,4,0
5144,A,54,29000.0,7.6,0.295,1,2,0
5145,B,40,32500.0,6.9,0.419,1,3,0
5146,A,30,50400.0,6.7,0.47,0,2,0
5147,B,35,21300.0,12.0,0.31,1,5,0
5148,B,28,27900.0,1.8,0.377,1,4,1
5149,A,67,35800.0,6.5,0.194,1,1,0
5150,A,62,100200.0,9.5,0.41,0,3,0
5151,A,62,40600.0,8.5,0.3,1,3,0
5152,B,48,35700.0,7.6,0.378,0,5,0
5153,A,49,62500.0,13.6,0.294,3,4,0
5154,B,49,31900.0,4.6,0.176,1,5,1
5155,A,55,54600.0,7.1,0.209,0,4,0
5156,A,30,29800.0,3.0,0.293,1,3,0
5157,A,41,43000.0,10.6,0.455,0,2,0
5158,B,37,18700.0,11.2,0.265,0,1,0
5159,A,36,33100.0,13.8,0.312,1,2,1
5160,B,58,45600.0,15.4,0.532,0,5,0
5161,A,43,39400.0,2.6,0.348,1,3,0
5162,A,60,39300.0,4.5,0.204,1,5,0
5163,A,21,28000.0,9.7,0.381,0,1,0
5164,A,28,59000.0,8.8,0.517,0,2,0
5165,A,41,23600.0,8.5,0.215,0,2,0
5166,A,41,51300.0,10.7,0.384,0,2,0
5167,A,51,32900.0,14.5,0.352,2,1,0
5168,A,44,39400.0,11.8,0.292,0,2,0
5169,A,40,44700.0,12.0,0.213,0,4,0
5170,A,45,72400.0,2.6,0.244,1,3,1
5171,B,27,72500.0,4.2,0.575,0,3,0
5172,A,47,29500.0,5.9,0.341,0,1,1
5173,A,21,48400.0,9.4,0.265,0,3,0
5174,A,39,35100.0,4.2,0.336,0,3,0
5175,A,42,75600.0,18.9,0.382,1,2,0
5176,A,40,22700.0,8.5,0.199,1,5,0
5177,B,44,51900.0,3.5,0.348,0,1,0
5178,A,36,33200.0,20.1,0.595,0,3,0
5179,A,21,103300.0,13.2,0.608,0,5,0
5180,A,39,35200.0,4.7,0.25,0,3,0
5181,A,35,36800.0,6.3,0.33,0,2,0
5182,A,54,84000.0,6.3,0.064,0,1,0
5183,B,38,29500.0,14.4,0.325,0,5,0
5184,A,31,59800.0,19.6,0.34,0,1,0
5185,A,45,29600.0,10.7,0.425,0,2,0
5186,B,62,29300.0,4.2,0.36,0,3,0
5187,A,58,90000.0,13.0,0.484,0,3,0
5188,A,46,46900.0,6.4,0.211,1,1,1
5189,B,46,37200.0,3.6,0.321,2,4,0
5190,A,42,58100.0,9.6,0.15,1,1,0
5191,A,21,28100.0,9.0,0.463,1,3,0
5192,B,66,20500.0,4.9,0.231,1,5,0
5193,B,38,66700.0,4.2,0.343,0,4,0
5194,A,35,27500.0,6.8,0.337,2,3,0
5195,A,50,23500.0,10.7,0.316,1,2,0
5196,A,21,81200.0,6.7,0.144,0,4,0
5197,A,23,44700.0,6.5,0.159,1,3,0
5198,A,37,44900.0,22.3,0.392,0,2,1
5199,B,63,43700.0,1.9,0.454,1,5,0
5200,A,72,38400.0,6.9,0.188,0,2,0
5201,A,33,46400.0,4.0,0.166,1,5,0
5202,B,43,17100.0,1.6,0.385,0,3,1
5203,A,53,17400.0,6.5,0.171,0,3,0
5204,A,52,31900.0,10.2,0.484,0,3,0
5205,A,27,79300.0,18.1,0.248,1,5,0
5206,A,35,28200.0,18.8,0.343,0,4,0
5207,A,53,32800.0,10.5,0.253,0,4,0
5208,A,30,37300.0,3.2,0.297,0,4,0
5209,A,46,19900.0,5.1,0.604,0,3,1
5210,B,37,39000.0,9.7,0.155,0,2,0
5211,A,42,60400.0,7.8,0.446,1,3,0
5212,A,28,36400.0,7.9,0.336,0,1,1
5213,A,58,62400.0,4.8,0.396,0,1,1
5214,A,35,30700.0,4.1,0.327,0,4,0
5215,A,23,39500.0,4.6,0.327,1,2,0
5216,B,45,32200.0,1.5,0.386,1,3,1
5217,A,43,20000.0,3.8,0.279,0,1,0
5218,B,29,13600.0,5.0,0.291,0,4,0
5219,A,28,40400.0,15.7,0.037,1,3,0
5220,A,36,30300.0,25.5,0.166,0,5,0
5221,A,32,45000.0,6.1,0.376,0,2,0
5222,A,43,84800.0,10.0,0.256,0,3,0
5223,A,24,35200.0,4.8,0.261,0,1,0
5224,B,43,49500.0,11.1,0.292,1,2,0
5225,B,43,35300.0,3.0,0.495,1,4,0
5226,A,29,48100.0,7.4,0.433,0,2,0
5227,A,45,30900.0,6.3,0.326,1,2,0
5228,B,60,43900.0,4.5,0.404,0,2,0
5229,A,36,29700.0,4.1,0.291,1,3,0
5230,A,47,21400.0,2.1,0.351,1,5,0
5231,A,43,51400.0,4.2,0.496,0,1,0
5232,B,30,18900.0,0.5,0.512,0,5,1
5233,A,53,26900.0,4.3,0.221,1,4,1
5234,B,42,39500.0,5.5,0.293,1,2,0
5235,A,48,24200.0,13.4,0.108,0,1,0
5236,A,27,29000.0,4.5,0.246,0,3,0
5237,A,61,36300.0,3.2,0.358,0,4,0
5238,A,43,28100.0,8.9,0.207,1,2,0
5239,A,49,56600.0,9.9,0.235,0,1,0
5240,A,41,19900.0,7.5,0.477,0,4,0
5241,B,34,20200.0,5.3,0.226,2,5,0
5242,A,39,38500.0,9.9,0.442,1,3,1
5243,B,21,28700.0,3.3,0.507,0,3,1
5244,B,38,35700.0,5.6,0.254,3,1,0
5245,A,30,47300.0,3.5,0.465,0,1,0
5246,B,64,31000.0,7.4,0.422,3,4,0
5247,A,38,25600.0,12.2,0.427,0,3,0
5248,A,36,46500.0,3.0,0.316,1,1,0
5249,B,44,61300.0,6.2,0.373,1,5,0
5250,A,36,49900.0,8.7,0.394,0,1,0
5251,A,58,22800.0,11.7,0.67,0,2,0
5252,A,23,59600.0,20.6,0.399,0,1,1
5253,B,39,33500.0,2.0,0.521,0,5,1
5254,A,50,43700.0,11.7,0.096,0,2,0
5255,A,59,61700.0,5.9,0.295,1,2,0
5256,A,35,55900.0,15.7,0.29,1,3,0
5257,B,48,20200.0,8.5,0.548,1,2,1
5258,B,44,20600.0,7.2,0.406,0,5,0
5259,A,56,39600.0,9.1,0.326,0,4,0
5260,A,30,43700.0,17.2,0.415,0,2,0
5261,A,38,73800.0,20.0,0.341,1,4,0
5262,B,43,40100.0,3.4,0.146,1,3,0
5263,B,42,60500.0,7.6,0.49,0,5,0
5264,A,36,36400.0,12.9,0.202,0,1,0
5265,B,39,46300.0,3.3,0.334,0,5,0
5266,A,54,28500.0,6.2,0.312,2,4,1
5267,B,40,26100.0,3.2,0.314,0,4,0
5268,A,48,151300.0,7.2,0.353,0,1,0
5269,A,27,38600.0,17.1,0.24,0,1,0
5270,A,32,26200.0,12.8,0.045,1,2,0
5271,A,44,35000.0,7.1,0.329,0,2,0
5272,A,21,68200.0,6.7,0.359,0,2,0
5273,B,25,30400.0,3.3,0.361,0,3,0
5274,A,47,43300.0,16.2,0.274,0,3,0
5275,B,37,38800.0,7.3,0.575,2,3,0
5276,A,51,38900.0,8.2,0.488,0,2,0
5277,B,68,26500.0,9.9,0.36,1,3,1
5278,A,49,76700.0,16.0,0.048,1,2,0
5279,A,28,45900.0,13.5,0.487,0,3,0
5280,B,21,41000.0,2.4,0.202,0,4,0
5281,A,43,36500.0,4.1,0.02,0,3,0
5282,A,37,79400.0,5.7,0.277,1,4,0
5283,A,53,47600.0,5.4,0.137,1,2,0
5284,A,49,57400.0,10.4,0.328,0,2,0
5285,B,31,25100.0,10.0,0.255,1,5,0
5286,B,57,17500.0,9.6,0.387,0,3,0
5287,B,37,40300.0,2.5,0.341,0,5,0
5288,A,25,48100.0,5.0,0.172,0,2,0
5289,A,51,48100.0,13.3,0.363,1,1,0
5290,A,44,31800.0,12.8,0.362,1,3,0
5291,A,52,35300.0,9.6,0.225,0,1,0
5292,A,21,40300.0,18.8,0.314,2,4,0
5293,B,45,22800.0,1.0,0.376,0,4,0
5294,A,45,43100.0,8.1,0.209,1,2,0
5295,A,33,25500.0,4.0,0.355,1,3,0
5296,B,44,23500.0,2.7,0.511,0,3,1
5297,A,41,32300.0,10.6,0.241,0,2,1
5298,A,43,47600.0,3.3,0.412,0,1,0
5299,A,75,36700.0,24.8,0.529,0,2,0
5300,A,31,10600.0,5.7,0.392,0,3,1
5301,A,38,33900.0,8.1,0.203,1,2,0
5302,B,45,32600.0,7.7,0.378,1,2,0
5303,A,49,88000.0,2.9,0.439,0,1,0
5304,A,45,68900.0,6.8,0.461,0,1,0
5305,A,54,100900.0,25.6,0.437,0,1,0
5306,A,51,116900.0,17.2,0.173,0,2,0
5307,A,37,74400.0,9.5,0.436,0,4,0
5308,A,21,39300.0,4.5,0.16,0,2,0
5309,B,22,30500.0,3.9,0.615,0,4,1
5310,B,32,18500.0,7.1,0.297,0,1,0
5311,A,42,30000.0,15.4,0.27,0,4,0
5312,A,35,86200.0,10.1,0.496,0,2,0
5313,A,47,39700.0,13.7,0.191,0,1,0
5314,A,21,22000.0,11.1,0.245,2,2,0
5315,A,60,72500.0,8.5,0.233,0,2,1
5316,A,47,31000.0,13.3,0.334,0,2,0
5317,A,33,39300.0,6.1,0.343,0,4,0
5318,A,52,99600.0,5.0,0.344,1,2,0
5319,A,21,33200.0,8.8,0.274,0,4,0
5320,B,42,85000.0,2.7,0.258,2,5,0
5321,A,43,51800.0,3.7,0.195,1,1,0
5322,A,44,53400.0,18.4,0.129,1,2,0
5323,A,22,22900.0,8.6,0.243,0,1,0
5324,A,31,53800.0,8.3,0.209,0,1,0
5325,A,54,46800.0,18.7,0.156,0,1,0
5326,A,49,28900.0,9.4,0.221,0,5,0
5327,A,49,34500.0,8.4,0.219,2,1,0
5328,B,41,32200.0,7.0,0.312,2,3,0
5329,A,31,65600.0,5.7,0.66,0,1,1
5330,A,54,26700.0,13.6,0.315,0,5,0
5331,A,63,37300.0,13.4,0.328,2,3,0
5332,A,34,41800.0,7.0,0.274,0,2,0
5333,A,44,36600.0,4.8,0.204,1,3,0
5334,A,39,45500.0,13.4,0.42,0,5,0
5335,B,42,32000.0,4.7,0.331,1,3,0
5336,A,53,24600.0,6.4,0.038,0,1,0
5337,A,47,15000.0,16.8,0.246,0,1,0
5338,A,48,42100.0,9.2,0.02,0,2,0
5339,A,42,23500.0,5.1,0.02,2,1,0
5340,B,46,16000.0,3.6,0.32,0,4,0
5341,A,39,64200.0,8.4,0.361,0,1,0
5342,B,51,22900.0,6.4,0.367,1,4,1
5343,A,29,22600.0,12.8,0.402,0,1,0
5344,A,29,57400.0,7.9,0.297,0,5,0
5345,A,49,55000.0,11.6,0.476,1,1,0
5346,A,34,46100.0,3.7,0.62,1,1,0
5347,A,25,21500.0,9.8,0.379,0,3,0
5348,A,73,63400.0,9.9,0.209,0,2,0
5349,B,59,53100.0,3.3,0.366,0,4,0
5350,A,22,37700.0,6.1,0.129,0,2,0
5351,B,34,26400.0,7.4,0.566,0,3,1
5352,A,22,68800.0,6.7,0.362,0,1,0
5353,B,54,46300.0,7.9,0.414,0,4,0
5354,A,33,42300.0,13.1,0.537,0,3,0
5355,B,61,35800.0,5.3,0.34,0,5,0
5356,B,43,23900.0,24.6,0.386,0,5,0
5357,B,29,28800.0,0.9,0.37,1,2,0
5358,A,22,28600.0,7.8,0.385,0,3,0
5359,B,47,25500.0,5.7,0.209,1,2,0
5360,A,55,50400.0,11.5,0.305,0,2,0
5361,B,42,24200.0,0.8,0.332,0,4,1
5362,A,58,64800.0,5.0,0.282,0,5,0
5363,B,24,17500.0,0.4,0.316,0,4,1
5364,A,21,23200.0,7.9,0.212,1,2,0
5365,A,50,40500.0,16.9,0.27,0,1,0
5366,B,59,16800.0,2.6,0.292,0,4,1
5367,A,21,43400.0,3.1,0.257,1,1,0
5368,B,35,20400.0,4.1,0.378,0,5,0
5369,A,27,38900.0,8.2,0.178,0,4,0
5370,A,53,37100.0,15.7,0.254,0,3,0
5371,A,52,48800.0,9.3,0.426,0,1,0
5372,A,27,42100.0,7.8,0.278,1,1,0
5373,A,59,29700.0,6.8,0.258,1,3,0
5374,B,38,34100.0,3.5,0.447,0,4,0
5375,A,70,45100.0,5.1,0.448,0,4,0
5376,A,39,43900.0,10.7,0.244,3,1,1
5377,A,54,28900.0,12.8,0.229,0,1,0
5378,A,21,48600.0,12.8,0.314,0,3,0
5379,A,27,38200.0,11.0,0.264,1,4,0
5380,A,53,34400.0,8.7,0.25,1,2,0
5381,A,21,35300.0,7.9,0.185,0,1,0
5382,B,62,36800.0,8.2,0.619,1,1,0
5383,A,39,43600.0,8.3,0.429,0,2,0
5384,A,25,25800.0,4.7,0.477,0,3,1
5385,A,49,38500.0,11.9,0.373,0,3,0
5386,B,64,31100.0,3.5,0.196,0,4,0
5387,B,55,27800.0,7.4,0.056,1,4,0
5388,B,28,22700.0,7.2,0.362,2,4,1
5389,A,30,60500.0,3.7,0.269,3,3,0
5390,A,55,39400.0,7.1,0.02,0,3,0
5391,B,42,41600.0,7.9,0.395,1,4,1
5392,A,28,72800.0,7.6,0.147,0,2,0
5393,B,27,36200.0,6.3,0.535,0,5,0
5394,A,45,44100.0,3.2,0.262,0,2,0
5395,A,54,26800.0,4.1,0.02,1,2,0
5396,A,45,90100.0,2.8,0.066,0,2,0
5397,A,61,31600.0,5.8,0.398,0,2,0
5398,A,49,53200.0,4.9,0.126,2,1,0
5399,B,37,22500.0,3.5,0.531,0,5,1
5400,B,39,25400.0,1.1,0.393,1,5,1
5401,A,34,13200.0,11.3,0.22,0,1,0
5402,A,30,18200.0,11.9,0.401,0,3,0
5403,A,51,34400.0,7.6,0.219,1,1,0
5404,B,36,34300.0,12.4,0.482,2,5,0
5405,A,48,13600.0,11.5,0.223,1,2,0
5406,A,62,45700.0,16.1,0.327,0,1,0
5407,A,54,59400.0,4.2,0.444,0,3,0
5408,B,50,36500.0,2.5,0.471,0,5,0
5409,B,31,10400.0,5.6,0.458,0,3,1
5410,A,38,33100.0,22.0,0.181,0,4,0
5411,A,56,33900.0,9.1,0.388,0,1,0
5412,B,59,16700.0,6.9,0.127,1,4,0
5413,A,38,71500.0,9.1,0.519,1,1,0
5414,B,58,30600.0,4.8,0.503,1,2,1
5415,A,39,30900.0,8.5,0.237,1,1,0
5416,A,41,35900.0,4.0,0.194,0,1,0
5417,A,39,19100.0,1.9,0.149,0,2,0
5418,A,31,38900.0,12.1,0.436,0,4,0
5419,A,45,80500.0,7.8,0.295,1,1,0
5420,A,43,58300.0,15.3,0.582,3,1,0
5421,A,47,59700.0,20.8,0.114,0,2,0
5422,A,39,22800.0,10.3,0.346,1,2,0
5423,B,46,28800.0,4.3,0.262,0,5,0
5424,A,37,20200.0,6.2,0.258,0,3,0
5425,A,44,23400.0,7.8,0.319,0,1,0
5426,B,33,29300.0,3.0,0.394,0,5,0
5427,A,55,38200.0,9.6,0.404,0,3,0
5428,A,37,118700.0,8.2,0.207,0,1,0
5429,A,44,25900.0,8.6,0.398,2,1,0
5430,B,63,24700.0,1.6,0.12,2,5,0
5431,A,44,32300.0,4.0,0.191,1,1,0
5432,B,32,37000.0,3.2,0.379,1,1,1
5433,A,24,31100.0,3.4,0.108,2,1,0
5434,A,26,19600.0,7.0,0.391,0,1,0
5435,A,36,26500.0,10.5,0.24,0,2,0
5436,A,42,74800.0,5.0,0.457,0,1,1
5437,A,39,72600.0,3.1,0.385,1,2,0
5438,A,43,65300.0,26.1,0.262,0,4,0
5439,A,60,39200.0,7.5,0.596,0,1,1
5440,A,36,44400.0,14.8,0.363,0,3,0
5441,B,49,38000.0,7.9,0.323,1,4,0
5442,A,21,55800.0,12.4,0.178,1,1,0
5443,A,25,72300.0,13.3,0.198,0,2,0
5444,A,43,28800.0,9.9,0.545,2,1,0
5445,A,44,48700.0,3.6,0.372,1,1,0
5446,B,36,73800.0,2.7,0.438,0,4,0
5447,A,45,33900.0,8.1,0.119,0,1,0
5448,A,21,32600.0,4.5,0.389,0,4,0
5449,A,40,26400.0,8.8,0.451,0,3,0
5450,A,46,61600.0,10.1,0.249,0,4,0
5451,B,46,54600.0,8.2,0.527,1,5,0
5452,A,36,39800.0,18.7,0.383,2,2,0
5453,A,33,37800.0,16.3,0.43,0,2,0
5454,A,36,92200.0,7.6,0.082,0,3,0
5455,A,50,34800.0,15.8,0.285,1,1,1
5456,A,37,43600.0,11.5,0.34,0,2,0
5457,A,44,31100.0,5.5,0.276,0,4,0
5458,B,55,30900.0,7.4,0.37,0,4,0
5459,A,44,24700.0,2.9,0.153,0,3,0
5460,A,31,57200.0,6.4,0.222,2,1,0
5461,A,51,15700.0,7.1,0.203,0,3,0
5462,B,37,38800.0,8.1,0.399,0,4,0
5463,A,28,24400.0,7.0,0.345,1,3,0
5464,A,64,50500.0,11.9,0.367,0,3,0
5465,A,33,33400.0,4.1,0.245,1,2,0
5466,A,38,40500.0,15.7,0.343,0,5,0
5467,A,34,66700.0,4.1,0.574,0,2,0
5468,A,34,64700.0,9.8,0.463,0,3,0
5469,A,37,27400.0,12.8,0.15,1,1,0
5470,A,36,48700.0,8.2,0.372,3,2,0
5471,B,21,30700.0,4.7,0.378,0,4,0
5472,A,26,59800.0,1.9,0.254,2,3,1
5473,B,39,36700.0,6.9,0.256,1,3,0
5474,B,45,12200.0,6.7,0.363,0,3,0
5475,B,34,21900.0,20.8,0.405,0,3,0
5476,A,30,47100.0,11.4,0.462,1,3,0
5477,A,63,56200.0,10.1,0.343,1,1,0
5478,A,43,35800.0,15.4,0.224,0,3,0
5479,A,37,72900.0,7.5,0.262,0,3,0
5480,A,48,52000.0,12.0,0.225,1,2,0
5481,A,44,26300.0,6.6,0.419,0,5,0
5482,A,48,33200.0,7.5,0.291,0,2,0
5483,A,21,43900.0,9.5,0.307,0,3,0
5484,A,24,43000.0,8.3,0.379,1,1,0
5485,A,28,26900.0,18.5,0.21,0,4,0
5486,A,38,30600.0,8.4,0.532,0,3,0
5487,A,58,22800.0,5.1,0.339,0,4,1
5488,A,32,26700.0,12.2,0.287,0,3,0
5489,A,42,27700.0,13.0,0.263,0,3,0
5490,A,33,66600.0,18.2,0.418,1,1,0
5491,B,64,51100.0,3.7,0.381,0,5,0
5492,B,39,27900.0,5.1,0.451,0,5,0
5493,A,34,23900.0,11.5,0.479,0,1,0
5494,A,30,33000.0,5.6,0.355,0,5,0
5495,A,21,47300.0,16.5,0.502,0,2,0
5496,A,50,23900.0,13.9,0.472,0,1,0
5497,A,30,37300.0,3.7,0.458,0,3,1
5498,A,21,16600.0,16.7,0.614,0,4,0
5499,A,36,75100.0,14.5,0.268,0,2,0
5500,B,26,40500.0,4.1,0.559,1,3,1
5501,A,29,57300.0,9.2,0.32,1,3,0
5502,A,41,51400.0,6.4,0.02,0,2,0
5503,A,49,59300.0,12.2,0.444,1,3,0
5504,A,37,61600.0,8.2,0.272,2,4,0
5505,B,39,18200.0,2.6,0.507,1,3,0
5506,A,43,29700.0,8.2,0.365,1,2,0
5507,B,33,45700.0,5.7,0.305,0,4,0
5508,A,41,39200.0,13.0,0.422,0,1,0
5509,A,30,66400.0,9.6,0.169,1,2,0
5510,A,37,69900.0,17.9,0.34,0,3,0
5511,A,38,40900.0,20.6,0.337,1,1,0
5512,B,62,41100.0,8.0,0.272,0,4,0
5513,B,50,30500.0,5.3,0.111,1,2,0
5514,A,60,57600.0,9.6,0.289,0,5,0
5515,B,44,72200.0,5.7,0.368,1,5,0
5516,A,35,63800.0,9.8,0.087,0,2,0
5517,A,53,31000.0,5.0,0.272,0,4,0
5518,A,37,31700.0,9.9,0.449,0,1,1
5519,A,28,20900.0,8.7,0.451,0,4,0
5520,A,42,20000.0,7.6,0.556,0,1,0
5521,B,60,32300.0,4.5,0.144,1,3,1
5522,A,55,15900.0,9.5,0.165,0,3,0
5523,B,23,17100.0,1.6,0.583,0,4,1
5524,A,35,42700.0,11.9,0.459,0,3,0
5525,A,48,36000.0,4.7,0.063,0,2,0
5526,A,34,51500.0,8.0,0.406,0,1,0
5527,A,55,64000.0,5.0,0.316,0,2,0
5528,A,23,21900.0,5.6,0.186,2,1,0
5529,A,52,28300.0,5.3,0.441,0,1,0
5530,A,59,34500.0,8.5,0.404,0,1,0
5531,A,50,46000.0,13.1,0.494,0,1,0
5532,A,53,37700.0,2.2,0.406,0,1,1
5533,A,37,40800.0,3.0,0.367,0,2,0
5534,B,26,19200.0,4.5,0.598,1,4,1
5535,A,40,33000.0,7.0,0.441,0,1,0
5536,A,38,35300.0,17.9,0.138,1,1,0
5537,B,23,17500.0,2.7,0.403,0,3,1
5538,A,28,40700.0,11.0,0.546,0,3,0
5539,B,60,30000.0,7.5,0.16,0,4,0
5540,A,40,56000.0,10.7,0.317,0,1,0
5541,A,56,38400.0,16.5,0.374,0,4,0
5542,A,35,61200.0,4.0,0.476,0,3,0
5543,A,42,51400.0,2.0,0.227,1,2,1
5544,A,47,36900.0,12.2,0.2,2,1,0
5545,A,26,34100.0,6.3,0.645,0,1,0
5546,A,41,46900.0,3.5,0.475,0,2,0
5547,B,34,39400.0,4.6,0.469,0,4,0
5548,A,44,42000.0,5.4,0.055,0,2,0
5549,A,75,69800.0,7.9,0.139,0,1,0
5550,B,32,34200.0,9.1,0.33,0,5,0
5551,A,33,24100.0,17.4,0.486,0,2,0
5552,A,28,22600.0,10.3,0.28,0,1,0
5553,A,56,49800.0,22.7,0.336,1,3,0
5554,A,33,51800.0,5.1,0.438,0,1,0
5555,A,21,17100.0,6.8,0.25,1,2,1
5556,B,54,47600.0,5.5,0.396,0,2,0
5557,A,47,23800.0,7.3,0.163,2,4,1
5558,B,47,46900.0,6.5,0.27,0,5,0
5559,B,46,39900.0,7.4,0.442,0,5,0
5560,A,51,43000.0,11.9,0.44,0,1,0
5561,A,44,36400.0,9.8,0.327,0,3,0
5562,A,25,54100.0,1.7,0.332,0,4,1
5563,A,44,23600.0,8.1,0.193,0,1,0
5564,B,56,17900.0,5.5,0.082,0,3,0
5565,A,40,25400.0,8.6,0.312,1,5,1
5566,A,47,43900.0,12.1,0.343,0,1,0
5567,A,65,45900.0,12.2,0.385,1,1,0
5568,A,75,24200.0,18.0,0.205,1,3,0
5569,A,29,39000.0,6.9,0.419,1,1,0
5570,A,30,27800.0,9.8,0.374,0,2,0
5571,A,26,80100.0,1.9,0.391,0,2,0
5572,A,21,39800.0,5.2,0.158,0,4,0
5573,A,55,26900.0,15.9,0.244,1,3,0
5574,B,58,27400.0,6.3,0.413,1,3,1
5575,A,41,49400.0,3.8,0.322,0,1,0
5576,A,49,79100.0,10.0,0.422,0,5,0
5577,B,46,33600.0,2.4,0.297,0,3,0
5578,A,36,81500.0,5.7,0.069,0,2,0
5579,A,44,81800.0,9.9,0.218,0,1,0
5580,A,21,23200.0,4.7,0.412,0,4,0
5581,A,26,45000.0,3.4,0.615,3,2,1
5582,A,49,26500.0,10.4,0.46,1,4,0
5583,A,47,23400.0,7.8,0.071,0,1,0
5584,A,47,27700.0,3.2,0.411,0,4,0
5585,B,31,18700.0,8.8,0.312,0,2,1
5586,A,63,28000.0,10.0,0.243,1,5,0
5587,A,47,41600.0,21.1,0.367,0,4,0
5588,A,46,21100.0,5.7,0.208,0,4,0
5589,B,21,29100.0,4.3,0.337,1,5,0
5590,A,39,105100.0,29.4,0.432,1,1,0
5591,B,51,20500.0,5.6,0.217,1,4,0
5592,B,41,18900.0,3.0,0.666,2,4,1
5593,A,48,52600.0,0.9,0.222,1,3,0
5594,A,38,23600.0,10.3,0.497,0,4,1
5595,A,38,67000.0,3.0,0.258,2,5,0
5596,A,30,49400.0,5.2,0.324,0,4,0
5597,A,58,47700.0,13.7,0.258,0,4,0
5598,A,46,33900.0,9.5,0.526,0,4,1
5599,B,38,48200.0,1.4,0.325,0,5,0
5600,A,30,42500.0,7.5,0.369,0,1,0
5601,A,45,55700.0,1.7,0.475,0,2,0
5602,B,31,14000.0,5.3,0.422,2,5,1
5603,B,40,18200.0,10.7,0.438,1,4,0
5604,A,38,56800.0,13.8,0.13,0,4,0
5605,A,58,37300.0,17.6,0.484,0,3,0
5606,A,35,25000.0,6.8,0.12,0,2,0
5607,B,36,56200.0,1.0,0.205,0,3,0
5608,A,57,51400.0,5.0,0.303,0,2,0
5609,A,39,63100.0,2.4,0.315,0,3,1
5610,A,53,18100.0,0.9,0.251,0,4,0
5611,A,55,19300.0,4.0,0.31,0,1,1
5612,B,32,39600.0,4.7,0.173,0,4,0
5613,A,44,37000.0,10.6,0.18,0,2,0
5614,A,49,24000.0,8.1,0.261,0,2,0
5615,A,56,27500.0,9.0,0.258,0,3,0
5616,A,34,39400.0,12.7,0.095,1,2,0
5617,A,54,32100.0,2.3,0.431,0,2,0
5618,B,37,7200.0,11.5,0.456,0,1,0
5619,A,23,25500.0,7.1,0.149,0,2,0
5620,A,31,40500.0,3.1,0.252,0,4,1
5621,B,41,41900.0,9.7,0.169,0,3,0
5622,B,24,33100.0,7.8,0.334,0,5,1
5623,B,37,16400.0,8.9,0.349,0,1,0
5624,A,40,44300.0,11.3,0.443,0,3,0
5625,A,38,27100.0,10.2,0.261,0,3,0
5626,A,46,15500.0,2.2,0.314,1,3,0
5627,A,54,28300.0,12.6,0.387,1,1,0
5628,A,61,29900.0,10.9,0.208,0,4,0
5629,A,25,21700.0,19.4,0.104,0,1,0
5630,A,27,25700.0,8.5,0.199,0,1,0
5631,A,23,21600.0,6.1,0.349,1,1,0
5632,B,55,17700.0,2.5,0.394,1,4,1
5633,B,32,35700.0,8.6,0.205,0,3,0
5634,A,59,37600.0,5.4,0.125,0,3,0
5635,A,22,23100.0,7.4,0.384,1,1,1
5636,A,26,36600.0,18.6,0.307,0,1,0
5637,A,54,32000.0,7.4,0.221,0,1,0
5638,A,29,47700.0,6.5,0.318,0,1,0
5639,A,34,27300.0,11.6,0.336,0,3,0
5640,B,37,37100.0,1.6,0.2,0,4,0
5641,A,59,34700.0,15.6,0.126,0,2,0
5642,A,42,27200.0,10.1,0.528,0,2,0
5643,A,69,39900.0,7.0,0.381,1,3,0
5644,A,34,93200.0,8.8,0.34,0,1,1
5645,B,60,35300.0,4.2,0.62,0,2,0
5646,B,32,43800.0,1.6,0.477,1,3,1
5647,A,58,37100.0,1.9,0.11,0,2,0
5648,A,49,54100.0,8.0,0.662,0,3,0
5649,B,47,20600.0,3.2,0.333,0,5,0
5650,A,56,29500.0,4.8,0.346,0,3,0
5651,A,56,24100.0,12.6,0.19,0,2,0
5652,A,30,32800.0,12.8,0.17,0,1,0
5653,A,61,39900.0,4.6,0.311,1,2,0
5654,B,45,14000.0,2.3,0.478,0,3,1
5655,A,29,26200.0,6.2,0.09,0,3,0
5656,A,58,21000.0,18.0,0.237,1,5,0
5657,B,25,24000.0,3.7,0.065,1,3,0
5658,B,21,35000.0,1.0,0.02,3,4,0
5659,B,31,34900.0,4.1,0.603,1,4,0
5660,B,21,44000.0,4.9,0.485,0,2,0
5661,A,38,22700.0,2.0,0.377,1,3,1
5662,A,21,33800.0,14.5,0.155,1,2,0
5663,B,47,33300.0,10.6,0.527,1,4,0
5664,B,38,43900.0,4.1,0.562,1,3,0
5665,B,30,38600.0,4.0,0.427,0,4,0
5666,A,45,39400.0,5.7,0.22,0,2,0
5667,B,35,29500.0,2.4,0.547,0,5,0
5668,A,22,32000.0,12.1,0.486,0,2,0
5669,A,50,40500.0,3.4,0.143,0,1,1
5670,B,62,38300.0,6.1,0.362,0,4,0
5671,B,25,18900.0,11.2,0.373,2,5,0
5672,A,27,19100.0,18.3,0.243,0,4,0
5673,A,49,52200.0,9.8,0.242,0,4,0
5674,A,42,47800.0,9.3,0.454,0,3,0
5675,A,32,36600.0,14.5,0.208,1,1,0
5676,B,62,21200.0,13.4,0.26,0,2,0
5677,B,52,20200.0,8.2,0.425,0,3,0
5678,B,35,37600.0,3.4,0.385,2,4,0
5679,B,21,40700.0,4.7,0.292,0,2,0
5680,A,29,45500.0,6.8,0.19,0,4,0
5681,A,48,33400.0,6.1,0.164,0,3,0
5682,B,37,31500.0,6.4,0.363,1,3,0
5683,A,40,27800.0,9.8,0.424,1,4,1
5684,A,56,33600.0,20.7,0.208,0,1,0
5685,A,33,65800.0,4.8,0.327,0,2,0
5686,A,48,33000.0,8.7,0.142,1,4,0
5687,A,47,26500.0,7.5,0.152,1,1,0
5688,A,49,25500.0,5.7,0.424,0,1,0
5689,A,28,51600.0,6.0,0.458,0,2,0
5690,A,44,44100.0,15.9,0.192,0,1,0
5691,B,34,45600.0,4.3,0.444,1,5,0
5692,A,53,43000.0,7.1,0.299,0,2,0
5693,B,46,48900.0,8.6,0.405,0,1,0
5694,A,50,34400.0,15.2,0.368,0,3,1
5695,A,37,31600.0,11.8,0.296,0,1,0
5696,B,38,55300.0,9.1,0.158,2,5,0
5697,A,24,21700.0,14.3,0.189,0,3,0
5698,A,30,26200.0,2.1,0.242,0,2,0
5699,A,40,59500.0,9.2,0.342,0,2,0
5700,B,54,42500.0,2.5,0.373,0,4,0
5701,A,21,75700.0,3.1,0.362,1,3,0
5702,A,31,54500.0,2.5,0.417,0,3,0
5703,A,21,53000.0,16.0,0.292,1,1,0
5704,B,38,39400.0,11.7,0.188,0,4,0
5705,A,34,28400.0,4.5,0.359,0,2,0
5706,A,40,30200.0,4.6,0.293,1,1,0
5707,A,33,29300.0,6.2,0.351,1,1,0
5708,B,44,20400.0,4.5,0.397,0,5,0
5709,A,55,10500.0,14.7,0.556,0,1,0
5710,A,28,46500.0,28.1,0.35,1,5,0
5711,A,40,33200.0,10.7,0.383,0,2,1
5712,A,31,18200.0,9.0,0.19,1,3,0
5713,A,37,56900.0,11.9,0.126,0,3,0
5714,B,67,54100.0,0.5,0.378,1,4,0
5715,A,54,18000.0,13.7,0.227,0,1,0
5716,A,29,18100.0,8.9,0.388,2,3,0
5717,A,53,16500.0,10.3,0.322,1,5,0
5718,A,32,23800.0,6.2,0.297,0,4,0
5719,A,34,33000.0,2.5,0.451,1,1,0
5720,A,53,32300.0,12.5,0.441,0,2,0
5721,A,31,58300.0,5.2,0.328,0,1,0
5722,A,24,37700.0,7.0,0.333,0,2,1
5723,B,57,29500.0,4.7,0.183,0,5,0
5724,A,62,49800.0,11.5,0.21,0,4,0
5725,A,38,27000.0,13.0,0.11,1,4,0
5726,B,59,19400.0,1.9,0.393,1,3,0
5727,B,45,29600.0,2.2,0.381,1,2,0
5728,A,32,83600.0,14.5,0.272,0,3,0
5729,A,37,17200.0,6.2,0.459,0,2,0
5730,B,44,50600.0,4.0,0.316,1,5,0
5731,A,42,41300.0,16.3,0.43,0,1,0
5732,B,34,21800.0,1.0,0.553,1,4,0
5733,A,43,27700.0,3.9,0.216,2,3,0
5734,B,25,59000.0,2.1,0.378,0,3,0
5735,A,58,56500.0,5.6,0.616,0,1,0
5736,A,44,28300.0,12.0,0.225,0,2,0
5737,B,52,31600.0,9.3,0.309,1,4,1
5738,A,34,42900.0,8.2,0.234,0,1,0
5739,A,38,48400.0,11.1,0.246,0,2,0
5740,A,51,18800.0,9.2,0.251,1,2,0
5741,A,25,46200.0,4.8,0.361,0,1,0
5742,A,63,56300.0,9.2,0.541,1,2,0
5743,A,21,43000.0,11.0,0.424,0,2,0
5744,B,47,25300.0,0.9,0.301,1,2,1
5745,B,21,26800.0,2.8,0.21,0,3,0
5746,B,41,32600.0,1.8,0.332,0,1,0
5747,A,43,32000.0,13.4,0.292,0,4,0
5748,A,48,42500.0,10.3,0.262,0,5,0
5749,A,47,61600.0,19.0,0.428,0,2,0
5750,A,51,39300.0,4.2,0.222,0,2,0
5751,A,49,39200.0,9.6,0.377,1,1,0
5752,A,59,25900.0,14.4,0.39,0,2,0
5753,A,53,37000.0,5.1,0.317,0,3,0
5754,A,28,57100.0,21.6,0.325,1,2,0
5755,A,38,42500.0,7.1,0.26,1,1,0
5756,A,57,31400.0,8.8,0.171,2,1,0
5757,B,23,64500.0,3.4,0.337,0,3,0
5758,A,24,35800.0,8.4,0.164,0,3,0
5759,A,34,40800.0,15.6,0.329,0,2,0
5760,A,23,35000.0,19.6,0.062,0,1,0
5761,B,26,21300.0,4.3,0.525,0,4,0
5762,A,51,14500.0,4.3,0.398,0,1,0
5763,A,42,45800.0,1.9,0.365,0,3,0
5764,B,22,30100.0,4.8,0.417,1,5,0
5765,A,29,24300.0,15.9,0.187,0,1,0
5766,B,28,27600.0,12.5,0.425,0,5,0
5767,B,21,18900.0,8.0,0.155,0,2,0
5768,A,56,23600.0,11.7,0.217,1,1,0
5769,A,52,29100.0,4.6,0.211,0,4,0
5770,A,49,49500.0,11.6,0.538,0,2,0
5771,A,37,42400.0,10.2,0.448,0,2,0
5772,A,43,47200.0,8.7,0.407,2,3,0
5773,A,38,25400.0,7.8,0.415,0,1,0
5774,A,43,22000.0,16.5,0.514,0,1,0
5775,B,45,76900.0,17.1,0.458,0,5,0
5776,A,45,39700.0,9.9,0.195,0,1,0
5777,B,35,19600.0,8.8,0.431,0,5,0
5778,A,45,35100.0,4.5,0.319,1,1,0
5779,A,21,33900.0,10.9,0.441,1,2,0
5780,A,26,39400.0,9.4,0.489,0,2,1
5781,A,43,55100.0,11.7,0.621,0,3,0
5782,A,61,42400.0,3.3,0.439,2,2,1
5783,A,21,26400.0,12.9,0.41,0,3,0
5784,B,51,69200.0,7.3,0.131,0,1,0
5785,A,33,22100.0,5.5,0.249,0,4,0
5786,A,35,32000.0,12.7,0.362,1,3,0
5787,A,32,26400.0,14.3,0.367,1,5,0
5788,B,33,40000.0,8.9,0.343,0,5,0
5789,A,55,21700.0,4.1,0.628,0,2,0
5790,A,39,35700.0,9.3,0.373,0,2,0
5791,A,21,28100.0,16.7,0.263,1,2,0
5792,A,29,28800.0,9.4,0.142,0,1,0
5793,A,43,32800.0,14.7,0.642,0,2,0
5794,A,37,48500.0,12.6,0.306,1,2,0
5795,B,45,14200.0,7.5,0.482,2,5,1
5796,B,52,37700.0,2.2,0.403,0,1,0
5797,B,54,29700.0,2.1,0.318,0,3,0
5798,A,31,31600.0,4.3,0.225,1,2,0
5799,B,33,54700.0,2.6,0.543,0,2,1
5800,A,35,34800.0,7.9,0.504,0,1,0
5801,A,60,42500.0,9.6,0.111,0,4,0
5802,A,50,39800.0,11.0,0.416,0,1,0
5803,A,39,26300.0,15.3,0.266,0,4,0
5804,A,26,48800.0,7.3,0.35,0,5,0
5805,A,44,44300.0,12.2,0.196,0,2,0
5806,B,38,32500.0,1.5,0.369,1,4,0
5807,A,21,42100.0,9.3,0.274,0,2,0
5808,A,25,21400.0,5.2,0.071,0,3,0
5809,A,52,36900.0,11.7,0.222,0,2,0
5810,B,43,34600.0,5.9,0.537,0,3,0
5811,A,41,38400.0,11.0,0.269,0,1,0
5812,B,33,38800.0,9.0,0.293,0,1,0
5813,A,27,49900.0,10.2,0.352,1,3,0
5814,A,45,34700.0,5.2,0.421,0,2,1
5815,A,48,45800.0,3.8,0.059,1,3,0
5816,A,39,61100.0,5.4,0.383,0,4,0
5817,A,59,22700.0,9.9,0.157,1,3,0
5818,A,41,36300.0,3.7,0.376,0,3,0
5819,A,46,21900.0,8.6,0.375,0,3,0
5820,A,46,42300.0,7.0,0.371,0,3,0
5821,B,54,69600.0,2.2,0.432,2,4,0
5822,A,63,15400.0,14.9,0.303,1,3,0
5823,A,47,29000.0,7.8,0.3,1,1,0
5824,B,34,51500.0,9.7,0.381,1,5,0
5825,A,46,42000.0,20.8,0.207,0,3,0
5826,A,24,37700.0,6.1,0.415,1,1,0
5827,A,38,40300.0,6.9,0.313,0,2,0
5828,A,49,32900.0,1.9,0.324,0,1,1
5829,A,42,23800.0,4.4,0.402,0,3,0
5830,A,34,27000.0,14.3,0.668,0,5,0
5831,B,48,35600.0,7.0,0.294,0,5,0
5832,A,46,17300.0,6.1,0.336,1,2,0
5833,B,55,68500.0,5.6,0.592,0,4,0
5834,B,48,19400.0,1.6,0.579,1,5,1
5835,B,44,22600.0,6.6,0.574,2,3,0
5836,A,21,46800.0,6.6,0.279,0,3,1
5837,A,55,39000.0,7.0,0.391,0,4,1
5838,A,37,33700.0,15.4,0.443,0,2,0
5839,B,40,35000.0,11.7,0.338,2,3,0
5840,A,37,94300.0,6.8,0.342,0,2,1
5841,A,34,28100.0,4.8,0.152,0,3,0
5842,B,33,18800.0,2.3,0.398,1,4,1
5843,A,35,40800.0,28.5,0.458,1,2,0
5844,A,29,20400.0,10.1,0.574,1,1,1
5845,B,48,43200.0,2.1,0.557,0,5,0
5846,A,42,37300.0,6.9,0.33,0,2,0
5847,A,47,23100.0,26.0,0.052,0,3,0
5848,B,42,53800.0,3.6,0.523,0,2,0
5849,A,54,31900.0,6.0,0.02,1,1,0
5850,B,41,26600.0,8.4,0.404,0,5,0
5851,A,24,44800.0,2.7,0.128,0,1,0
5852,A,44,31000.0,13.0,0.364,1,2,0
5853,A,33,37700.0,17.2,0.407,0,4,0
5854,A,53,45700.0,8.3,0.34,0,4,0
5855,A,47,27000.0,16.9,0.247,0,3,0
5856,B,34,50600.0,1.7,0.195,2,5,0
5857,A,53,34200.0,13.0,0.355,0,2,1
5858,A,39,22600.0,30.0,0.307,2,3,0
5859,A,21,79900.0,2.9,0.213,0,3,0
5860,A,24,42500.0,4.9,0.344,0,1,0
5861,B,51,18400.0,3.2,0.42,1,5,1
5862,B,21,54900.0,12.0,0.212,0,4,0
5863,A,39,29500.0,7.2,0.314,0,1,0
5864,B,49,23600.0,4.1,0.333,0,4,0
5865,A,40,22900.0,5.8,0.114,0,5,0
5866,A,26,31500.0,8.7,0.622,0,2,0
5867,B,27,22800.0,15.8,0.371,1,3,0
5868,A,43,88400.0,5.6,0.512,0,4,0
5869,A,26,26300.0,3.1,0.31,0,2,1
5870,A,52,33200.0,13.3,0.455,0,3,1
5871,A,53,51400.0,12.2,0.31,0,3,0
5872,B,22,16700.0,17.9,0.255,0,4,0
5873,A,75,55500.0,8.4,0.232,1,1,0
5874,A,21,43700.0,10.1,0.233,0,1,0
5875,A,40,60300.0,6.1,0.305,0,3,0
5876,A,44,34500.0,14.1,0.37,0,3,0
5877,A,38,24400.0,10.7,0.32,1,1,0
5878,B,35,43100.0,3.0,0.207,1,2,0
5879,A,43,45100.0,17.6,0.397,0,2,0
5880,A,58,36700.0,9.0,0.37,0,2,0
5881,A,55,54500.0,2.8,0.353,0,2,0
5882,B,31,22800.0,6.3,0.02,0,3,0
5883,A,36,33700.0,8.2,0.469,1,1,0
5884,A,22,44500.0,6.6,0.422,1,3,0
5885,B,43,55300.0,8.9,0.445,1,5,0
5886,A,54,29700.0,2.6,0.213,0,3,0
5887,A,30,33800.0,12.1,0.414,0,2,0
5888,A,47,51400.0,6.4,0.31,1,1,0
5889,A,42,31200.0,5.1,0.405,0,1,1
5890,A,37,30000.0,11.8,0.312,0,1,0
5891,A,24,54800.0,5.4,0.404,0,5,0
5892,B,34,52800.0,6.2,0.402,0,4,0
5893,A,27,50900.0,6.6,0.459,1,1,1
5894,A,60,32900.0,3.0,0.081,0,4,0
5895,A,54,57800.0,8.6,0.342,0,4,0
5896,B,21,26100.0,3.6,0.445,0,3,1
5897,A,31,31600.0,11.7,0.403,2,1,0
5898,B,50,33800.0,2.8,0.306,0,4,0
5899,B,48,18900.0,9.3,0.385,1,4,0
5900,A,48,29400.0,3.7,0.209,0,3,0
5901,A,52,96700.0,4.0,0.242,0,5,0
5902,B,49,26500.0,16.0,0.459,1,4,1
5903,A,21,46900.0,3.9,0.467,0,4,1
5904,A,73,36100.0,12.8,0.132,0,4,0
5905,A,52,61600.0,8.2,0.169,1,5,0
5906,A,38,37400.0,5.3,0.263,1,3,0
5907,A,38,44700.0,5.9,0.631,1,4,1
5908,A,30,84500.0,12.7,0.45,1,1,0
5909,B,32,26800.0,3.1,0.39,1,5,0
5910,A,34,34800.0,8.7,0.385,0,1,0
5911,B,50,38700.0,3.5,0.69,3,5,1
5912,B,39,50700.0,5.1,0.355,0,5,1
5913,B,59,25000.0,2.4,0.594,1,2,0
5914,A,32,71200.0,6.1,0.165,0,2,0
5915,A,25,30000.0,7.7,0.352,1,1,0
5916,A,44,19100.0,14.6,0.352,0,2,0
5917,B,32,14600.0,5.6,0.421,1,3,1
5918,A,43,33300.0,10.9,0.344,0,1,1
5919,B,34,18300.0,1.5,0.327,1,5,0
5920,A,27,31400.0,10.7,0.273,0,2,0
5921,A,37,42000.0,8.4,0.308,0,5,0
5922,B,27,11800.0,3.5,0.251,1,3,0
5923,A,28,29900.0,2.1,0.22,1,1,0
5924,A,40,42800.0,4.4,0.255,0,3,0
5925,A,38,21300.0,12.5,0.537,0,1,0
5926,B,27,16700.0,5.3,0.643,2,5,0
5927,A,22,52900.0,6.8,0.291,0,4,0
5928,A,24,29100.0,6.6,0.121,1,1,0
5929,A,51,44700.0,19.8,0.02,0,2,0
5930,B,41,53100.0,9.8,0.709,1,5,0
5931,A,47,23500.0,6.5,0.262,1,4,1
5932,B,27,25600.0,9.0,0.376,1,5,0
5933,A,28,35700.0,4.3,0.38,0,3,0
5934,B,32,32200.0,8.4,0.591,2,5,1
5935,A,41,49400.0,15.0,0.069,0,3,0
5936,A,38,20200.0,4.2,0.462,0,3,1
5937,B,53,47300.0,10.6,0.317,1,5,0
5938,A,54,35600.0,8.6,0.161,0,1,0
5939,B,21,63000.0,6.8,0.293,3,4,0
5940,A,42,43500.0,11.5,0.422,0,3,0
5941,B,32,18600.0,1.2,0.134,1,1,1
5942,A,48,43100.0,6.3,0.163,1,3,0
5943,A,40,44400.0,6.6,0.426,0,1,0
5944,A,34,94700.0,8.6,0.346,0,2,0
5945,A,69,32800.0,4.8,0.36,0,4,1
5946,A,56,85200.0,14.9,0.289,0,4,0
5947,A,46,21100.0,6.3,0.227,0,4,0
5948,A,46,32600.0,6.4,0.299,0,4,0
5949,B,42,46500.0,4.5,0.265,0,2,0
5950,B,43,88200.0,4.1,0.274,1,5,0
5951,A,41,36900.0,9.3,0.323,0,1,0
5952,B,38,48100.0,1.5,0.521,0,5,0
5953,B,40,18900.0,1.1,0.26,0,3,0
5954,B,47,44900.0,2.5,0.32,0,4,0
5955,B,52,33800.0,1.9,0.559,0,5,1
5956,A,47,25800.0,6.1,0.163,0,1,0
5957,A,41,33900.0,4.7,0.22,0,5,0
5958,A,48,43300.0,14.3,0.465,1,4,0
5959,A,47,25600.0,3.5,0.349,0,4,0
5960,B,28,34500.0,2.7,0.386,0,3,1
5961,A,41,33700.0,7.9,0.411,0,1,0
5962,A,70,39000.0,7.2,0.181,1,1,0
5963,B,54,27100.0,3.1,0.225,1,5,0
5964,A,47,35900.0,8.7,0.676,0,1,0
5965,A,45,39800.0,6.8,0.253,1,1,0
5966,A,36,19900.0,5.4,0.571,0,2,1
5967,A,50,57600.0,8.2,0.448,2,1,0
5968,A,21,43000.0,6.6,0.143,1,2,0
5969,A,21,14900.0,2.5,0.307,0,4,0
5970,B,38,14600.0,2.2,0.179,0,5,1
5971,B,38,27700.0,7.4,0.425,0,1,0
5972,A,63,29900.0,3.4,0.365,0,2,1
5973,A,45,40300.0,6.9,0.325,1,4,0
5974,B,69,50700.0,5.3,0.484,0,5,0
5975,A,71,75000.0,10.0,0.505,0,5,0
5976,A,42,31400.0,9.2,0.51,1,1,1
5977,A,37,30600.0,6.1,0.371,0,1,0
5978,A,44,39500.0,10.8,0.357,0,4,0
5979,B,24,34000.0,4.1,0.504,0,5,0
5980,A,60,44100.0,5.1,0.506,0,4,1
5981,A,35,55400.0,3.7,0.201,0,2,0
5982,A,34,54700.0,6.2,0.451,1,3,0
5983,A,34,28200.0,5.4,0.135,2,1,0
5984,A,37,34600.0,7.7,0.222,0,5,0
5985,A,61,86600.0,11.8,0.424,1,2,0
5986,B,33,43500.0,4.6,0.531,0,5,0
5987,A,48,43500.0,5.4,0.365,0,4,0
5988,A,37,63700.0,11.0,0.145,0,5,0
5989,B,24,38300.0,1.4,0.294,1,3,0
5990,A,31,17000.0,11.2,0.228,2,3,0
5991,B,27,38700.0,5.8,0.22,1,5,0
5992,B,51,26100.0,2.5,0.455,0,5,0
5993,A,61,26600.0,8.5,0.317,0,2,0
5994,B,44,16200.0,1.8,0.365,0,4,0
5995,A,54,43000.0,18.1,0.092,0,4,0
5996,A,63,49500.0,5.3,0.456,0,1,0
5997,A,40,33500.0,14.1,0.391,0,2,0
5998,B,29,12500.0,3.6,0.277,0,3,0
5999,B,52,42500.0,4.0,0.41,2,2,1
6000,A,28,38900.0,2.6,0.233,0,3,1
6001,A,21,32000.0,5.1,0.271,0,5,0
6002,A,29,59600.0,5.6,0.244,1,3,0
6003,A,21,59000.0,5.0,0.346,0,1,0
6004,B,53,32100.0,5.3,0.261,2,5,0
6005,A,52,48300.0,7.0,0.185,0,1,0
6006,A,33,39200.0,10.5,0.405,0,3,0
6007,B,44,35800.0,4.9,0.314,2,2,1
6008,A,37,25700.0,5.9,0.355,0,5,1
6009,A,21,20800.0,5.6,0.23,1,3,1
6010,A,61,52000.0,11.4,0.393,0,1,0
6011,A,30,47600.0,12.2,0.177,1,2,0
6012,A,56,35300.0,11.2,0.587,2,4,0
6013,A,34,61300.0,12.4,0.319,0,2,0
6014,A,46,31300.0,7.2,0.396,0,1,0
6015,B,21,13600.0,6.7,0.212,0,4,0
6016,A,57,47500.0,8.1,0.22,0,2,0
6017,B,51,36200.0,13.1,0.266,0,3,0
6018,B,34,40500.0,9.0,0.314,0,3,0
6019,A,48,40600.0,6.3,0.312,0,3,0
6020,A,32,30000.0,19.9,0.336,0,4,0
6021,B,49,8900.0,3.1,0.497,1,3,1
6022,A,39,55000.0,10.9,0.699,0,4,0
6023,A,36,25700.0,16.6,0.081,1,2,0
6024,B,39,32200.0,4.6,0.442,2,3,1
6025,A,41,17400.0,2.9,0.423,1,1,0
6026,A,34,50700.0,6.0,0.549,1,2,0
6027,A,48,47700.0,7.7,0.443,1,3,0
6028,B,47,30400.0,2.1,0.392,0,5,0
6029,A,28,31700.0,26.0,0.319,0,4,0
6030,A,46,23700.0,12.0,0.286,0,3,0
6031,A,40,39400.0,10.6,0.312,0,1,0
6032,A,41,35900.0,7.9,0.434,0,2,0
6033,B,47,55200.0,1.6,0.547,3,3,1
6034,A,30,41000.0,12.1,0.245,0,2,0
6035,A,45,25100.0,5.4,0.181,2,2,0
6036,B,52,21100.0,7.1,0.379,1,5,0
6037,A,46,51300.0,12.8,0.181,1,1,1
6038,A,52,30000.0,9.0,0.303,1,5,0
6039,A,48,56700.0,15.0,0.212,0,2,0
6040,A,36,51700.0,4.0,0.059,0,3,0
6041,A,21,73200.0,8.7,0.441,0,4,0
6042,A,41,70800.0,6.1,0.404,0,1,0
6043,A,27,18200.0,10.8,0.365,0,1,0
6044,A,49,27300.0,8.9,0.579,0,2,0
6045,A,35,44300.0,15.6,0.434,0,3,0
6046,A,38,62600.0,3.6,0.334,2,2,0
6047,B,36,22900.0,0.6,0.158,1,4,1
6048,B,31,32500.0,3.0,0.244,0,5,1
6049,B,61,18300.0,1.0,0.352,1,4,0
6050,B,50,20400.0,7.7,0.281,1,3,0
6051,B,40,23900.0,3.8,0.22,0,4,0
6052,A,36,47300.0,2.9,0.21,0,3,0
6053,A,38,34500.0,12.0,0.322,0,4,0
6054,B,46,23000.0,11.7,0.435,1,2,0
6055,B,53,42400.0,8.0,0.168,0,5,0
6056,A,33,28600.0,18.0,0.225,0,3,0
6057,B,42,33200.0,8.2,0.454,0,4,0
6058,A,48,23400.0,5.6,0.478,0,4,0
6059,B,28,46700.0,7.9,0.363,1,4,0
6060,A,29,92300.0,6.6,0.102,1,5,0
6061,B,40,40200.0,3.4,0.334,0,5,1
6062,A,32,42600.0,8.9,0.184,0,4,0
6063,A,53,21300.0,7.4,0.322,1,1,0
6064,A,44,36800.0,4.9,0.229,0,3,0
6065,A,40,24600.0,6.0,0.403,1,1,1
6066,B,37,55100.0,4.5,0.303,1,5,0
6067,B,43,46300.0,6.3,0.404,0,1,0
6068,B,21,30800.0,1.0,0.396,0,5,1
6069,B,37,35100.0,2.2,0.437,1,3,0
6070,B,45,39900.0,7.0,0.416,1,5,1
6071,B,65,15700.0,2.3,0.534,0,5,1
6072,A,27,25600.0,17.2,0.088,0,3,0
6073,A,21,48600.0,6.2,0.02,1,1,0
6074,A,50,42900.0,8.4,0.27,0,3,0
6075,A,34,42500.0,21.8,0.312,0,1,0
6076,A,34,26800.0,11.6,0.524,0,5,0
6077,A,58,54700.0,6.8,0.368,1,2,0
6078,A,32,29300.0,15.5,0.421,1,2,0
6079,A,37,19100.0,8.3,0.226,0,1,0
6080,A,25,16900.0,7.0,0.207,0,5,0
6081,A,40,62400.0,4.6,0.288,0,2,0
6082,A,66,42600.0,6.0,0.49,0,2,0
6083,B,40,41600.0,3.9,0.626,1,5,0
6084,B,59,18900.0,12.2,0.361,0,4,0
6085,A,52,69300.0,15.0,0.02,0,1,0
6086,A,25,44000.0,4.1,0.502,1,2,1
6087,A,41,65500.0,12.1,0.361,0,1,0
6088,A,61,56800.0,8.7,0.438,0,3,0
6089,B,35,25600.0,5.3,0.429,0,4,0
6090,A,37,38600.0,5.8,0.221,0,3,0
6091,B,36,37400.0,6.0,0.409,0,4,0
6092,A,21,49900.0,4.5,0.42,0,2,1
6093,A,35,34700.0,6.1,0.389,1,5,0
6094,A,43,45400.0,4.7,0.197,0,3,0
6095,A,59,50900.0,8.4,0.36,0,1,0
6096,A,44,18400.0,4.9,0.374,0,1,0
6097,A,65,39800.0,6.3,0.31,0,1,0
6098,A,57,45200.0,20.8,0.529,0,5,0
6099,B,35,16700.0,5.7,0.402,0,3,1
6100,A,32,24500.0,13.7,0.458,1,3,0
6101,A,35,36600.0,20.7,0.308,0,2,0
6102,A,49,73700.0,2.9,0.387,1,1,0
6103,A,49,73100.0,13.8,0.239,2,1,0
6104,A,32,42100.0,7.0,0.359,0,1,0
6105,A,45,30300.0,4.3,0.439,0,3,1
6106,A,35,82300.0,12.6,0.26,2,3,0
6107,B,21,15700.0,4.4,0.282,0,4,0
6108,A,27,96800.0,16.7,0.408,0,2,0
6109,A,21,51000.0,2.7,0.07,0,3,0
6110,A,25,22900.0,5.9,0.354,0,1,0
6111,A,42,47900.0,7.5,0.448,0,1,0
6112,A,34,50900.0,17.7,0.248,1,1,0
6113,A,43,38100.0,3.5,0.254,1,4,0
6114,A,41,38100.0,11.3,0.274,0,4,0
6115,A,28,26000.0,21.9,0.395,0,3,0
6116,B,47,51700.0,3.8,0.548,0,5,0
6117,A,42,30300.0,6.5,0.165,0,4,0
6118,A,27,61800.0,5.6,0.077,0,2,0
6119,A,33,35300.0,6.2,0.425,0,3,0
6120,A,56,28300.0,10.8,0.239,1,3,0
6121,A,34,43800.0,8.7,0.206,0,2,0
6122,A,21,33700.0,8.9,0.284,0,3,0
6123,B,62,59800.0,5.9,0.092,1,5,0
6124,B,53,34300.0,6.8,0.56,1,4,0
6125,A,45,60100.0,6.5,0.105,0,3,0
6126,A,57,38700.0,7.8,0.326,0,4,0
6127,A,47,50200.0,9.2,0.267,1,2,0
6128,A,45,53600.0,3.6,0.126,0,4,0
6129,A,52,46600.0,11.1,0.335,1,4,0
6130,A,24,35000.0,11.2,0.328,0,5,0
6131,B,40,41300.0,2.8,0.314,1,2,0
6132,B,21,11700.0,2.3,0.496,2,3,1
6133,A,23,54200.0,15.9,0.266,0,2,0
6134,B,64,39300.0,7.6,0.363,0,3,0
6135,A,22,41300.0,5.6,0.407,0,3,0
6136,A,45,29500.0,7.3,0.373,0,3,0
6137,A,28,62400.0,7.0,0.02,0,5,0
6138,A,35,38300.0,7.0,0.425,0,3,0
6139,A,42,67200.0,17.0,0.256,0,2,0
6140,A,25,37300.0,4.7,0.341,0,3,0
6141,A,25,35800.0,28.7,0.327,1,5,0
6142,A,46,22200.0,8.3,0.41,0,1,0
6143,A,51,51000.0,7.0,0.058,0,4,0
6144,A,42,44100.0,19.3,0.383,1,2,0
6145,A,44,49500.0,21.2,0.25,0,2,0
6146,A,63,26400.0,3.1,0.552,2,1,1
6147,B,37,68300.0,2.0,0.256,0,5,0
6148,A,36,27800.0,9.2,0.686,0,3,0
6149,A,45,32800.0,7.7,0.37,0,4,0
6150,A,34,31200.0,10.4,0.553,1,2,1
6151,A,21,45700.0,11.2,0.085,0,4,0
6152,A,23,17400.0,18.4,0.338,0,1,0
6153,A,37,30100.0,13.3,0.282,0,2,0
6154,A,40,26600.0,3.8,0.033,2,4,0
6155,A,32,68900.0,18.2,0.198,0,2,0
6156,A,33,19000.0,5.5,0.33,1,1,1
6157,A,39,29900.0,9.9,0.2,0,2,0
6158,A,45,49900.0,23.5,0.344,0,1,0
6159,A,33,26600.0,3.2,0.299,0,3,0
6160,A,43,47000.0,13.2,0.405,1,1,1
6161,A,32,37300.0,14.8,0.078,0,3,0
6162,B,30,33500.0,1.7,0.23,0,4,0
6163,B,41,45300.0,6.2,0.456,1,5,0
6164,B,39,33500.0,6.3,0.315,0,3,0
6165,B,60,21300.0,3.3,0.421,1,5,1
6166,A,21,18200.0,13.7,0.347,0,3,0
6167,B,33,35800.0,7.6,0.313,0,2,0
6168,A,35,34700.0,12.6,0.213,0,2,0
6169,A,35,38900.0,13.6,0.243,1,2,0
6170,B,43,33400.0,7.0,0.21,2,4,0
6171,B,53,37300.0,2.4,0.187,0,5,0
6172,A,59,47000.0,7.1,0.433,0,3,1
6173,A,68,32900.0,17.0,0.434,0,3,0
6174,A,43,38000.0,12.0,0.18,0,4,0
6175,A,47,29400.0,5.1,0.136,0,2,0
6176,A,46,101800.0,7.1,0.39,0,4,0
6177,A,40,59500.0,6.2,0.248,0,4,0
6178,A,64,52600.0,11.3,0.287,0,1,0
6179,A,65,40600.0,8.0,0.63,1,1,0
6180,B,45,29400.0,2.2,0.567,0,5,0
6181,A,32,63700.0,13.4,0.125,1,5,0
6182,B,39,41300.0,4.4,0.161,0,2,0
6183,A,40,44200.0,8.6,0.337,0,1,0
6184,B,46,29400.0,18.2,0.392,1,2,0
6185,A,36,24200.0,9.4,0.251,1,2,0
6186,A,41,29000.0,8.1,0.092,1,1,0
6187,A,43,29600.0,4.4,0.342,0,1,0
6188,A,25,63800.0,6.9,0.602,0,3,0
6189,A,52,30000.0,8.0,0.303,0,2,0
6190,B,41,62700.0,2.7,0.148,1,5,0
6191,A,53,48300.0,14.2,0.332,1,4,0
6192,B,36,37100.0,4.1,0.306,1,4,0
6193,A,43,37500.0,15.8,0.321,0,3,0
6194,A,33,18600.0,8.3,0.235,0,2,0
6195,A,47,19100.0,6.1,0.594,1,3,1
6196,A,42,48200.0,9.2,0.413,0,1,0
6197,A,44,52600.0,30.0,0.624,0,4,0
6198,A,27,27700.0,16.4,0.37,0,4,0
6199,B,52,13100.0,2.3,0.331,1,4,0
6200,A,21,36300.0,8.9,0.259,0,5,0
6201,A,36,21900.0,8.0,0.333,0,1,0
6202,B,75,49500.0,7.8,0.411,2,1,1
6203,A,33,40000.0,10.6,0.141,1,2,0
6204,B,54,56200.0,0.9,0.695,0,3,0
6205,A,29,39300.0,18.2,0.198,1,1,0
6206,A,52,42700.0,2.8,0.141,0,2,0
6207,A,27,37200.0,1.3,0.499,0,3,0
6208,A,56,33700.0,19.9,0.152,0,1,0
6209,A,41,34100.0,16.0,0.376,0,1,1
6210,A,56,68500.0,5.9,0.257,0,1,0
6211,B,33,42300.0,6.2,0.311,0,4,0
6212,B,39,43400.0,3.9,0.562,0,2,0
6213,A,45,37100.0,2.0,0.708,0,2,0
6214,A,27,38700.0,8.2,0.2,0,3,0
6215,A,32,18800.0,3.9,0.28,2,3,0
6216,A,24,34500.0,7.4,0.346,0,2,0
6217,B,45,44700.0,2.8,0.269,0,2,0
6218,B,38,50800.0,5.8,0.403,0,3,0
6219,B,46,64600.0,6.2,0.337,0,2,0
6220,B,35,49600.0,7.6,0.244,0,5,0
6221,A,21,45200.0,6.3,0.42,1,1,0
6222,A,50,31200.0,9.5,0.274,1,2,1
6223,B,58,18700.0,2.3,0.389,1,2,0
6224,A,30,42200.0,13.8,0.537,0,3,0
6225,A,55,53900.0,4.8,0.02,1,1,0
6226,A,24,52000.0,3.5,0.381,1,4,0
6227,A,52,24600.0,2.0,0.445,1,2,1
6228,A,43,16400.0,3.0,0.225,0,2,0
6229,B,50,32000.0,3.9,0.332,0,3,0
6230,A,35,51300.0,9.5,0.421,2,1,0
6231,B,32,54000.0,3.7,0.487,0,3,0
6232,A,63,58800.0,9.5,0.487,1,3,0
6233,A,39,17100.0,11.1,0.373,0,1,0
6234,A,38,40100.0,16.0,0.405,0,2,0
6235,B,39,28200.0,13.3,0.412,1,4,1
6236,A,58,27200.0,6.4,0.275,1,4,0
6237,A,50,42200.0,16.2,0.242,1,2,0
6238,A,43,16200.0,4.5,0.506,0,3,0
6239,A,29,87400.0,5.2,0.306,0,2,0
6240,A,39,43100.0,6.3,0.451,1,2,0
6241,A,39,30000.0,14.7,0.376,0,5,0
6242,A,36,31500.0,3.4,0.44,0,1,0
6243,A,55,21200.0,2.9,0.283,1,3,1
6244,A,60,82200.0,3.5,0.097,0,2,0
6245,A,50,55200.0,10.4,0.409,1,1,1
6246,A,27,70400.0,10.1,0.302,0,3,0
6247,A,39,54200.0,7.4,0.219,0,3,0
6248,B,49,38600.0,8.2,0.333,0,5,0
6249,B,57,36400.0,1.3,0.297,0,4,0
6250,B,43,16600.0,6.5,0.472,0,3,0
6251,B,34,34300.0,2.1,0.211,0,5,0
6252,A,32,56600.0,3.5,0.245,0,3,1
6253,A,44,18300.0,15.5,0.233,0,4,1
6254,A,42,28000.0,19.7,0.148,0,5,0
6255,B,53,38100.0,9.8,0.359,0,3,0
6256,B,45,19200.0,7.8,0.318,1,4,0
6257,A,38,47700.0,6.1,0.489,0,1,0
6258,A,49,73100.0,8.3,0.25,0,4,0
6259,B,34,34500.0,1.4,0.24,0,5,0
6260,A,56,55700.0,6.4,0.637,0,1,1
6261,B,44,36300.0,3.8,0.492,0,4,0
6262,A,55,38300.0,7.4,0.497,0,1,0
6263,A,41,52000.0,9.7,0.366,1,2,0
6264,A,43,24000.0,10.7,0.363,0,1,0
6265,B,46,19900.0,3.3,0.19,4,5,0
6266,A,40,45300.0,6.8,0.371,0,3,0
6267,A,50,88800.0,6.3,0.153,1,3,0
6268,A,38,44600.0,5.3,0.321,0,2,1
6269,A,52,39600.0,10.2,0.268,0,3,0
6270,A,27,31900.0,16.0,0.341,0,3,0
6271,A,26,45600.0,7.2,0.367,0,2,0
6272,B,48,16000.0,0.9,0.29,1,4,0
6273,A,46,69200.0,6.2,0.662,0,2,0
6274,A,40,58500.0,7.6,0.353,0,1,0
6275,B,41,12700.0,7.8,0.112,0,3,0
6276,B,30,29700.0,2.5,0.335,1,2,0
6277,A,46,28400.0,12.4,0.269,0,1,0
6278,A,29,39300.0,3.3,0.451,0,5,0
6279,B,50,24400.0,8.5,0.427,1,3,1
6280,A,22,67800.0,10.0,0.127,0,1,0
6281,A,29,29900.0,13.6,0.502,2,4,0
6282,B,49,10100.0,5.3,0.366,0,3,0
6283,A,33,41200.0,9.0,0.231,0,4,0
6284,A,33,48900.0,13.9,0.403,1,5,0
6285,A,67,52600.0,5.4,0.262,0,2,0
6286,A,48,38200.0,7.9,0.336,0,1,0
6287,A,36,133800.0,5.3,0.098,0,1,0
6288,B,21,49400.0,3.2,0.421,1,4,0
6289,A,52,48700.0,7.7,0.152,0,4,0
6290,B,40,35500.0,3.5,0.026,0,3,1
6291,A,48,19400.0,9.5,0.301,0,2,0
6292,B,35,34700.0,6.8,0.133,0,2,0
6293,A,32,22900.0,5.8,0.475,0,2,0
6294,A,48,45900.0,18.3,0.327,1,4,0
6295,A,54,32300.0,8.9,0.268,2,1,0
6296,B,22,17400.0,8.4,0.366,1,3,0
6297,A,42,35100.0,4.0,0.538,0,2,0
6298,B,67,21800.0,4.4,0.087,1,4,1
6299,B,45,32400.0,17.1,0.05,0,1,0
6300,A,40,26500.0,12.9,0.516,0,5,1
6301,A,48,54400.0,6.1,0.275,0,1,0
6302,A,49,40400.0,4.6,0.286,0,4,0
6303,A,49,49000.0,16.1,0.135,0,2,0
6304,A,43,62200.0,5.4,0.021,0,3,0
6305,A,34,41600.0,6.8,0.308,0,1,0
6306,B,30,33100.0,5.2,0.33,0,2,0
6307,B,43,20900.0,2.9,0.355,0,3,1
6308,A,39,83400.0,5.4,0.249,1,3,0
6309,A,55,54600.0,5.2,0.293,0,2,0
6310,A,27,86400.0,1.8,0.326,0,2,0
6311,A,59,28700.0,5.8,0.362,0,1,0
6312,A,27,54600.0,8.5,0.421,0,5,0
6313,B,43,44200.0,5.3,0.595,1,3,1
6314,A,25,105100.0,16.5,0.235,1,2,0
6315,A,48,46500.0,2.0,0.273,1,3,0
6316,A,21,49200.0,9.4,0.341,0,3,0
6317,A,36,71200.0,8.2,0.157,0,1,0
6318,A,28,32400.0,11.5,0.138,0,2,0
6319,B,44,31300.0,7.0,0.506,2,4,1
6320,A,60,21400.0,8.8,0.223,0,5,0
6321,B,64,47500.0,4.9,0.301,0,3,0
6322,B,34,37300.0,7.3,0.539,2,3,1
6323,A,47,46000.0,2.8,0.255,0,3,0
6324,B,27,15600.0,5.4,0.159,1,2,0
6325,A,30,44700.0,13.8,0.202,0,3,0
6326,A,45,27900.0,14.0,0.251,0,5,0
6327,B,40,32400.0,16.0,0.366,0,4,0
6328,A,39,44900.0,9.1,0.519,0,1,0
6329,B,42,33700.0,4.0,0.564,0,3,0
6330,A,52,24100.0,2.1,0.508,0,1,1
6331,A,27,26900.0,5.4,0.506,0,1,0
6332,A,41,24400.0,6.9,0.504,2,3,1
6333,A,46,50900.0,2.5,0.26,0,2,0
6334,A,27,30200.0,7.2,0.22,0,1,0
6335,A,36,20200.0,8.3,0.255,1,1,0
6336,A,59,34100.0,4.6,0.318,1,1,1
6337,B,57,18200.0,7.1,0.355,1,5,1
6338,A,38,28300.0,12.7,0.411,1,3,1
6339,A,37,72500.0,7.2,0.02,1,1,0
6340,B,59,21700.0,1.3,0.178,1,3,0
6341,A,50,25200.0,6.7,0.362,1,2,0
6342,A,23,44300.0,11.0,0.393,0,5,0
6343,B,48,25900.0,7.6,0.355,1,2,0
6344,B,35,31100.0,2.4,0.25,0,4,0
6345,A,37,69700.0,7.5,0.341,0,1,0
6346,B,51,43600.0,4.7,0.266,0,5,0
6347,A,43,30400.0,8.8,0.482,0,2,0
6348,A,58,54500.0,3.6,0.253,0,3,0
6349,A,31,101200.0,12.9,0.329,0,4,0
6350,A,62,32000.0,12.5,0.343,1,4,0
6351,A,35,27800.0,5.8,0.386,0,4,0
6352,B,41,32000.0,4.8,0.458,3,3,1
6353,A,51,34700.0,13.9,0.28,0,2,0
6354,A,42,94200.0,16.9,0.222,2,1,0
6355,A,49,46800.0,3.7,0.3,0,1,0
6356,A,39,48100.0,5.9,0.113,0,1,0
6357,B,43,25400.0,5.5,0.29,3,4,0
6358,A,37,27800.0,12.9,0.255,0,1,0
6359,B,21,41600.0,10.4,0.325,0,4,0
6360,A,36,31500.0,10.6,0.219,0,3,0
6361,A,30,42600.0,8.5,0.419,1,1,0
6362,B,35,17200.0,13.5,0.314,1,1,0
6363,B,27,51100.0,3.7,0.303,0,4,0
6364,A,28,64800.0,10.4,0.282,0,5,0
6365,A,52,46800.0,10.2,0.295,0,2,0
6366,B,42,49200.0,18.9,0.524,0,5,0
6367,A,37,33000.0,11.5,0.299,1,5,0
6368,A,40,29800.0,3.1,0.338,0,1,0
6369,A,21,29700.0,10.3,0.22,1,1,0
6370,B,42,33400.0,5.3,0.462,0,2,1
6371,A,51,41200.0,15.4,0.193,0,2,0
6372,A,22,25000.0,8.6,0.413,0,3,0
6373,A,45,97000.0,14.0,0.499,0,1,0
6374,B,30,45900.0,5.0,0.539,1,3,1
6375,A,51,30800.0,3.0,0.32,0,4,0
6376,A,45,29300.0,4.4,0.249,1,3,0
6377,A,51,20900.0,16.1,0.354,1,4,0
6378,A,54,40400.0,5.2,0.02,2,1,1
6379,A,43,31100.0,12.5,0.322,0,1,0
6380,A,31,45400.0,4.5,0.202,0,3,0
6381,A,37,25200.0,9.2,0.315,0,3,0
6382,A,41,49300.0,5.6,0.155,1,3,0
6383,A,24,60900.0,2.7,0.583,1,3,0
6384,A,36,41700.0,5.7,0.308,0,4,0
6385,B,43,25300.0,18.4,0.249,1,5,0
6386,B,46,40200.0,7.6,0.162,2,1,0
6387,B,49,55800.0,9.0,0.623,0,3,0
6388,A,49,57900.0,3.7,0.476,0,1,0
6389,B,70,39800.0,3.3,0.336,1,1,1
6390,A,51,52300.0,6.8,0.36,0,5,0
6391,A,54,29000.0,8.3,0.064,0,1,0
6392,A,35,96200.0,16.4,0.196,0,1,0
6393,A,29,74700.0,6.6,0.327,0,3,0
6394,A,39,48000.0,13.8,0.396,0,2,0
6395,A,25,66000.0,11.0,0.438,0,2,0
6396,A,53,38100.0,13.8,0.387,0,2,0
6397,A,41,37200.0,9.2,0.212,0,3,0
6398,A,32,55400.0,8.5,0.291,0,3,0
6399,A,25,65400.0,27.8,0.35,1,3,0
6400,B,32,33200.0,3.5,0.291,1,2,0
6401,A,53,73800.0,5.5,0.355,1,5,0
6402,B,43,23300.0,1.3,0.638,0,5,1
6403,A,28,41200.0,9.3,0.212,0,2,0
6404,A,60,17700.0,9.1,0.026,0,4,0
6405,A,48,34300.0,8.1,0.393,0,3,0
6406,A,60,38700.0,5.2,0.341,1,4,1
6407,A,54,51200.0,24.6,0.279,0,2,0
6408,B,29,20500.0,4.9,0.409,1,5,0
6409,A,39,29700.0,3.4,0.192,1,4,0
6410,A,40,31000.0,11.9,0.533,1,3,0
6411,A,32,25100.0,16.2,0.241,1,2,0
6412,A,33,20800.0,5.6,0.444,0,2,0
6413,A,45,42900.0,9.0,0.379,0,4,0
6414,B,33,18200.0,4.2,0.585,0,4,1
6415,B,58,28400.0,15.4,0.398,0,5,0
6416,A,49,46200.0,7.0,0.552,0,3,0
6417,A,49,58400.0,12.8,0.315,0,3,0
6418,A,34,29100.0,12.1,0.538,4,1,1
6419,A,27,31800.0,14.6,0.573,0,1,0
6420,B,49,23500.0,4.1,0.237,0,4,1
6421,A,48,51700.0,5.7,0.146,0,4,0
6422,B,50,22600.0,0.5,0.193,1,1,1
6423,A,50,25100.0,10.6,0.177,0,1,0
6424,A,49,30100.0,21.0,0.235,0,4,0
6425,B,40,8300.0,5.0,0.36,1,4,1
6426,A,43,54800.0,8.0,0.02,0,3,0
6427,A,26,44900.0,5.7,0.472,0,2,0
6428,A,29,34000.0,2.2,0.176,0,2,0
6429,A,45,31100.0,5.8,0.469,0,1,0
6430,A,57,31600.0,4.6,0.288,1,4,0
6431,B,36,23700.0,2.5,0.332,0,5,0
6432,A,26,17200.0,11.0,0.374,1,3,0
6433,B,51,19300.0,12.0,0.51,0,4,0
6434,B,39,40400.0,4.6,0.459,1,5,0
6435,A,57,49000.0,9.3,0.18,0,4,0
6436,A,45,14600.0,8.2,0.124,0,1,0
6437,A,42,28900.0,5.2,0.469,0,1,1
6438,A,37,48000.0,9.9,0.267,0,1,0
6439,A,33,57300.0,12.3,0.288,1,3,0
6440,B,36,72400.0,30.0,0.409,1,4,0
6441,A,34,44600.0,14.8,0.359,0,5,0
6442,A,45,31200.0,2.8,0.46,1,1,1
6443,A,51,25000.0,21.6,0.255,1,2,0
6444,B,36,42600.0,1.5,0.239,1,5,1
6445,A,43,37200.0,15.3,0.206,2,2,0
6446,B,27,23700.0,1.5,0.584,1,5,0
6447,B,30,21100.0,0.8,0.53,1,5,1
6448,A,71,34100.0,14.5,0.411,0,2,0
6449,A,34,33400.0,6.2,0.323,1,3,0
6450,A,37,31500.0,9.0,0.429,0,2,0
6451,B,41,50600.0,7.5,0.462,0,1,0
6452,A,32,29100.0,4.7,0.157,0,1,0
6453,A,38,65000.0,10.0,0.508,0,1,1
6454,B,57,10400.0,1.5,0.572,0,5,1
6455,A,47,47200.0,3.1,0.392,1,3,0
6456,A,36,26400.0,8.5,0.246,0,5,0
6457,A,42,50400.0,2.8,0.236,1,3,0
6458,A,43,64100.0,9.2,0.329,0,5,0
6459,A,55,49100.0,11.2,0.374,0,3,0
6460,B,37,20800.0,3.0,0.206,0,5,0
6461,A,21,41600.0,11.1,0.429,0,2,0
6462,B,47,76900.0,6.7,0.309,1,3,0
6463,A,35,62900.0,13.5,0.327,1,2,0
6464,A,37,49300.0,18.0,0.345,0,5,0
6465,A,38,64600.0,10.0,0.15,0,4,0
6466,A,32,58100.0,23.9,0.136,0,3,0
6467,A,64,25100.0,9.1,0.35,0,2,0
6468,A,51,76300.0,22.1,0.201,1,2,0
6469,A,42,43100.0,19.9,0.238,0,2,0
6470,A,51,26000.0,10.5,0.34,1,3,0
6471,B,54,20900.0,6.9,0.44,0,4,0
6472,B,58,22800.0,4.7,0.455,0,4,0
6473,B,61,11700.0,7.9,0.598,0,4,0
6474,A,21,52200.0,12.6,0.326,0,3,0
6475,A,46,29000.0,8.2,0.255,1,1,0
6476,A,53,27100.0,3.0,0.195,1,3,0
6477,B,38,48300.0,8.8,0.156,1,4,0
6478,A,43,19700.0,9.4,0.169,1,2,0
6479,A,44,31200.0,10.8,0.206,0,3,0
6480,A,43,44100.0,7.0,0.352,1,2,0
6481,A,55,25700.0,10.3,0.07,0,2,0
6482,A,42,84100.0,12.1,0.556,0,2,0
6483,A,47,73600.0,5.6,0.289,0,2,0
6484,B,30,36500.0,9.2,0.155,0,3,0
6485,B,40,65300.0,13.9,0.123,0,3,0
6486,A,47,53200.0,5.4,0.42,0,2,0
6487,B,52,21200.0,6.8,0.569,1,5,0
6488,B,48,35800.0,2.6,0.195,1,3,0
6489,A,28,73600.0,9.9,0.398,0,2,0
6490,A,40,38200.0,9.0,0.485,0,3,0
6491,A,29,42400.0,2.9,0.378,1,3,0
6492,A,26,56700.0,7.2,0.278,2,3,1
6493,B,41,48600.0,1.5,0.515,1,4,0
6494,A,64,37500.0,2.6,0.545,0,4,0
6495,A,34,59200.0,7.1,0.299,0,2,0
6496,B,41,16400.0,3.0,0.159,2,3,1
6497,A,49,38800.0,5.7,0.402,1,1,0
6498,A,31,40900.0,16.4,0.396,0,1,0
6499,A,52,61600.0,15.3,0.27,0,2,0
6500,A,49,26600.0,7.3,0.35,0,4,0
6501,B,49,35500.0,5.5,0.604,2,4,1
6502,A,58,32400.0,2.2,0.407,1,3,1
6503,A,42,88800.0,6.8,0.204,1,5,1
6504,B,53,33400.0,7.3,0.446,0,4,0
6505,A,39,56100.0,6.4,0.299,0,3,0
6506,A,41,56400.0,22.9,0.281,0,2,0
6507,A,25,74200.0,18.3,0.127,0,2,0
6508,A,44,34700.0,18.2,0.042,1,3,0
6509,A,30,57000.0,4.8,0.477,0,3,0
6510,A,29,74700.0,13.9,0.23,1,2,0
6511,B,28,29900.0,0.7,0.213,0,4,0
6512,B,47,30500.0,8.6,0.521,0,4,0
6513,A,36,44100.0,14.8,0.448,0,1,0
6514,B,41,51400.0,9.6,0.493,1,4,0
6515,B,54,50500.0,12.3,0.468,0,4,0
6516,A,43,19200.0,6.3,0.516,0,2,0
6517,A,58,24200.0,16.8,0.352,0,3,0
6518,A,26,19100.0,5.9,0.184,1,1,0
6519,B,53,52800.0,6.6,0.341,0,5,0
6520,A,53,88300.0,6.2,0.2,0,1,0
6521,A,35,48400.0,7.2,0.121,0,2,0
6522,A,44,35500.0,6.5,0.184,0,1,0
6523,A,45,30600.0,6.2,0.225,0,2,0
6524,A,58,37700.0,8.3,0.303,0,2,0
6525,B,31,55000.0,9.9,0.279,0,4,0
6526,A,54,84700.0,3.4,0.286,0,1,0
6527,A,36,21900.0,3.6,0.304,0,1,0
6528,B,23,32300.0,5.9,0.342,0,4,0
6529,B,43,33600.0,3.9,0.371,0,4,1
6530,A,57,27700.0,16.2,0.206,0,1,0
6531,B,33,24300.0,4.2,0.454,0,2,1
6532,A,49,30400.0,12.6,0.21,1,3,0
6533,B,35,36100.0,7.0,0.565,0,2,0
6534,A,36,73700.0,17.5,0.218,2,2,0
6535,B,52,26700.0,2.7,0.222,2,5,0
6536,B,55,53400.0,5.3,0.257,1,1,0
6537,A,39,48100.0,4.7,0.605,0,4,0
6538,B,50,35600.0,5.3,0.312,0,2,0
6539,A,52,23900.0,5.6,0.101,0,2,0
6540,A,71,47900.0,16.3,0.221,0,1,0
6541,A,49,63000.0,16.1,0.271,0,3,0
6542,B,41,26400.0,2.2,0.47,2,5,1
6543,A,42,37800.0,17.7,0.344,0,2,0
6544,A,44,30100.0,9.3,0.406,0,4,1
6545,B,39,49700.0,7.5,0.362,0,4,0
6546,A,44,77300.0,5.7,0.507,0,1,0
6547,B,64,19900.0,3.2,0.627,0,4,0
6548,B,43,43400.0,3.1,0.098,1,3,0
6549,B,52,38400.0,7.9,0.221,0,4,0
6550,A,51,32300.0,9.7,0.314,0,1,0
6551,A,45,40900.0,4.4,0.477,0,3,0
6552,B,43,30000.0,5.2,0.173,0,2,0
6553,A,45,23800.0,6.7,0.242,1,2,0
6554,A,54,84700.0,8.4,0.285,0,2,0
6555,A,31,35300.0,9.6,0.447,0,5,0
6556,B,56,25300.0,1.9,0.259,1,5,0
6557,A,39,47000.0,15.3,0.389,1,4,0
6558,A,36,43200.0,10.4,0.375,0,2,0
6559,B,50,104300.0,3.8,0.448,0,2,0
6560,A,33,35400.0,10.9,0.439,0,1,0
6561,A,43,43200.0,12.7,0.439,0,2,0
6562,B,26,30800.0,2.3,0.558,0,2,1
6563,A,56,80400.0,16.9,0.282,0,1,0
6564,B,48,33200.0,3.1,0.489,2,5,0
6565,B,36,44800.0,2.1,0.484,1,4,0
6566,A,55,151100.0,17.2,0.43,0,1,0
6567,B,35,39300.0,3.5,0.321,1,3,0
6568,A,36,11800.0,10.3,0.271,0,3,0
6569,B,43,27700.0,10.5,0.275,0,3,0
6570,B,40,26700.0,5.0,0.335,0,2,0
6571,B,27,26600.0,1.0,0.319,2,3,0
6572,B,61,8500.0,9.4,0.346,0,4,0
6573,A,54,28000.0,3.7,0.285,0,3,0
6574,B,38,17500.0,4.1,0.136,1,3,0
6575,A,42,17600.0,12.8,0.229,0,2,0
6576,A,26,43100.0,10.0,0.208,1,1,0
6577,B,51,15900.0,4.9,0.569,1,4,1
6578,A,28,45800.0,2.3,0.064,0,5,0
6579,A,40,31500.0,15.1,0.153,0,2,0
6580,A,32,49400.0,7.1,0.074,0,1,0
6581,B,58,41800.0,1.5,0.412,1,4,0
6582,A,23,21000.0,4.6,0.191,1,4,0
6583,A,42,23400.0,8.6,0.674,0,3,0
6584,B,56,18100.0,2.9,0.256,0,5,0
6585,A,45,60600.0,8.5,0.658,1,2,0
6586,A,52,33700.0,7.6,0.348,0,2,0
6587,A,48,32000.0,2.2,0.517,0,3,0
6588,A,29,42800.0,4.5,0.296,1,3,1
6589,A,38,54400.0,12.7,0.322,1,2,0
6590,B,25,42500.0,2.0,0.283,0,3,0
6591,A,49,18100.0,13.1,0.39,0,4,0
6592,A,42,84300.0,17.4,0.299,1,4,0
6593,B,50,16600.0,2.8,0.339,0,5,1
6594,B,31,25400.0,14.8,0.251,1,3,0
6595,A,21,72600.0,12.9,0.393,0,4,0
6596,A,39,33400.0,14.6,0.276,0,2,0
6597,A,42,55000.0,15.6,0.316,0,2,0
6598,A,26,45100.0,4.4,0.308,0,5,0
6599,A,57,17600.0,7.0,0.377,0,2,0
6600,A,55,28500.0,5.6,0.285,0,4,0
6601,A,23,67100.0,14.0,0.487,0,2,0
6602,A,33,90100.0,5.9,0.214,0,1,0
6603,A,69,40500.0,2.4,0.448,0,3,0
6604,A,33,48600.0,16.9,0.462,0,1,0
6605,A,24,73900.0,7.1,0.283,0,3,0
6606,B,26,24200.0,2.0,0.48,0,5,0
6607,A,36,45900.0,13.3,0.129,0,3,0
6608,A,37,47000.0,4.1,0.498,0,2,0
6609,B,21,63900.0,7.9,0.34,0,3,0
6610,A,24,87700.0,2.7,0.414,0,1,0
6611,A,38,40000.0,8.5,0.574,0,1,1
6612,A,47,46500.0,7.3,0.427,0,3,0
6613,A,25,44600.0,12.1,0.286,0,1,0
6614,A,30,105900.0,9.8,0.118,0,3,0
6615,A,42,29400.0,12.6,0.317,0,3,0
6616,A,40,40700.0,29.4,0.4,0,4,0
6617,B,56,34400.0,11.5,0.455,1,5,1
6618,A,32,33100.0,2.1,0.122,1,1,0
6619,B,33,23200.0,4.0,0.27,1,5,0
6620,A,54,26500.0,8.1,0.45,0,3,0
6621,A,57,56200.0,5.8,0.182,0,2,0
6622,A,47,11700.0,2.5,0.22,0,1,0
6623,A,29,29400.0,6.3,0.348,1,3,0
6624,B,29,15500.0,2.6,0.245,0,5,0
6625,B,70,23900.0,2.3,0.283,0,4,0
6626,A,21,21700.0,10.6,0.32,0,4,0
6627,A,34,73300.0,6.7,0.588,0,2,0
6628,A,43,31800.0,4.8,0.161,0,1,0
6629,A,23,87300.0,12.6,0.578,0,1,0
6630,A,46,50500.0,6.5,0.295,1,1,0
6631,A,47,24700.0,18.5,0.343,0,1,0
6632,B,21,33500.0,8.2,0.236,1,3,0
6633,A,50,38300.0,8.2,0.328,0,3,0
6634,A,48,18400.0,9.0,0.366,0,1,0
6635,A,41,65300.0,6.8,0.198,1,2,0
6636,A,29,38900.0,6.5,0.514,0,2,0
6637,A,26,52900.0,12.9,0.207,0,3,0
6638,A,50,19400.0,10.4,0.307,1,3,0
6639,A,31,19600.0,11.5,0.043,0,2,0
6640,A,50,25700.0,21.0,0.324,0,3,0
6641,A,59,18500.0,7.8,0.369,0,2,0
6642,A,42,24800.0,14.4,0.176,1,4,0
6643,B,61,27900.0,10.5,0.285,1,4,1
6644,A,27,104400.0,13.7,0.391,1,1,0
6645,A,35,41200.0,7.0,0.334,0,3,0
6646,A,45,46200.0,3.2,0.251,0,1,0
6647,A,21,39600.0,10.0,0.308,1,3,0
6648,A,44,31300.0,14.7,0.176,0,4,0
6649,A,26,61800.0,16.5,0.209,1,2,0
6650,A,32,41700.0,7.2,0.358,1,1,0
6651,B,34,40000.0,12.8,0.145,0,5,0
6652,A,41,62400.0,15.3,0.265,0,1,0
6653,B,21,25900.0,5.5,0.078,1,4,0
6654,A,54,41900.0,12.5,0.292,1,1,0
6655,A,57,26400.0,14.3,0.127,0,1,0
6656,A,21,29700.0,13.0,0.362,3,2,0
6657,A,32,32000.0,10.1,0.536,0,3,0
6658,A,38,47800.0,12.7,0.039,0,1,0
6659,B,48,24500.0,3.5,0.351,0,4,0
6660,A,35,56800.0,5.3,0.187,2,3,0
6661,A,60,31000.0,10.9,0.133,0,5,0
6662,A,34,48700.0,9.6,0.379,1,3,0
6663,B,54,47100.0,10.2,0.22,1,3,0
6664,B,54,29000.0,1.0,0.377,0,3,0
6665,A,61,61200.0,11.3,0.103,0,2,0
6666,B,50,18900.0,4.7,0.405,1,5,0
6667,A,47,23700.0,11.0,0.286,0,1,1
6668,A,42,61600.0,2.0,0.245,0,3,0
6669,A,32,36100.0,8.3,0.496,0,1,0
6670,A,36,69700.0,9.8,0.386,0,3,0
6671,A,35,45800.0,14.7,0.345,0,1,0
6672,A,44,45000.0,5.7,0.047,0,2,0
6673,A,40,21000.0,13.5,0.55,0,2,1
6674,A,42,41100.0,6.5,0.156,0,5,0
6675,B,62,36800.0,2.3,0.342,3,4,0
6676,A,61,34300.0,10.8,0.297,0,3,0
6677,A,39,20900.0,13.1,0.457,0,4,1
6678,A,54,50700.0,11.5,0.295,1,1,0
6679,B,40,22500.0,6.4,0.458,1,3,0
6680,A,37,60100.0,2.3,0.455,0,2,0
6681,A,49,42400.0,14.0,0.237,0,1,0
6682,A,30,26300.0,5.8,0.266,1,1,0
6683,A,43,33400.0,9.8,0.475,1,1,0
6684,A,42,10900.0,14.9,0.201,3,2,1
6685,A,40,51600.0,1.7,0.618,0,2,0
6686,A,21,33400.0,5.3,0.429,1,2,0
6687,A,43,60300.0,9.0,0.122,1,1,0
6688,A,56,43500.0,8.2,0.249,0,1,0
6689,A,27,40900.0,13.7,0.113,1,1,0
6690,A,40,71600.0,8.5,0.29,2,5,0
6691,B,21,35100.0,12.4,0.149,0,3,0
6692,B,38,24700.0,4.0,0.292,0,4,0
6693,A,30,43300.0,10.9,0.3,0,2,0
6694,B,30,28100.0,2.7,0.122,0,2,0
6695,B,42,26000.0,4.6,0.288,1,5,0
6696,A,43,43200.0,2.7,0.396,1,2,0
6697,A,24,43600.0,8.6,0.263,0,2,0
6698,A,44,16000.0,17.5,0.315,1,5,0
6699,A,43,20700.0,5.8,0.241,1,2,0
6700,A,37,60000.0,10.8,0.255,1,3,0
6701,B,54,23900.0,9.5,0.444,0,4,0
6702,A,53,45600.0,13.3,0.348,1,2,0
6703,A,51,49100.0,11.4,0.35,0,2,0
6704,A,53,37200.0,12.6,0.245,0,2,0
6705,A,30,51400.0,18.4,0.407,0,3,0
6706,B,38,23100.0,5.0,0.573,0,4,0
6707,B,48,14900.0,4.1,0.366,0,3,0
6708,A,36,42900.0,5.7,0.282,0,1,0
6709,A,46,36100.0,1.8,0.118,0,2,0
6710,B,43,37500.0,3.5,0.527,0,4,0
6711,A,44,30300.0,13.5,0.079,0,2,0
6712,A,41,41500.0,8.0,0.164,0,1,0
6713,A,24,51700.0,3.9,0.356,0,3,0
6714,A,59,33800.0,6.5,0.02,0,1,0
6715,B,54,20800.0,20.5,0.044,1,5,0
6716,A,52,57000.0,6.7,0.307,0,4,0
6717,B,49,45500.0,10.8,0.351,0,2,0
6718,A,43,28000.0,6.7,0.172,0,3,0
6719,A,41,19200.0,6.7,0.308,0,1,0
6720,B,44,27100.0,1.9,0.373,0,3,0
6721,A,54,50900.0,1.7,0.424,1,3,0
6722,B,29,40200.0,4.2,0.383,0,4,0
6723,A,32,45500.0,12.5,0.129,1,1,0
6724,B,44,57600.0,7.5,0.386,1,3,1
6725,B,21,36300.0,4.7,0.484,2,5,0
6726,A,47,49100.0,4.5,0.405,0,1,0
6727,B,21,42200.0,3.4,0.382,0,1,0
6728,A,32,39500.0,22.5,0.511,2,3,1
6729,A,52,17700.0,7.2,0.545,1,3,1
6730,A,21,18400.0,4.1,0.145,1,4,0
6731,B,39,36500.0,3.9,0.476,0,3,0
6732,B,43,33300.0,9.6,0.317,0,3,0
6733,A,26,131200.0,5.5,0.553,0,2,0
6734,A,43,37000.0,11.9,0.373,0,2,0
6735,B,41,35500.0,6.5,0.116,0,5,0
6736,A,38,62100.0,12.2,0.413,0,3,0
6737,A,60,32900.0,12.2,0.351,0,1,0
6738,A,33,27800.0,12.6,0.423,0,3,0
6739,B,25,25400.0,0.6,0.589,0,4,1
6740,B,47,27800.0,2.2,0.17,0,2,0
6741,A,40,21700.0,12.3,0.326,1,1,0
6742,A,39,22500.0,9.4,0.289,0,5,0
6743,A,69,32100.0,14.0,0.477,1,2,0
6744,A,29,36900.0,11.9,0.358,1,2,1
6745,A,45,24800.0,14.5,0.346,1,4,1
6746,A,47,46000.0,19.1,0.291,0,1,0
6747,A,23,59500.0,2.7,0.118,0,1,0
6748,B,46,36700.0,2.9,0.351,0,1,0
6749,A,45,54600.0,2.5,0.113,0,1,0
6750,B,49,31200.0,3.9,0.352,0,3,0
6751,B,41,38800.0,1.5,0.322,0,4,0
6752,A,47,27400.0,10.1,0.186,0,4,0
6753,B,37,34200.0,7.8,0.346,0,1,0
6754,A,40,35400.0,12.2,0.267,0,2,0
6755,A,68,22300.0,7.3,0.494,0,4,1
6756,A,31,12700.0,0.9,0.058,0,4,0
6757,A,67,108000.0,24.4,0.236,1,2,0
6758,A,27,30100.0,8.6,0.364,0,5,0
6759,A,44,34300.0,3.8,0.31,1,3,1
6760,A,34,39800.0,7.9,0.326,0,4,0
6761,A,39,130600.0,9.2,0.365,0,2,0
6762,A,21,16300.0,8.0,0.431,0,1,0
6763,A,27,38700.0,9.7,0.432,0,2,0
6764,B,24,54500.0,3.3,0.081,3,3,0
6765,B,26,29700.0,5.0,0.447,0,3,1
6766,A,58,49800.0,10.6,0.138,0,1,0
6767,B,56,21600.0,2.6,0.249,2,5,1
6768,B,49,32100.0,4.0,0.424,1,3,1
6769,A,33,39800.0,3.1,0.228,0,4,0
6770,A,51,26600.0,5.5,0.322,0,2,0
6771,A,37,34900.0,5.3,0.13,0,2,0
6772,A,37,19500.0,4.9,0.325,1,2,0
6773,A,21,39700.0,3.9,0.217,0,4,0
6774,A,41,19000.0,6.8,0.452,0,2,0
6775,B,41,35400.0,8.9,0.36,1,4,0
6776,A,28,35000.0,7.5,0.02,0,5,0
6777,A,48,32600.0,1.1,0.443,0,3,0
6778,A,50,46700.0,12.0,0.322,0,1,0
6779,A,25,38900.0,12.9,0.172,0,1,0
6780,A,28,40400.0,13.5,0.335,0,3,0
6781,A,44,32600.0,5.2,0.333,0,3,0
6782,A,61,60300.0,12.1,0.251,0,3,0
6783,A,21,48600.0,4.4,0.335,0,4,0
6784,A,37,55100.0,5.7,0.278,0,1,0
6785,A,50,23400.0,12.1,0.394,1,3,0
6786,A,55,42500.0,9.1,0.216,0,3,0
6787,B,32,42100.0,3.4,0.281,1,4,0
6788,A,35,33200.0,15.3,0.335,1,1,0
6789,A,52,37600.0,25.2,0.182,1,4,0
6790,A,39,51800.0,8.0,0.36,0,4,0
6791,A,22,26300.0,6.1,0.258,0,1,1
6792,B,48,47100.0,1.5,0.357,0,2,0
6793,B,36,39400.0,17.3,0.467,1,4,0
6794,A,30,39100.0,10.8,0.197,1,2,0
6795,A,34,21400.0,18.6,0.264,0,2,0
6796,A,33,44000.0,22.3,0.402,0,2,0
6797,A,40,66900.0,7.7,0.155,1,2,0
6798,A,45,20500.0,5.7,0.284,0,2,0
6799,A,43,53500.0,6.1,0.176,0,2,0
6800,B,56,26300.0,4.8,0.124,2,3,0
6801,A,39,51900.0,12.2,0.479,0,3,0
6802,A,46,27800.0,12.5,0.317,1,1,0
6803,A,52,28500.0,11.2,0.379,0,5,0
6804,A,41,40700.0,5.4,0.439,0,2,0
6805,B,49,27800.0,4.8,0.382,2,4,0
6806,B,41,26400.0,13.2,0.471,0,3,0
6807,B,30,24800.0,2.7,0.567,0,2,1
6808,B,40,13700.0,3.1,0.467,1,4,0
6809,A,38,44000.0,11.9,0.104,0,2,0
6810,A,23,19800.0,20.8,0.367,0,3,0
6811,A,41,37600.0,4.2,0.196,1,5,0
6812,B,43,29900.0,7.1,0.245,1,2,0
6813,A,50,71800.0,22.0,0.269,0,2,0
6814,B,52,39100.0,1.0,0.438,1,2,1
6815,B,48,27500.0,18.5,0.589,2,4,0
6816,A,43,51500.0,11.1,0.253,0,3,0
6817,B,55,33100.0,6.3,0.365,0,4,1
6818,A,52,71800.0,10.7,0.264,1,3,0
6819,B,72,24400.0,1.0,0.411,1,5,1
6820,B,41,37900.0,4.2,0.27,0,1,0
6821,B,50,24100.0,7.9,0.313,0,1,0
6822,A,51,10700.0,5.3,0.272,0,1,0
6823,B,21,32300.0,4.6,0.315,0,4,0
6824,B,53,33000.0,6.5,0.523,0,5,0
6825,A,53,42300.0,12.8,0.423,0,3,0
6826,A,23,45900.0,10.8,0.594,0,3,0
6827,A,53,51500.0,2.9,0.223,0,2,1
6828,A,31,33200.0,7.2,0.354,0,2,0
6829,A,32,28900.0,13.0,0.02,0,3,0
6830,A,30,63100.0,9.0,0.126,0,1,0
6831,A,44,65100.0,13.1,0.395,0,3,0
6832,B,54,30400.0,5.3,0.264,0,3,0
6833,A,42,30000.0,2.4,0.339,0,4,1
6834,A,21,37800.0,8.5,0.349,0,2,0
6835,B,30,36000.0,4.9,0.358,1,1,0
6836,A,46,33300.0,6.1,0.328,0,1,0
6837,A,31,36700.0,16.2,0.26,0,1,0
6838,A,33,29400.0,9.8,0.349,0,3,0
6839,B,34,61400.0,2.4,0.335,1,4,0
6840,A,31,34900.0,5.5,0.383,0,1,0
6841,B,33,49400.0,4.2,0.506,0,5,0
6842,A,55,34800.0,7.0,0.4,0,4,1
6843,B,40,63900.0,2.4,0.295,1,2,0
6844,A,32,32800.0,5.4,0.258,2,2,0
6845,A,40,34700.0,23.2,0.149,1,5,0
6846,B,55,22000.0,3.8,0.328,0,2,1
6847,A,39,40600.0,4.7,0.25,0,3,0
6848,A,52,25200.0,4.0,0.401,0,2,0
6849,A,51,33600.0,6.8,0.344,0,2,0
6850,A,21,28500.0,17.9,0.337,0,1,0
6851,B,43,34700.0,1.1,0.51,1,5,0
6852,A,27,38800.0,12.4,0.194,0,2,0
6853,B,58,36100.0,4.1,0.479,0,5,0
6854,B,60,23000.0,9.0,0.469,3,4,0
6855,B,35,22400.0,7.7,0.607,3,3,1
6856,A,48,42100.0,3.7,0.41,2,1,1
6857,A,43,66300.0,9.7,0.166,0,3,0
6858,A,46,22900.0,4.1,0.342,0,1,1
6859,B,43,53700.0,1.2,0.427,1,5,0
6860,B,57,21500.0,10.7,0.27,0,4,0
6861,A,38,21300.0,15.9,0.429,1,1,0
6862,A,49,22800.0,7.1,0.391,0,2,1
6863,A,48,51500.0,7.5,0.137,0,5,0
6864,B,51,41400.0,9.6,0.536,1,3,0
6865,A,33,47300.0,10.6,0.238,0,2,0
6866,B,34,46900.0,6.8,0.188,0,4,0
6867,A,49,57300.0,7.0,0.102,0,1,0
6868,B,21,30800.0,2.9,0.328,0,3,0
6869,A,53,24400.0,7.2,0.441,0,2,0
6870,A,39,8100.0,12.8,0.218,0,3,0
6871,A,49,19200.0,15.3,0.522,1,3,1
6872,B,38,29300.0,3.1,0.233,0,5,0
6873,A,49,40500.0,6.0,0.163,0,2,0
6874,A,38,32000.0,5.3,0.261,0,2,0
6875,A,43,23100.0,17.4,0.204,0,3,0
6876,B,37,35000.0,4.0,0.479,1,4,0
6877,B,40,30600.0,8.6,0.454,1,4,0
6878,A,36,25700.0,7.1,0.155,1,2,0
6879,A,37,26100.0,9.6,0.23,1,2,0
6880,B,71,19200.0,5.5,0.431,0,5,0
6881,A,32,48900.0,20.0,0.251,0,2,0
6882,A,42,49600.0,2.7,0.231,1,4,0
6883,A,34,38500.0,9.6,0.374,0,2,0
6884,A,26,40300.0,17.1,0.371,0,1,0
6885,A,55,24300.0,9.1,0.357,0,1,0
6886,A,21,66400.0,5.6,0.401,0,2,0
6887,A,48,24900.0,8.5,0.554,0,3,0
6888,A,44,64300.0,9.5,0.02,1,3,0
6889,A,21,25700.0,20.7,0.145,0,4,0
6890,B,47,31700.0,2.4,0.249,1,5,0
6891,B,35,30300.0,0.7,0.193,1,5,1
6892,A,32,39200.0,4.2,0.356,1,3,0
6893,A,56,62200.0,3.5,0.131,0,3,0
6894,B,35,38100.0,2.6,0.491,1,2,1
6895,A,58,13100.0,3.6,0.251,2,1,0
6896,B,53,38500.0,1.6,0.142,1,2,0
6897,A,44,29700.0,5.4,0.481,0,2,0
6898,A,35,24800.0,7.5,0.248,2,1,1
6899,A,56,49100.0,8.7,0.301,1,3,0
6900,B,28,36500.0,8.5,0.352,1,5,1
6901,A,30,26900.0,9.5,0.454,0,3,0
6902,A,43,64600.0,6.8,0.111,0,2,0
6903,A,39,32800.0,16.0,0.02,0,2,0
6904,B,29,30000.0,11.7,0.456,1,5,0
6905,A,32,52300.0,8.8,0.464,1,5,0
6906,A,48,58100.0,11.4,0.39,0,3,0
6907,B,47,27100.0,2.8,0.658,1,3,0
6908,B,31,33900.0,3.4,0.383,0,5,0
6909,A,29,30800.0,19.7,0.47,1,3,0
6910,A,24,12600.0,9.1,0.553,1,2,0
6911,A,37,25900.0,6.7,0.241,0,1,0
6912,B,33,19500.0,1.3,0.54,1,4,1
6913,A,34,25500.0,4.9,0.089,0,1,0
6914,A,49,33400.0,12.1,0.238,0,1,0
6915,A,48,51400.0,17.1,0.389,0,3,0
6916,A,46,51300.0,13.0,0.231,0,4,0
6917,A,35,48500.0,20.7,0.091,1,3,0
6918,A,47,36300.0,7.9,0.314,0,1,0
6919,A,38,19000.0,2.8,0.438,1,3,0
6920,A,42,31200.0,10.6,0.335,0,1,0
6921,A,40,34700.0,15.3,0.038,1,2,0
6922,A,36,20600.0,10.4,0.223,0,1,0
6923,A,44,31500.0,9.2,0.328,1,3,0
6924,A,64,43100.0,8.9,0.289,0,2,0
6925,A,38,42200.0,6.3,0.457,1,1,0
6926,A,28,124900.0,9.1,0.174,0,3,0
6927,A,34,35000.0,10.2,0.19,1,5,0
6928,A,49,29200.0,8.8,0.267,0,3,0
6929,B,21,27000.0,8.3,0.483,0,4,0
6930,B,42,31500.0,6.3,0.239,1,4,0
6931,A,63,32800.0,4.6,0.496,0,5,1
6932,A,56,36100.0,5.7,0.52,1,2,0
6933,A,40,62700.0,17.7,0.545,1,1,0
6934,A,64,35800.0,10.1,0.413,0,3,0
6935,A,50,129000.0,7.0,0.3,0,1,0
6936,A,51,34600.0,9.9,0.314,2,1,0
6937,A,62,23100.0,10.9,0.557,1,1,0
6938,A,37,47500.0,16.1,0.271,1,1,0
6939,A,36,55600.0,11.4,0.459,1,3,0
6940,B,22,32300.0,3.3,0.21,1,3,1
6941,A,21,39200.0,16.0,0.027,1,4,0
6942,A,60,32800.0,5.3,0.348,0,2,0
6943,B,49,46800.0,1.2,0.171,0,4,0
6944,A,38,51900.0,11.1,0.289,0,2,0
6945,A,21,30500.0,6.5,0.198,0,2,0
6946,A,38,50300.0,14.2,0.579,0,2,1
6947,A,34,45600.0,13.0,0.343,0,3,0
6948,A,25,53000.0,12.3,0.236,0,4,0
6949,B,41,107500.0,12.7,0.402,2,2,1
6950,B,38,35200.0,2.5,0.462,1,5,1
6951,A,44,34300.0,18.1,0.321,1,3,0
6952,A,30,15000.0,10.8,0.287,1,1,0
6953,A,60,76000.0,9.6,0.075,0,2,0
6954,B,50,31800.0,7.4,0.37,1,3,0
6955,B,28,20200.0,0.8,0.262,1,2,1
6956,A,31,16300.0,7.1,0.233,0,1,0
6957,A,21,26600.0,4.9,0.223,1,2,0
6958,A,39,39800.0,7.8,0.378,0,4,0
6959,A,56,61000.0,1.6,0.411,1,2,0
6960,B,53,16000.0,4.2,0.513,1,4,1
6961,B,30,26500.0,11.4,0.315,1,5,0
6962,A,39,33100.0,5.1,0.161,1,1,0
6963,A,26,44200.0,4.8,0.444,0,2,0
6964,A,49,57400.0,20.1,0.349,0,1,0
6965,B,68,24800.0,3.6,0.372,1,3,1
6966,A,58,63900.0,16.5,0.193,0,5,0
6967,A,63,40000.0,7.6,0.279,0,1,0
6968,B,33,57600.0,3.8,0.331,0,2,0
6969,B,33,11900.0,8.4,0.321,0,4,1
6970,A,52,91900.0,6.9,0.136,0,2,0
6971,A,44,23900.0,8.0,0.304,0,2,0
6972,B,45,24500.0,3.0,0.336,0,3,0
6973,A,38,13800.0,5.3,0.283,0,2,1
6974,A,40,34400.0,9.3,0.139,0,2,0
6975,B,58,76500.0,2.3,0.63,1,3,1
6976,A,22,63500.0,2.1,0.172,1,4,0
6977,B,36,34500.0,9.2,0.436,0,3,0
6978,B,47,34400.0,9.3,0.573,0,4,0
6979,A,43,63300.0,5.2,0.337,0,1,0
6980,A,63,72000.0,5.6,0.297,1,2,0
6981,A,40,61200.0,10.5,0.281,0,1,0
6982,A,30,17000.0,4.5,0.333,0,3,1
6983,A,32,59000.0,9.5,0.478,0,1,0
6984,B,33,61500.0,3.3,0.496,0,3,0
6985,A,28,43200.0,10.4,0.58,0,1,0
6986,A,55,25800.0,13.3,0.096,0,3,0
6987,B,29,34700.0,6.2,0.381,0,1,0
6988,A,55,60900.0,6.0,0.179,0,5,0
6989,B,26,49200.0,4.5,0.31,0,4,0
6990,B,36,69400.0,3.2,0.222,1,5,0
6991,A,42,60600.0,15.5,0.376,0,4,0
6992,B,53,37200.0,7.8,0.253,1,3,0
6993,A,62,53800.0,6.9,0.272,1,3,0
6994,A,33,54300.0,2.4,0.524,0,4,1
6995,A,29,65000.0,4.6,0.104,0,3,0
6996,A,54,52500.0,4.5,0.214,0,1,0
6997,A,34,24100.0,4.1,0.471,0,3,0
6998,A,42,19300.0,11.2,0.348,2,4,1
6999,A,36,17900.0,9.8,0.416,0,3,0
7000,A,22,54900.0,8.3,0.513,1,5,0
7001,A,56,61400.0,15.9,0.323,2,1,0
7002,A,70,38800.0,5.5,0.317,1,3,0
7003,A,36,32300.0,4.7,0.515,0,3,0
7004,B,38,33600.0,4.6,0.36,2,1,0
7005,A,40,38600.0,10.8,0.408,0,4,0
7006,A,36,32100.0,11.8,0.121,0,4,0
7007,A,40,33400.0,3.9,0.29,0,2,0
7008,B,26,16700.0,5.4,0.358,1,2,0
7009,A,48,26800.0,18.4,0.224,0,2,0
7010,A,43,39300.0,4.5,0.256,0,1,0
7011,A,64,56800.0,13.7,0.367,1,2,0
7012,B,37,34500.0,2.3,0.491,3,5,0
7013,A,30,26800.0,10.4,0.47,0,1,0
7014,B,26,27500.0,0.3,0.348,2,5,1
7015,A,34,34900.0,6.8,0.251,0,2,0
7016,A,38,70800.0,7.9,0.331,0,1,0
7017,A,43,34000.0,10.5,0.33,0,1,0
7018,A,21,53900.0,10.9,0.18,1,5,0
7019,A,43,32100.0,15.5,0.27,0,1,0
7020,A,43,35300.0,6.8,0.415,0,2,0
7021,B,47,26700.0,2.2,0.303,0,5,0
7022,A,42,18400.0,4.4,0.325,1,1,0
7023,B,40,41800.0,2.8,0.242,2,4,0
7024,A,21,31700.0,8.2,0.321,0,2,0
7025,A,39,40400.0,10.9,0.324,1,1,0
7026,B,24,53100.0,6.0,0.48,0,4,0
7027,A,32,48900.0,9.8,0.221,0,3,0
7028,B,48,31900.0,7.5,0.458,2,4,1
7029,B,27,48500.0,5.3,0.334,0,2,0
7030,A,25,58800.0,17.9,0.315,2,1,0
7031,B,24,32000.0,4.2,0.7,2,3,1
7032,A,56,69300.0,3.7,0.598,0,4,0
7033,A,42,31300.0,6.0,0.357,0,2,0
7034,A,52,35200.0,5.5,0.342,0,2,0
7035,A,47,42200.0,5.3,0.105,1,4,0
7036,A,30,35600.0,7.4,0.653,1,1,1
7037,A,37,77500.0,4.4,0.34,0,3,0
7038,B,37,27400.0,7.4,0.396,0,3,0
7039,A,42,42500.0,20.1,0.17,0,2,0
7040,A,58,28000.0,5.6,0.184,0,1,0
7041,B,39,32100.0,7.7,0.314,1,4,0
7042,A,49,38900.0,9.8,0.346,0,1,0
7043,B,28,29700.0,5.7,0.309,2,5,0
7044,A,44,27200.0,8.9,0.173,1,1,0
7045,B,37,12200.0,4.6,0.31,0,5,0
7046,B,34,10100.0,1.5,0.345,0,5,0
7047,A,37,35100.0,12.2,0.189,0,1,0
7048,A,30,29300.0,11.1,0.291,0,5,0
7049,B,47,22400.0,2.3,0.281,0,5,0
7050,A,39,18300.0,10.7,0.502,0,3,0
7051,A,43,24100.0,9.7,0.393,0,5,0
7052,A,43,17600.0,12.1,0.215,1,1,0
7053,A,28,24400.0,14.5,0.078,0,1,0
7054,A,48,42600.0,12.1,0.304,0,3,1
7055,B,37,26300.0,3.0,0.296,0,5,0
7056,B,43,36600.0,11.1,0.285,0,4,0
7057,A,21,52300.0,6.4,0.336,0,4,0
7058,A,41,35200.0,11.8,0.239,0,1,0
7059,A,44,20700.0,10.4,0.04,1,1,0
7060,A,56,114300.0,9.7,0.305,0,2,0
7061,A,47,38500.0,6.9,0.34,0,2,0
7062,A,44,76600.0,2.6,0.277,2,4,1
7063,B,71,25800.0,10.6,0.39,1,2,0
7064,A,65,38500.0,13.6,0.417,0,4,1
7065,A,33,48100.0,5.8,0.408,0,2,0
7066,A,37,57200.0,9.6,0.451,2,5,0
7067,A,35,47900.0,15.5,0.308,0,1,0
7068,A,37,45800.0,13.1,0.366,2,3,0
7069,A,38,27000.0,4.9,0.166,0,1,0
7070,B,32,47400.0,6.4,0.085,0,4,0
7071,A,67,21100.0,11.9,0.43,0,2,0
7072,B,46,24900.0,8.5,0.431,1,4,0
7073,A,46,84000.0,2.5,0.449,2,3,1
7074,B,39,44600.0,10.6,0.211,0,5,0
7075,A,31,32800.0,9.6,0.262,0,1,0
7076,A,42,41400.0,7.8,0.343,0,2,0
7077,A,21,23700.0,9.1,0.539,0,4,0
7078,B,43,39000.0,3.6,0.501,0,5,0
7079,A,30,32900.0,11.3,0.526,1,1,0
7080,A,38,12100.0,13.2,0.313,1,3,0
7081,A,35,18900.0,2.7,0.366,1,2,0
7082,A,47,21800.0,3.6,0.449,1,5,1
7083,A,54,53500.0,8.7,0.455,0,5,0
7084,A,67,38500.0,13.7,0.456,0,1,0
7085,B,61,18900.0,1.9,0.457,1,1,0
7086,A,28,37700.0,7.6,0.169,0,1,0
7087,B,37,34800.0,6.6,0.172,2,4,0
7088,A,48,21800.0,4.8,0.358,0,4,0
7089,B,30,19900.0,21.8,0.434,1,5,0
7090,A,47,22700.0,12.2,0.302,0,1,0
7091,B,66,27900.0,9.6,0.194,1,1,0
7092,A,33,29300.0,16.1,0.526,1,1,0
7093,B,61,40500.0,2.9,0.398,1,5,0
7094,B,32,40700.0,5.5,0.177,0,3,0
7095,B,50,37600.0,7.4,0.425,0,4,0
7096,A,59,25600.0,4.7,0.223,0,2,0
7097,B,27,24700.0,2.2,0.266,0,4,0
7098,B,31,21000.0,7.6,0.277,0,5,0
7099,A,44,38500.0,10.9,0.311,0,3,0
7100,A,43,58000.0,7.4,0.437,0,2,0
7101,B,47,16100.0,1.4,0.55,0,5,0
7102,A,32,54200.0,12.2,0.377,0,4,0
7103,A,39,28700.0,13.3,0.551,1,1,0
7104,A,32,38600.0,9.2,0.317,0,2,0
7105,A,21,43000.0,8.2,0.183,0,4,0
7106,B,21,47300.0,4.0,0.259,0,5,0
7107,B,39,37900.0,6.9,0.328,0,5,0
7108,A,31,38900.0,7.0,0.468,1,2,1
7109,A,33,36100.0,10.8,0.537,0,2,0
7110,A,28,59800.0,12.3,0.482,1,1,0
7111,A,30,107000.0,3.4,0.283,0,2,0
7112,A,58,74200.0,11.5,0.205,2,2,0
7113,A,49,49700.0,14.3,0.404,1,3,0
7114,A,53,45400.0,11.2,0.26,1,2,0
7115,A,34,35400.0,5.2,0.359,0,3,0
7116,A,40,64200.0,9.5,0.299,1,2,0
7117,B,33,32300.0,4.4,0.466,0,5,0
7118,A,44,55700.0,6.4,0.379,1,1,0
7119,A,50,95400.0,5.7,0.289,2,1,0
7120,A,37,18800.0,11.5,0.048,2,1,0
7121,B,24,16800.0,6.5,0.254,0,5,0
7122,A,36,42500.0,12.0,0.486,0,1,0
7123,A,41,35100.0,9.3,0.281,0,1,0
7124,B,60,27200.0,4.9,0.169,0,3,0
7125,A,41,48200.0,13.2,0.238,0,2,0
7126,A,65,44000.0,15.2,0.299,0,2,0
7127,A,61,63400.0,6.7,0.14,0,5,0
7128,A,29,32400.0,23.3,0.364,0,1,0
7129,A,39,23800.0,8.3,0.272,0,1,1
7130,B,41,20700.0,3.4,0.598,0,5,1
7131,A,21,31400.0,12.0,0.378,3,1,0
7132,A,44,14600.0,7.7,0.274,1,1,1
7133,A,51,28200.0,5.9,0.312,1,2,0
7134,A,38,47800.0,5.4,0.248,1,3,0
7135,A,61,55300.0,8.4,0.257,0,2,0
7136,A,31,22500.0,5.9,0.106,0,2,0
7137,A,50,36500.0,8.0,0.469,0,1,0
7138,A,50,39000.0,13.8,0.367,0,3,0
7139,A,49,17600.0,5.5,0.271,0,4,0
7140,A,38,28000.0,13.1,0.402,0,2,0
7141,A,44,24700.0,5.7,0.54,1,2,1
7142,B,28,58200.0,14.9,0.026,0,5,0
7143,A,37,22800.0,10.6,0.344,0,1,0
7144,A,34,52500.0,7.4,0.154,0,1,0
7145,B,29,18300.0,9.9,0.301,2,3,0
7146,A,38,48100.0,15.6,0.218,0,1,0
7147,B,34,58100.0,12.4,0.314,0,5,0
7148,A,33,21700.0,5.5,0.281,1,1,0
7149,B,24,26700.0,1.2,0.02,0,3,0
7150,A,42,39300.0,7.0,0.317,0,1,0
7151,B,40,74200.0,1.5,0.295,1,5,1
7152,B,35,24300.0,1.6,0.539,1,4,1
7153,B,55,24400.0,4.9,0.141,2,2,1
7154,B,42,14500.0,3.7,0.271,0,4,0
7155,A,67,29800.0,8.4,0.295,0,4,0
7156,A,59,43500.0,29.6,0.253,0,3,0
7157,A,40,35100.0,10.9,0.207,0,4,0
7158,B,33,53300.0,1.8,0.423,0,4,1
7159,A,43,25700.0,15.1,0.187,0,3,0
7160,A,25,20600.0,10.9,0.216,2,1,0
7161,A,47,40400.0,2.7,0.317,0,3,0
7162,A,45,66600.0,9.8,0.375,0,1,0
7163,A,36,45700.0,4.6,0.191,0,1,0
7164,A,28,46400.0,11.5,0.326,0,3,0
7165,A,50,16000.0,8.6,0.279,0,1,0
7166,B,61,25300.0,6.8,0.307,1,4,0
7167,A,46,29000.0,8.8,0.326,2,1,0
7168,A,64,32500.0,1.0,0.194,0,1,0
7169,A,49,38600.0,5.0,0.396,0,3,0
7170,A,21,23700.0,6.7,0.416,0,3,0
7171,A,21,16300.0,8.3,0.084,0,5,0
7172,A,39,52900.0,5.9,0.273,0,3,0
7173,B,21,21200.0,9.3,0.195,0,1,0
7174,B,45,36800.0,1.0,0.566,2,1,1
7175,B,21,39700.0,3.6,0.295,0,3,0
7176,A,41,40900.0,14.6,0.348,0,2,0
7177,A,44,22100.0,4.0,0.232,0,1,1
7178,B,46,38400.0,6.3,0.458,1,4,0
7179,B,56,19300.0,20.6,0.316,0,5,0
7180,A,43,20200.0,9.7,0.569,0,4,0
7181,A,29,26500.0,6.3,0.369,1,3,1
7182,A,52,33700.0,8.6,0.317,0,2,0
7183,A,40,61200.0,9.0,0.236,0,3,0
7184,A,58,47700.0,8.5,0.258,0,3,0
7185,B,71,67900.0,2.4,0.619,1,4,0
7186,B,36,28900.0,4.7,0.354,0,3,0
7187,A,42,38200.0,15.7,0.148,0,1,0
7188,A,68,19200.0,5.5,0.411,0,3,1
7189,B,51,39200.0,5.2,0.384,1,3,1
7190,A,46,34400.0,13.2,0.508,1,2,0
7191,B,61,62000.0,4.8,0.443,1,3,0
7192,B,50,21200.0,3.6,0.346,0,2,0
7193,A,32,52900.0,9.0,0.112,0,3,0
7194,A,54,84100.0,9.3,0.437,0,1,0
7195,A,23,29300.0,6.6,0.354,2,5,1
7196,B,40,37300.0,6.8,0.32,0,3,0
7197,A,46,16600.0,6.7,0.304,0,1,0
7198,A,32,42100.0,8.8,0.183,0,2,0
7199,B,29,20700.0,2.1,0.235,0,5,0
7200,A,62,48800.0,6.1,0.371,0,2,0
7201,A,40,41700.0,2.8,0.271,1,3,0
7202,A,37,59600.0,8.0,0.22,2,4,0
7203,A,65,37400.0,17.3,0.079,1,4,0
7204,A,21,55100.0,17.6,0.238,1,2,0
7205,A,37,20500.0,14.9,0.247,0,2,0
7206,A,39,31800.0,9.6,0.173,1,1,0
7207,A,44,24100.0,12.0,0.426,0,2,0
7208,A,41,40700.0,14.3,0.374,0,3,0
7209,A,47,38800.0,9.2,0.299,0,2,1
7210,A,39,53700.0,3.3,0.324,1,5,1
7211,A,22,23400.0,12.0,0.411,0,2,0
7212,B,60,42000.0,5.7,0.433,1,4,0
7213,A,39,45900.0,5.0,0.346,0,4,0
7214,A,38,32100.0,3.6,0.19,0,3,0
7215,A,50,18900.0,2.4,0.263,0,4,0
7216,A,25,39700.0,7.4,0.345,1,2,0
7217,A,35,23600.0,7.7,0.179,0,3,0
7218,A,44,40600.0,14.5,0.275,0,3,0
7219,A,47,32000.0,4.3,0.434,0,1,0
7220,B,33,32200.0,3.7,0.307,2,5,1
7221,A,55,58000.0,11.9,0.367,0,3,0
7222,A,43,31400.0,5.9,0.07,1,5,0
7223,B,57,24600.0,4.4,0.167,1,4,1
7224,A,41,39000.0,4.0,0.588,0,1,0
7225,B,42,23800.0,12.4,0.174,2,1,0
7226,A,38,26600.0,3.6,0.388,1,1,0
7227,B,68,19200.0,6.1,0.02,2,3,0
7228,A,21,37500.0,7.9,0.248,0,3,0
7229,B,35,94900.0,2.7,0.35,0,4,0
7230,A,54,38800.0,12.7,0.429,1,3,0
7231,A,21,27000.0,5.2,0.261,1,1,0
7232,A,41,34400.0,6.3,0.432,0,3,0
7233,A,38,36600.0,9.3,0.394,1,1,0
7234,A,34,46700.0,16.0,0.344,0,5,0
7235,B,29,21000.0,3.3,0.279,0,2,1
7236,A,40,41300.0,9.6,0.202,0,3,0
7237,A,25,26600.0,7.1,0.304,1,2,0
7238,A,49,27200.0,9.9,0.448,0,5,0
7239,A,21,21200.0,13.2,0.058,1,1,0
7240,A,35,21600.0,20.5,0.344,1,2,0
7241,B,43,53000.0,3.8,0.26,1,4,0
7242,B,44,32400.0,4.9,0.427,0,4,0
7243,A,44,28800.0,7.4,0.225,0,2,0
7244,A,59,29500.0,14.5,0.466,0,2,0
7245,A,40,37400.0,14.0,0.281,0,2,0
7246,A,22,41600.0,14.2,0.375,1,4,0
7247,A,37,34200.0,10.3,0.271,1,3,0
7248,A,39,33800.0,3.7,0.357,0,3,0
7249,A,21,58100.0,3.6,0.349,0,1,0
7250,B,43,58800.0,14.7,0.37,1,1,0
7251,B,21,32500.0,3.2,0.122,1,1,0
7252,A,34,38400.0,7.3,0.353,0,2,0
7253,A,44,32900.0,8.1,0.31,0,5,0
7254,A,25,28700.0,4.4,0.271,0,2,0
7255,A,41,34700.0,12.1,0.159,1,4,0
7256,A,50,34000.0,8.7,0.084,0,2,0
7257,B,39,45300.0,8.7,0.251,0,4,0
7258,A,48,60100.0,11.5,0.186,0,2,0
7259,B,30,21600.0,10.7,0.397,1,5,0
7260,A,44,27600.0,16.2,0.046,1,1,0
7261,A,66,35600.0,4.1,0.359,0,3,0
7262,A,48,18500.0,6.9,0.462,0,3,0
7263,A,35,31400.0,6.8,0.39,0,1,1
7264,A,44,41200.0,4.1,0.188,0,2,0
7265,A,40,41100.0,12.2,0.19,1,1,0
7266,A,26,29000.0,11.2,0.352,0,4,0
7267,A,27,43200.0,3.4,0.27,0,1,0
7268,B,50,28700.0,4.1,0.02,1,3,0
7269,B,26,31600.0,10.7,0.455,0,5,0
7270,B,55,24700.0,11.3,0.427,0,4,1
7271,A,37,53200.0,15.8,0.179,0,1,0
7272,A,59,25700.0,9.6,0.513,0,2,0
7273,A,50,28800.0,13.1,0.483,0,2,0
7274,B,40,28200.0,2.3,0.422,0,4,0
7275,A,36,41600.0,10.3,0.26,0,1,0
7276,B,37,24100.0,1.7,0.235,1,2,0
7277,A,25,73900.0,8.2,0.335,3,1,1
7278,B,33,26200.0,4.6,0.06,1,3,0
7279,A,50,52400.0,10.9,0.509,2,3,1
7280,A,24,35400.0,5.4,0.201,0,2,0
7281,A,57,48600.0,14.7,0.432,0,1,0
7282,B,66,23600.0,0.4,0.688,0,4,1
7283,A,57,36900.0,5.2,0.25,0,3,0
7284,A,37,50900.0,12.8,0.029,1,4,0
7285,A,39,19100.0,6.8,0.37,1,1,1
7286,A,46,47100.0,17.1,0.469,0,2,0
7287,A,66,37800.0,9.3,0.103,0,1,0
7288,B,32,35300.0,11.1,0.02,0,1,0
7289,A,37,54200.0,14.6,0.351,0,2,0
7290,A,68,31000.0,4.3,0.288,0,2,0
7291,A,42,46900.0,14.5,0.422,0,2,0
7292,A,37,33200.0,23.3,0.11,0,4,0
7293,A,49,25200.0,13.4,0.264,0,3,0
7294,B,21,21100.0,6.1,0.504,0,4,0
7295,A,33,21400.0,0.7,0.246,0,2,1
7296,B,36,47600.0,0.6,0.388,0,4,0
7297,A,42,23700.0,10.4,0.412,0,5,0
7298,A,33,25200.0,11.9,0.151,1,3,0
7299,A,21,30200.0,30.0,0.334,0,1,0
7300,A,36,32400.0,10.5,0.37,1,3,0
7301,A,39,28200.0,15.5,0.292,0,1,0
7302,A,21,27800.0,13.2,0.21,0,3,0
7303,B,41,52400.0,5.3,0.263,1,4,0
7304,B,52,43000.0,5.3,0.412,0,5,0
7305,A,47,32000.0,15.9,0.37,0,2,0
7306,A,49,71200.0,5.5,0.311,0,4,0
7307,A,44,60800.0,8.3,0.559,1,5,0
7308,A,43,52300.0,9.6,0.078,0,4,0
7309,A,48,64000.0,2.6,0.572,0,2,1
7310,A,28,32800.0,8.4,0.278,0,4,0
7311,B,62,26500.0,5.8,0.307,0,5,0
7312,A,26,33600.0,2.2,0.276,0,1,0
7313,A,47,31700.0,8.5,0.208,0,1,0
7314,A,61,63500.0,9.3,0.445,1,3,0
7315,B,43,22300.0,3.4,0.363,1,4,1
7316,A,46,57600.0,12.7,0.263,0,4,0
7317,A,44,53300.0,10.0,0.189,0,2,0
7318,A,54,27300.0,12.3,0.556,2,1,1
7319,A,23,118700.0,16.3,0.437,1,1,0
7320,B,62,27100.0,0.6,0.463,0,5,1
7321,A,37,28500.0,3.0,0.425,0,3,0
7322,A,33,53800.0,3.2,0.195,0,1,0
7323,A,31,61900.0,6.4,0.211,0,1,0
7324,A,50,45000.0,8.7,0.025,0,3,0
7325,A,46,25100.0,19.6,0.444,1,1,0
7326,A,39,16300.0,6.8,0.163,0,2,0
7327,B,37,38700.0,4.1,0.254,1,5,0
7328,A,63,38700.0,7.4,0.382,0,4,0
7329,A,56,60200.0,15.1,0.314,0,2,0
7330,A,56,35000.0,2.7,0.02,0,1,1
7331,A,23,36900.0,16.2,0.432,1,2,1
7332,A,53,36400.0,2.2,0.418,2,1,1
7333,A,33,60700.0,8.7,0.482,0,2,0
7334,A,42,48900.0,11.3,0.266,0,1,0
7335,A,40,46200.0,11.9,0.2,1,1,0
7336,A,43,14800.0,9.8,0.331,0,2,1
7337,A,41,53100.0,10.8,0.209,1,1,0
7338,A,50,21700.0,3.6,0.17,0,1,0
7339,B,38,24700.0,7.4,0.644,1,1,1
7340,B,35,47400.0,2.3,0.272,0,2,0
7341,A,70,53700.0,21.5,0.354,2,1,0
7342,B,34,24900.0,3.1,0.137,1,5,1
7343,B,44,19200.0,8.3,0.413,0,4,0
7344,A,23,39800.0,19.5,0.484,2,5,1
7345,B,34,22000.0,6.6,0.271,0,3,1
7346,A,22,16100.0,15.6,0.387,0,1,0
7347,A,47,46300.0,8.8,0.531,0,1,1
7348,A,28,43700.0,5.5,0.053,0,2,0
7349,A,27,56400.0,2.7,0.21,2,1,0
7350,B,39,14600.0,2.6,0.315,0,2,0
7351,A,35,25500.0,14.9,0.076,0,3,0
7352,A,54,45500.0,14.1,0.417,1,2,0
7353,A,42,29600.0,17.3,0.319,1,2,0
7354,A,45,20100.0,11.2,0.228,0,1,0
7355,A,35,94100.0,7.2,0.568,0,1,0
7356,A,31,21500.0,6.2,0.313,1,2,0
7357,A,38,48000.0,4.8,0.432,0,2,0
7358,A,49,19600.0,9.3,0.102,2,3,0
7359,A,58,118400.0,10.0,0.351,1,4,0
7360,A,35,46600.0,3.4,0.241,0,3,0
7361,A,21,41600.0,9.6,0.273,0,3,0
7362,A,44,41500.0,7.2,0.502,0,2,0
7363,B,49,38000.0,4.9,0.304,0,4,0
7364,B,21,60900.0,2.7,0.341,1,3,0
7365,A,21,35800.0,9.3,0.341,1,2,0
7366,A,43,50500.0,10.8,0.136,1,4,0
7367,B,50,70300.0,2.4,0.245,0,4,0
7368,B,51,74700.0,9.7,0.283,0,5,0
7369,A,52,42100.0,9.6,0.324,0,2,1
7370,A,39,25800.0,8.9,0.18,1,3,1
7371,B,31,16600.0,1.8,0.32,0,5,1
7372,A,22,31200.0,16.3,0.153,0,3,0
7373,B,51,36000.0,5.6,0.317,1,5,0
7374,A,54,21200.0,8.8,0.125,0,2,0
7375,A,33,33000.0,18.9,0.19,0,1,0
7376,B,33,16900.0,1.5,0.456,0,2,1
7377,A,55,35400.0,9.3,0.468,0,3,0
7378,A,45,41100.0,13.1,0.541,1,3,0
7379,A,61,34700.0,10.1,0.33,1,2,0
7380,A,33,38300.0,10.0,0.232,0,4,0
7381,A,56,32000.0,4.8,0.134,0,3,0
7382,B,40,30400.0,0.9,0.374,1,3,1
7383,A,39,24700.0,2.7,0.198,0,5,0
7384,A,39,74800.0,1.8,0.245,0,2,0
7385,A,27,19300.0,8.4,0.455,0,1,0
7386,B,37,70400.0,2.9,0.02,0,3,0
7387,A,30,42500.0,9.1,0.321,0,3,0
7388,B,31,28900.0,10.6,0.306,1,5,1
7389,B,47,30800.0,7.1,0.161,1,1,0
7390,A,29,60800.0,11.7,0.39,2,4,0
7391,B,22,21400.0,7.6,0.48,1,5,0
7392,A,26,44800.0,17.5,0.425,0,4,0
7393,A,21,27000.0,2.1,0.159,2,1,0
7394,A,45,57200.0,4.3,0.269,0,2,1
7395,A,56,77900.0,5.4,0.14,0,1,0
7396,A,33,27500.0,8.8,0.329,1,2,1
7397,A,55,33900.0,1.6,0.373,1,5,0
7398,B,75,18200.0,4.9,0.448,0,2,0
7399,B,34,40700.0,7.4,0.353,1,2,0
7400,A,32,55600.0,4.4,0.446,0,2,0
7401,A,50,44100.0,24.2,0.201,0,5,0
7402,B,43,72800.0,3.2,0.336,1,4,0
7403,A,57,61500.0,6.1,0.252,0,3,0
7404,B,39,18600.0,1.0,0.421,0,5,0
7405,A,36,24800.0,13.3,0.502,1,2,0
7406,B,32,59700.0,3.0,0.404,0,4,0
7407,A,21,22900.0,7.5,0.269,0,2,0
7408,A,36,36300.0,7.5,0.454,0,5,0
7409,A,27,26700.0,3.3,0.332,0,2,0
7410,B,38,35000.0,2.5,0.443,0,2,0
7411,A,52,28000.0,7.9,0.594,0,2,0
7412,A,61,56100.0,6.4,0.035,0,1,0
7413,A,46,22400.0,14.1,0.099,0,1,0
7414,A,25,29500.0,5.5,0.41,0,3,0
7415,A,41,24500.0,9.8,0.439,2,2,1
7416,A,51,68600.0,29.5,0.476,0,1,0
7417,A,48,52200.0,9.7,0.346,0,3,1
7418,A,44,39300.0,6.3,0.312,1,4,0
7419,A,23,52600.0,7.8,0.336,0,1,0
7420,A,36,36500.0,10.8,0.454,0,2,0
7421,B,28,27500.0,6.4,0.302,0,5,0
7422,A,21,31200.0,13.6,0.215,0,2,0
7423,A,21,33000.0,6.1,0.36,0,3,0
7424,A,52,19200.0,2.5,0.412,0,4,0
7425,A,42,41900.0,4.2,0.367,1,2,0
7426,A,45,33800.0,6.7,0.251,0,3,1
7427,A,47,34200.0,4.3,0.103,0,1,1
7428,B,47,30300.0,1.4,0.346,0,3,0
7429,A,25,51600.0,15.3,0.519,1,2,0
7430,A,42,31900.0,8.6,0.37,1,5,0
7431,A,26,31500.0,5.1,0.112,0,2,0
7432,A,45,18000.0,13.8,0.318,1,1,0
7433,B,57,34200.0,2.0,0.489,1,4,1
7434,B,38,26800.0,5.5,0.335,0,5,0
7435,B,39,12900.0,1.7,0.301,0,5,1
7436,A,41,26800.0,9.1,0.434,0,5,0
7437,A,59,14100.0,19.1,0.4,0,1,1
7438,B,71,30800.0,7.8,0.281,2,5,1
7439,A,49,35300.0,8.7,0.365,1,1,0
7440,A,52,49700.0,7.1,0.204,0,4,0
7441,A,64,30900.0,4.0,0.426,0,4,0
7442,A,42,39300.0,4.8,0.603,1,1,0
7443,A,63,65400.0,17.9,0.346,0,5,0
7444,A,29,71700.0,2.5,0.264,1,2,0
7445,A,35,26300.0,12.0,0.197,1,2,0
7446,A,33,39400.0,19.1,0.391,0,2,0
7447,A,37,21000.0,5.7,0.285,0,4,0
7448,A,50,43300.0,17.7,0.187,1,4,0
7449,B,37,34700.0,1.4,0.448,0,5,0
7450,A,47,48500.0,9.6,0.344,0,5,0
7451,A,45,24000.0,7.0,0.104,0,2,0
7452,A,23,38000.0,5.8,0.348,0,1,0
7453,A,43,57400.0,12.5,0.163,0,4,0
7454,A,42,34800.0,11.5,0.31,0,2,0
7455,A,45,32800.0,9.6,0.22,2,1,0
7456,A,44,33900.0,7.2,0.338,0,2,0
7457,A,39,27700.0,16.1,0.437,0,3,0
7458,A,39,53700.0,9.4,0.089,0,2,0
7459,A,54,51900.0,7.4,0.39,0,1,0
7460,B,58,22800.0,10.0,0.374,1,4,0
7461,B,44,40600.0,10.4,0.384,1,5,0
7462,A,26,40200.0,11.4,0.218,0,4,0
7463,A,36,31600.0,16.9,0.401,0,3,0
7464,A,44,22700.0,6.9,0.192,1,3,0
7465,A,56,40800.0,6.0,0.127,1,3,0
7466,A,35,51000.0,3.4,0.234,2,2,0
7467,B,35,32600.0,10.2,0.626,0,5,1
7468,A,39,16400.0,10.1,0.333,2,2,0
7469,A,31,26100.0,19.4,0.099,0,1,0
7470,B,40,56800.0,4.0,0.225,0,4,0
7471,A,39,22600.0,8.3,0.316,0,3,0
7472,A,43,33300.0,22.7,0.109,0,1,0
7473,A,41,20600.0,10.3,0.088,0,1,0
7474,B,49,26100.0,4.4,0.266,0,4,0
7475,A,31,21100.0,16.0,0.238,0,5,0
7476,B,48,29300.0,9.1,0.519,0,3,1
7477,A,53,32800.0,5.6,0.327,0,4,0
7478,A,56,39800.0,18.8,0.069,0,1,0
7479,A,43,36300.0,3.0,0.272,0,2,0
7480,A,45,32400.0,6.6,0.02,0,3,0
7481,A,21,25700.0,4.3,0.335,0,3,0
7482,A,22,44600.0,8.9,0.16,1,2,0
7483,B,36,54200.0,1.4,0.287,1,3,0
7484,A,48,30800.0,14.8,0.353,1,2,0
7485,B,34,28800.0,5.5,0.423,1,5,0
7486,A,37,62500.0,10.2,0.509,0,3,0
7487,A,57,208700.0,9.1,0.247,1,2,0
7488,A,30,78800.0,11.7,0.356,0,2,0
7489,A,65,34100.0,7.2,0.213,0,2,0
7490,B,41,18400.0,8.2,0.583,0,4,0
7491,A,44,50800.0,7.0,0.364,0,3,0
7492,B,41,33200.0,3.2,0.336,0,3,0
7493,A,33,31600.0,5.7,0.263,0,4,0
7494,A,33,29400.0,10.8,0.475,0,4,1
7495,A,45,32500.0,16.4,0.119,0,3,0
7496,B,33,22200.0,4.9,0.555,0,4,0
7497,A,41,17000.0,8.8,0.303,0,4,0
7498,A,38,31300.0,5.2,0.175,3,2,0
7499,A,31,24900.0,14.6,0.642,0,1,0
7500,B,41,29800.0,6.0,0.316,1,2,0
7501,A,75,28700.0,10.1,0.351,1,2,0
7502,A,45,27500.0,14.6,0.261,0,2,0
7503,A,29,26300.0,2.9,0.478,0,1,1
7504,A,51,22100.0,15.4,0.248,0,3,0
7505,A,49,72500.0,14.4,0.226,1,1,0
7506,A,26,40700.0,14.3,0.502,1,1,0
7507,A,53,51100.0,7.7,0.21,0,1,0
7508,B,47,41100.0,3.9,0.403,0,5,0
7509,B,48,33200.0,3.0,0.494,1,2,1
7510,A,27,66300.0,12.0,0.272,1,5,0
7511,A,30,15100.0,9.2,0.391,0,4,0
7512,A,22,28500.0,6.7,0.401,1,3,0
7513,A,34,30800.0,15.1,0.199,3,2,0
7514,A,32,37200.0,17.2,0.323,1,2,0
7515,A,61,28400.0,8.8,0.285,0,4,0
7516,A,52,24800.0,10.3,0.314,0,1,0
7517,A,43,32000.0,4.7,0.173,1,3,0
7518,A,69,52700.0,18.9,0.468,1,1,0
7519,A,57,51000.0,4.0,0.234,0,2,0
7520,B,51,45500.0,6.7,0.613,1,3,0
7521,A,57,40400.0,13.8,0.182,0,2,0
7522,A,41,47100.0,13.2,0.281,1,4,0
7523,B,53,28200.0,3.3,0.388,0,5,0
7524,A,38,40900.0,9.3,0.44,0,1,0
7525,A,57,46700.0,7.3,0.37,0,2,0
7526,A,21,37800.0,9.3,0.467,0,4,0
7527,A,48,52500.0,7.0,0.312,1,2,0
7528,A,42,51100.0,11.7,0.244,0,2,0
7529,B,23,32400.0,2.5,0.214,0,5,0
7530,A,45,29700.0,8.8,0.348,1,2,0
7531,A,40,29900.0,9.2,0.331,0,4,0
7532,A,52,73300.0,3.3,0.492,0,4,1
7533,A,38,21100.0,13.4,0.454,0,3,0
7534,A,35,27500.0,7.6,0.27,0,4,0
7535,A,54,38800.0,8.6,0.235,0,2,0
7536,A,54,24800.0,8.4,0.288,0,1,0
7537,A,28,25800.0,5.9,0.463,0,1,0
7538,A,21,61800.0,9.6,0.309,0,2,0
7539,A,46,57200.0,5.2,0.21,0,2,0
7540,A,54,46100.0,4.5,0.203,1,1,0
7541,A,32,29900.0,14.6,0.407,1,1,0
7542,A,55,35500.0,3.0,0.368,0,4,0
7543,A,52,44900.0,14.4,0.265,1,2,0
7544,B,31,19900.0,6.1,0.246,0,2,0
7545,A,52,41500.0,4.2,0.041,0,3,0
7546,B,35,11000.0,8.1,0.279,0,2,0
7547,B,59,30800.0,6.2,0.294,0,3,0
7548,A,41,27400.0,16.2,0.398,0,1,0
7549,A,45,43100.0,9.2,0.403,0,2,0
7550,A,46,35300.0,5.7,0.248,0,1,0
7551,B,27,33800.0,12.6,0.4,0,5,0
7552,A,62,81500.0,4.3,0.479,1,1,0
7553,B,36,34600.0,2.8,0.518,0,3,1
7554,A,21,36500.0,13.4,0.197,1,4,0
7555,A,47,23100.0,4.9,0.133,1,1,0
7556,B,35,18500.0,10.7,0.582,1,4,1
7557,A,55,58800.0,8.5,0.68,0,5,0
7558,A,37,40900.0,16.2,0.258,0,3,0
7559,A,44,90200.0,13.5,0.328,0,3,0
7560,A,28,42800.0,8.8,0.198,0,4,0
7561,A,41,31800.0,6.5,0.154,0,2,0
7562,A,28,45500.0,13.4,0.231,0,3,0
7563,A,32,32300.0,6.2,0.334,0,4,0
7564,A,25,28400.0,12.1,0.225,1,1,0
7565,B,34,22200.0,1.4,0.556,0,3,0
7566,A,52,89300.0,14.5,0.344,1,4,0
7567,A,47,56400.0,14.7,0.475,1,1,0
7568,A,41,35600.0,14.0,0.561,1,2,0
7569,A,43,25100.0,10.6,0.274,1,2,1
7570,A,42,33800.0,13.6,0.525,0,2,0
7571,A,25,25000.0,2.9,0.207,1,1,0
7572,A,48,32700.0,11.8,0.189,2,1,0
7573,B,68,33500.0,4.2,0.485,0,5,0
7574,A,44,44900.0,5.0,0.317,0,1,0
7575,B,67,19200.0,5.4,0.485,0,5,0
7576,A,41,27200.0,14.7,0.275,1,2,0
7577,A,41,33400.0,14.5,0.421,0,3,0
7578,B,54,17600.0,3.7,0.271,0,2,0
7579,A,35,43700.0,8.0,0.325,1,1,0
7580,B,55,23600.0,2.4,0.205,0,4,0
7581,B,44,23900.0,3.7,0.334,1,2,0
7582,B,35,38700.0,3.9,0.311,1,3,1
7583,A,50,38200.0,17.7,0.329,1,1,0
7584,A,58,38700.0,15.4,0.323,0,2,0
7585,A,38,53800.0,10.8,0.256,1,1,0
7586,B,45,45200.0,2.2,0.445,1,5,0
7587,A,29,31600.0,5.2,0.196,0,3,0
7588,B,31,35200.0,7.6,0.296,0,1,0
7589,A,53,36400.0,15.0,0.421,0,2,0
7590,A,32,44700.0,8.7,0.255,0,2,0
7591,A,43,37000.0,4.9,0.39,0,5,0
7592,A,56,36900.0,17.7,0.17,0,3,0
7593,B,21,42100.0,8.4,0.442,1,5,1
7594,B,35,28000.0,7.1,0.308,0,5,0
7595,A,21,33600.0,7.1,0.282,0,2,0
7596,A,38,33600.0,13.1,0.37,2,3,1
7597,B,43,27200.0,11.8,0.196,2,4,0
7598,A,22,48700.0,8.7,0.1,0,2,0
7599,A,24,28700.0,7.7,0.472,0,2,0
7600,A,46,35400.0,6.7,0.367,0,4,0
7601,B,60,106300.0,4.6,0.316,0,3,0
7602,A,37,37500.0,17.8,0.195,0,2,0
7603,A,48,40500.0,3.9,0.327,2,2,1
7604,B,37,12600.0,3.1,0.308,1,4,0
7605,A,48,39300.0,8.6,0.142,0,4,0
7606,A,40,37000.0,8.9,0.44,1,3,1
7607,A,42,23500.0,8.7,0.392,1,1,1
7608,B,24,36200.0,6.4,0.617,0,5,0
7609,A,63,32200.0,6.6,0.402,0,1,0
7610,A,42,42500.0,3.2,0.342,0,2,0
7611,A,41,38900.0,7.5,0.349,0,4,0
7612,A,30,33100.0,4.7,0.203,0,1,0
7613,A,45,39000.0,10.7,0.255,0,4,0
7614,B,39,16000.0,1.8,0.438,1,2,0
7615,B,48,43500.0,6.7,0.509,1,4,1
7616,A,40,25600.0,11.4,0.302,1,3,0
7617,A,64,36500.0,2.2,0.192,2,4,0
7618,B,34,30600.0,0.6,0.41,0,4,0
7619,A,45,17300.0,4.0,0.207,0,1,0
7620,B,49,24200.0,2.1,0.718,2,3,1
7621,B,43,18100.0,10.0,0.624,1,4,0
7622,A,37,28500.0,9.2,0.278,0,5,0
7623,B,50,40500.0,5.5,0.13,0,5,0
7624,A,37,28700.0,3.1,0.369,1,2,1
7625,A,46,23600.0,12.2,0.519,0,2,0
7626,B,39,57700.0,3.2,0.249,0,5,0
7627,A,23,28100.0,18.2,0.347,0,2,0
7628,B,52,15700.0,18.0,0.382,0,5,0
7629,A,33,35300.0,5.0,0.304,0,5,0
7630,A,59,22000.0,2.3,0.447,0,1,0
7631,A,50,38800.0,6.0,0.347,0,3,1
7632,A,45,63600.0,5.3,0.326,1,1,1
7633,A,52,87400.0,11.5,0.227,1,4,0
7634,A,34,28600.0,11.6,0.337,1,1,0
7635,A,32,34600.0,12.2,0.582,1,1,1
7636,B,48,24700.0,5.2,0.479,2,4,1
7637,A,33,37300.0,2.2,0.205,1,2,0
7638,A,36,66300.0,19.0,0.185,0,1,0
7639,A,54,49200.0,10.5,0.343,1,3,0
7640,A,27,107700.0,7.9,0.267,2,3,0
7641,B,59,21900.0,6.2,0.551,0,5,0
7642,B,32,19900.0,8.4,0.391,0,4,1
7643,A,30,24200.0,13.0,0.481,1,3,0
7644,A,37,37400.0,13.1,0.413,2,1,0
7645,A,31,45800.0,23.3,0.311,0,1,0
7646,B,64,23500.0,7.7,0.225,1,4,0
7647,A,63,18300.0,8.5,0.515,0,1,0
7648,A,32,79100.0,9.7,0.25,0,1,0
7649,A,37,36900.0,10.8,0.222,0,5,0
7650,B,51,37100.0,3.9,0.445,1,5,0
7651,A,53,36700.0,7.4,0.264,1,2,0
7652,A,38,60400.0,7.8,0.331,1,4,0
7653,B,52,46900.0,4.3,0.136,0,5,1
7654,B,50,19200.0,3.6,0.478,1,3,1
7655,A,68,52100.0,6.5,0.236,1,3,0
7656,A,47,31700.0,1.7,0.398,1,1,0
7657,A,33,36400.0,10.2,0.555,0,3,0
7658,A,49,43800.0,8.2,0.363,0,2,0
7659,A,36,41000.0,14.2,0.157,1,2,0
7660,B,34,63500.0,6.1,0.489,0,3,0
7661,A,51,38000.0,7.1,0.413,0,4,0
7662,A,46,40000.0,4.6,0.437,0,2,0
7663,A,33,32600.0,6.6,0.251,1,3,0
7664,B,50,19400.0,16.1,0.237,0,5,0
7665,B,33,32400.0,2.2,0.31,1,1,0
7666,B,38,21200.0,4.1,0.432,2,5,1
7667,A,48,79800.0,9.5,0.663,0,2,1
7668,A,23,32600.0,9.1,0.452,1,1,0
7669,B,25,19600.0,3.4,0.255,0,5,0
7670,B,48,28600.0,6.5,0.367,0,2,0
7671,A,54,26400.0,14.7,0.55,1,1,0
7672,A,28,47300.0,1.3,0.299,0,1,0
7673,A,65,34000.0,10.1,0.425,1,2,0
7674,A,35,52900.0,6.3,0.424,0,3,0
7675,A,43,33200.0,17.9,0.229,1,3,0
7676,A,57,39200.0,1.4,0.272,0,3,0
7677,B,54,39400.0,9.5,0.103,0,4,0
7678,B,21,67100.0,6.1,0.449,2,4,0
7679,A,59,38000.0,5.7,0.441,0,4,0
7680,A,33,70800.0,12.2,0.119,1,1,0
7681,A,39,19700.0,3.2,0.249,0,3,0
7682,A,21,34900.0,11.1,0.293,0,2,0
7683,B,27,20400.0,3.1,0.649,1,5,0
7684,A,37,62000.0,6.4,0.212,0,4,0
7685,B,42,33500.0,6.2,0.289,1,3,0
7686,A,30,25200.0,10.5,0.314,0,1,0
7687,A,43,41100.0,5.0,0.531,0,4,0
7688,A,44,17600.0,12.8,0.355,0,3,0
7689,A,31,52400.0,8.6,0.035,1,3,0
7690,B,47,33000.0,7.5,0.433,0,5,0
7691,A,26,60400.0,12.2,0.311,0,1,0
7692,B,56,26500.0,4.8,0.583,0,3,0
7693,A,45,48800.0,12.0,0.125,0,3,0
7694,A,23,33200.0,11.3,0.255,1,4,0
7695,B,29,58400.0,10.0,0.186,1,4,0
7696,A,30,38000.0,4.4,0.231,1,2,0
7697,A,45,59400.0,18.3,0.02,0,1,0
7698,A,40,34600.0,13.8,0.193,1,2,0
7699,A,45,99000.0,13.2,0.063,0,1,0
7700,A,26,28300.0,9.4,0.145,1,2,0
7701,A,29,55900.0,7.5,0.286,0,1,0
7702,A,49,66000.0,13.8,0.175,0,2,0
7703,A,24,35500.0,14.4,0.337,0,1,0
7704,B,21,55300.0,4.4,0.229,3,1,1
7705,A,24,72800.0,7.4,0.515,0,1,0
7706,B,47,26800.0,8.6,0.511,0,4,0
7707,B,44,57300.0,0.3,0.499,0,4,0
7708,A,52,25500.0,4.1,0.325,1,2,0
7709,A,41,25400.0,8.1,0.467,1,4,0
7710,A,59,60500.0,10.8,0.427,1,5,0
7711,B,32,48200.0,3.3,0.493,0,4,0
7712,B,44,33200.0,12.1,0.505,1,5,0
7713,A,51,33900.0,14.6,0.229,1,4,0
7714,B,48,33400.0,2.0,0.484,0,4,0
7715,A,43,113200.0,6.7,0.06,1,1,0
7716,A,50,37900.0,1.6,0.483,0,2,0
7717,A,46,58200.0,4.0,0.253,1,1,0
7718,B,21,26900.0,5.9,0.298,0,5,0
7719,A,40,48300.0,4.5,0.562,0,3,0
7720,B,38,52700.0,1.0,0.303,0,2,0
7721,B,24,31500.0,6.8,0.135,0,2,0
7722,A,36,17900.0,6.0,0.372,1,5,0
7723,A,54,30700.0,13.1,0.226,0,1,0
7724,A,44,36400.0,10.5,0.406,0,3,1
7725,A,52,30700.0,18.4,0.143,0,4,0
7726,A,21,33600.0,8.9,0.214,1,2,0
7727,A,41,56600.0,12.7,0.524,1,3,0
7728,B,41,40400.0,3.4,0.403,1,3,1
7729,A,36,34700.0,6.7,0.426,0,1,0
7730,A,28,34500.0,7.6,0.27,1,3,0
7731,B,36,27200.0,1.2,0.305,0,1,0
7732,B,38,32100.0,5.4,0.465,1,4,1
7733,B,49,29900.0,6.9,0.353,0,4,0
7734,A,25,24900.0,10.0,0.298,1,2,0
7735,A,66,36800.0,6.7,0.409,0,2,1
7736,A,49,20800.0,10.5,0.182,1,2,0
7737,A,33,22800.0,6.6,0.033,0,1,0
7738,B,65,36600.0,6.4,0.401,1,4,0
7739,A,51,44200.0,10.0,0.194,0,1,0
7740,A,49,53900.0,6.9,0.394,2,1,1
7741,A,21,52100.0,9.5,0.34,0,1,0
7742,A,44,42200.0,6.8,0.246,1,3,0
7743,A,51,93800.0,7.3,0.489,0,1,0
7744,B,47,18000.0,2.1,0.342,1,5,1
7745,A,44,37100.0,3.1,0.22,0,2,0
7746,A,35,54900.0,8.3,0.206,0,1,0
7747,A,42,55200.0,7.4,0.403,1,3,0
7748,A,38,40300.0,7.7,0.02,0,2,0
7749,A,21,38500.0,19.8,0.559,1,1,0
7750,A,57,32000.0,5.2,0.255,0,4,0
7751,A,51,36800.0,8.4,0.581,1,2,1
7752,A,39,38600.0,17.4,0.226,1,5,0
7753,A,48,31400.0,13.7,0.435,1,3,0
7754,A,63,33200.0,4.8,0.452,1,4,0
7755,A,21,44100.0,5.9,0.366,0,3,0
7756,A,46,25200.0,6.5,0.14,0,3,0
7757,A,39,48400.0,5.6,0.064,0,1,0
7758,A,38,17800.0,11.8,0.458,0,2,0
7759,A,33,42700.0,10.7,0.267,0,2,0
7760,B,31,102100.0,3.5,0.422,1,5,1
7761,B,52,25700.0,4.4,0.407,0,2,0
7762,A,58,31200.0,4.9,0.314,0,2,1
7763,A,53,13700.0,8.4,0.319,0,2,0
7764,B,48,36800.0,12.8,0.411,0,3,0
7765,B,47,36600.0,0.9,0.559,0,3,0
7766,B,42,27000.0,4.2,0.394,0,5,0
7767,A,35,30200.0,9.6,0.107,1,2,0
7768,B,35,65400.0,0.4,0.362,1,3,0
7769,A,50,32800.0,8.1,0.417,0,1,0
7770,B,60,38400.0,5.3,0.487,0,4,0
7771,B,56,25700.0,10.2,0.499,1,2,1
7772,A,47,169400.0,4.8,0.418,1,3,0
7773,A,33,34600.0,10.8,0.659,0,1,0
7774,A,52,46200.0,6.4,0.075,1,3,0
7775,A,25,59100.0,7.0,0.375,0,1,0
7776,A,44,34600.0,7.0,0.123,0,2,0
7777,A,62,40400.0,4.4,0.212,2,3,0
7778,B,49,13200.0,2.6,0.348,0,4,0
7779,B,25,17700.0,4.0,0.359,0,3,1
7780,A,33,18400.0,10.1,0.221,0,4,0
7781,A,35,77700.0,5.3,0.237,0,2,0
7782,B,40,31600.0,16.8,0.413,1,2,0
7783,B,49,46200.0,1.8,0.329,0,4,0
7784,B,61,89600.0,8.4,0.534,0,5,0
7785,B,44,67200.0,9.4,0.178,0,2,0
7786,A,39,50900.0,17.7,0.199,2,2,0
7787,A,37,44700.0,19.4,0.285,0,1,0
7788,A,45,47600.0,7.2,0.02,0,1,0
7789,A,37,15300.0,10.2,0.276,0,5,0
7790,A,45,24500.0,17.8,0.402,1,2,0
7791,B,32,40800.0,4.6,0.272,0,3,0
7792,B,21,19600.0,2.8,0.196,1,5,0
7793,A,32,31100.0,5.6,0.371,0,1,0
7794,A,42,16200.0,2.7,0.389,0,3,0
7795,A,49,44000.0,16.4,0.267,1,3,0
7796,B,55,14600.0,3.2,0.246,0,3,1
7797,B,37,40100.0,7.8,0.391,1,5,1
7798,A,38,46600.0,6.6,0.359,0,3,0
7799,B,26,13600.0,4.5,0.412,2,2,1
7800,B,24,78200.0,2.7,0.406,0,4,0
7801,A,39,23600.0,15.0,0.457,1,1,0
7802,A,54,21100.0,2.9,0.248,1,2,0
7803,B,28,28600.0,5.8,0.257,0,4,0
7804,A,40,37500.0,3.6,0.295,0,4,0
7805,B,49,26900.0,3.0,0.366,0,5,0
7806,B,35,35400.0,7.9,0.456,1,2,0
7807,A,47,46900.0,11.1,0.143,0,2,0
7808,B,48,27400.0,4.3,0.245,0,4,0
7809,A,35,54300.0,2.8,0.406,0,4,0
7810,A,41,41100.0,14.9,0.413,0,1,0
7811,A,48,16700.0,28.7,0.194,1,1,0
7812,B,52,24600.0,7.6,0.444,0,3,0
7813,B,44,24700.0,6.4,0.384,1,4,1
7814,A,47,32400.0,10.7,0.206,0,3,0
7815,A,43,37200.0,13.9,0.502,0,5,0
7816,B,51,53500.0,3.0,0.545,0,2,1
7817,A,60,28300.0,9.9,0.426,1,3,0
7818,A,28,63300.0,11.4,0.295,0,2,0
7819,A,68,43200.0,6.8,0.087,0,4,0
7820,A,42,19600.0,7.5,0.247,0,4,0
7821,B,47,29000.0,15.7,0.236,0,5,0
7822,A,46,39800.0,17.7,0.356,0,2,0
7823,A,29,30000.0,4.4,0.236,0,1,0
7824,A,28,58400.0,14.5,0.33,2,4,0
7825,B,49,41300.0,8.9,0.261,0,4,0
7826,A,31,45700.0,14.1,0.46,0,1,0
7827,B,40,11800.0,5.8,0.539,1,4,1
7828,A,48,27000.0,8.3,0.295,0,1,0
7829,A,30,44200.0,7.2,0.473,2,1,1
7830,A,29,21500.0,7.4,0.43,0,3,0
7831,B,29,36100.0,12.7,0.382,1,4,0
7832,B,43,30200.0,8.0,0.2,0,3,1
7833,A,34,32900.0,3.9,0.449,0,3,1
7834,A,55,25100.0,15.2,0.333,0,2,0
7835,B,46,20100.0,4.3,0.429,0,4,0
7836,A,36,17600.0,11.3,0.315,2,2,0
7837,B,47,24400.0,3.8,0.409,0,4,1
7838,B,53,88700.0,2.4,0.215,0,5,0
7839,A,47,55000.0,7.5,0.312,1,2,0
7840,B,64,32500.0,5.7,0.547,1,4,0
7841,A,44,28800.0,9.6,0.035,1,1,0
7842,A,36,32800.0,8.9,0.24,0,5,0
7843,B,41,28300.0,4.9,0.163,1,3,0
7844,A,49,33800.0,18.3,0.443,0,3,0
7845,A,36,51000.0,5.3,0.344,0,1,0
7846,A,25,27400.0,5.5,0.285,1,3,0
7847,A,47,53000.0,19.9,0.301,0,2,0
7848,B,33,29800.0,8.4,0.077,0,3,0
7849,A,54,81200.0,3.8,0.456,0,4,0
7850,A,47,41400.0,20.8,0.404,2,3,0
7851,A,48,56300.0,8.0,0.341,1,3,0
7852,A,25,56300.0,9.3,0.125,0,1,0
7853,A,51,25500.0,6.5,0.433,1,2,0
7854,A,23,38400.0,7.2,0.238,0,2,0
7855,B,24,77500.0,5.8,0.351,2,4,0
7856,A,36,59900.0,11.7,0.238,1,1,0
7857,B,45,25100.0,6.2,0.5,1,5,0
7858,B,46,67200.0,13.7,0.549,2,4,0
7859,A,59,30300.0,8.9,0.473,0,1,0
7860,B,34,18200.0,4.3,0.444,0,3,0
7861,A,51,55200.0,11.5,0.298,0,1,0
7862,A,44,35400.0,4.2,0.243,0,1,0
7863,A,48,59300.0,5.8,0.304,0,2,0
7864,B,40,34400.0,8.2,0.408,0,2,0
7865,A,43,49000.0,13.5,0.377,0,1,0
7866,A,46,32000.0,1.7,0.078,1,4,0
7867,A,33,36300.0,16.8,0.324,0,3,0
7868,B,34,20800.0,4.8,0.521,0,1,0
7869,A,60,35900.0,10.5,0.316,0,3,0
7870,B,61,13100.0,10.8,0.046,0,4,0
7871,A,21,26800.0,4.8,0.346,0,3,0
7872,B,57,23400.0,3.9,0.16,0,5,0
7873,A,43,33400.0,9.6,0.213,1,2,0
7874,A,53,22800.0,5.7,0.403,0,4,0
7875,A,52,23300.0,15.1,0.43,0,3,0
7876,A,34,31100.0,8.9,0.392,1,1,1
7877,A,38,25600.0,10.9,0.046,0,3,0
7878,A,35,37600.0,6.1,0.311,0,1,0
7879,B,49,12200.0,3.2,0.039,2,5,1
7880,A,38,17000.0,11.4,0.451,0,1,0
7881,A,55,33800.0,5.3,0.31,1,3,0
7882,A,50,25600.0,4.1,0.293,0,4,0
7883,B,32,16800.0,5.4,0.513,0,4,1
7884,A,38,48100.0,5.2,0.269,0,4,0
7885,A,45,63300.0,6.1,0.357,2,2,0
7886,B,37,33000.0,18.5,0.432,0,3,0
7887,B,42,28100.0,0.5,0.413,2,1,0
7888,B,21,20200.0,3.8,0.081,0,3,0
7889,B,66,36000.0,5.5,0.357,0,1,0
7890,B,49,37900.0,7.6,0.358,0,4,0
7891,A,36,38700.0,8.5,0.131,0,4,0
7892,B,39,23800.0,2.4,0.319,1,1,1
7893,A,48,19000.0,5.4,0.293,0,2,0
7894,B,33,18300.0,2.9,0.275,1,2,0
7895,A,26,32000.0,11.4,0.248,0,1,0
7896,A,36,29400.0,10.2,0.129,0,1,0
7897,A,44,18500.0,7.4,0.365,0,4,1
7898,B,31,19600.0,2.9,0.35,0,4,0
7899,A,36,55700.0,8.9,0.366,0,1,0
7900,A,35,46900.0,5.7,0.239,0,2,0
7901,A,24,69900.0,9.5,0.343,0,3,0
7902,B,37,46500.0,4.0,0.538,0,2,0
7903,A,39,28500.0,11.0,0.273,1,2,0
7904,A,33,27900.0,20.6,0.126,0,3,0
7905,B,55,50900.0,3.5,0.198,2,3,0
7906,A,37,26700.0,10.6,0.31,0,4,0
7907,A,41,38100.0,12.6,0.446,1,5,1
7908,A,40,34300.0,5.9,0.331,1,2,0
7909,A,56,120800.0,14.5,0.374,0,1,0
7910,A,30,36600.0,3.7,0.065,0,1,0
7911,A,44,26300.0,2.1,0.115,0,2,0
7912,B,50,23000.0,1.3,0.212,2,3,1
7913,A,47,81200.0,15.2,0.495,0,3,0
7914,A,30,46300.0,8.9,0.406,0,2,0
7915,A,43,49100.0,16.7,0.354,0,3,0
7916,B,26,32800.0,4.0,0.263,0,3,0
7917,A,38,33500.0,8.2,0.446,1,1,0
7918,B,56,25500.0,5.9,0.475,1,3,0
7919,A,41,49400.0,6.5,0.432,1,2,1
7920,B,53,30800.0,4.5,0.261,1,2,0
7921,A,45,34600.0,9.1,0.273,1,2,0
7922,A,46,42400.0,7.8,0.072,3,1,0
7923,A,32,47600.0,18.8,0.249,0,1,0
7924,A,32,58000.0,12.5,0.243,0,2,0
7925,A,51,42700.0,6.7,0.333,0,2,0
7926,A,58,25800.0,16.0,0.119,1,1,0
7927,B,21,36800.0,6.0,0.288,0,5,0
7928,A,57,26900.0,11.8,0.33,0,1,0
7929,A,50,36300.0,5.7,0.22,0,1,0
7930,A,66,34400.0,12.8,0.347,0,2,0
7931,A,33,40500.0,8.0,0.32,0,5,0
7932,B,50,12800.0,2.0,0.309,1,3,1
7933,B,57,28900.0,2.1,0.465,1,4,1
7934,A,42,48700.0,8.1,0.419,0,1,0
7935,A,43,79300.0,3.9,0.155,1,2,0
7936,B,68,53300.0,4.7,0.604,1,3,0
7937,A,45,58100.0,10.6,0.208,1,3,0
7938,A,43,57300.0,6.3,0.25,1,4,0
7939,B,36,32900.0,0.7,0.158,0,4,0
7940,A,43,30100.0,3.9,0.268,2,2,0
7941,A,34,31800.0,9.0,0.174,1,3,0
7942,A,38,91300.0,5.6,0.358,0,3,0
7943,B,41,27600.0,8.8,0.389,2,3,1
7944,A,35,64400.0,9.5,0.02,0,2,0
7945,A,50,50800.0,7.6,0.06,1,3,0
7946,B,43,19900.0,8.9,0.283,1,3,0
7947,B,52,30200.0,4.9,0.553,1,1,1
7948,A,31,41900.0,10.1,0.262,2,1,0
7949,A,30,43500.0,5.6,0.281,0,1,0
7950,A,56,42500.0,6.4,0.3,0,2,0
7951,B,45,19200.0,14.9,0.375,0,1,0
7952,B,23,15900.0,6.3,0.262,1,1,1
7953,B,39,63400.0,9.6,0.587,0,4,0
7954,B,34,13000.0,14.1,0.288,1,5,1
7955,A,43,51100.0,6.1,0.02,1,5,0
7956,A,42,40100.0,5.5,0.144,0,2,0
7957,A,45,42800.0,11.4,0.396,0,2,0
7958,A,26,49500.0,14.0,0.212,1,1,0
7959,A,63,28600.0,4.8,0.237,1,4,0
7960,B,27,56700.0,3.0,0.02,3,4,0
7961,B,51,66500.0,3.6,0.337,2,3,0
7962,A,49,30600.0,14.1,0.456,0,1,0
7963,A,25,30600.0,3.2,0.169,0,2,1
7964,B,42,72400.0,6.3,0.545,0,5,0
7965,A,50,42000.0,18.3,0.02,1,1,0
7966,B,62,28500.0,16.0,0.551,0,4,0
7967,A,45,58600.0,7.3,0.273,0,2,0
7968,A,38,75900.0,16.6,0.093,1,1,0
7969,A,29,34100.0,13.9,0.441,2,3,0
7970,A,33,14500.0,7.2,0.335,0,2,0
7971,B,34,36800.0,1.8,0.294,0,4,0
7972,B,39,93300.0,6.9,0.387,1,3,0
7973,A,53,44400.0,7.1,0.264,1,1,0
7974,A,43,13800.0,7.4,0.364,0,1,0
7975,A,30,44400.0,1.7,0.529,0,2,0
7976,B,40,27300.0,7.0,0.089,0,3,0
7977,B,58,21600.0,4.1,0.379,2,4,0
7978,A,48,46200.0,9.1,0.31,0,1,0
7979,B,46,45100.0,2.8,0.376,1,4,0
7980,A,33,51300.0,18.4,0.262,0,5,0
7981,A,31,79200.0,7.2,0.381,0,3,0
7982,A,49,42500.0,11.3,0.309,0,2,0
7983,A,39,33300.0,7.7,0.237,0,1,1
7984,A,31,25000.0,7.9,0.308,0,2,0
7985,A,44,30900.0,11.7,0.171,0,5,0
7986,A,28,35800.0,6.4,0.378,0,2,0
7987,B,32,32000.0,2.5,0.443,2,2,1
7988,B,33,51900.0,3.5,0.323,0,4,0
7989,B,40,57100.0,22.7,0.233,2,3,0
7990,A,57,53100.0,17.7,0.442,1,1,0
7991,B,59,33600.0,8.3,0.395,0,1,0
7992,A,54,35000.0,15.8,0.422,0,2,0
7993,A,51,30700.0,1.9,0.239,1,1,0
7994,A,61,25300.0,8.2,0.131,0,2,0
7995,A,44,35800.0,9.2,0.545,1,1,0
7996,A,55,11300.0,8.0,0.229,1,2,0
7997,A,48,41200.0,3.1,0.445,0,1,0
7998,B,26,21500.0,7.4,0.448,0,3,1
7999,A,34,56300.0,20.2,0.278,0,1,0
8000,A,47,51400.0,11.6,0.316,0,1,0
8001,B,26,40700.0,2.1,0.367,0,5,0
8002,A,54,37600.0,13.0,0.345,0,4,0
8003,A,32,32600.0,3.4,0.174,0,1,0
8004,A,35,25500.0,6.0,0.456,0,1,0
8005,A,29,33500.0,17.0,0.408,1,1,0
8006,A,48,46300.0,12.0,0.549,0,3,0
8007,A,22,41000.0,1.8,0.328,0,1,0
8008,A,49,29400.0,4.7,0.148,1,5,0
8009,A,23,21300.0,20.0,0.406,0,1,0
8010,A,30,33200.0,6.0,0.386,1,2,0
8011,A,53,33900.0,12.5,0.579,3,4,1
8012,A,54,67700.0,7.1,0.486,0,1,0
8013,A,44,26700.0,5.0,0.355,1,5,1
8014,A,43,10900.0,12.8,0.298,1,3,0
8015,A,39,40200.0,1.5,0.319,0,2,0
8016,A,51,56200.0,8.4,0.382,0,1,0
8017,A,34,35000.0,14.1,0.145,1,4,0
8018,A,48,27400.0,12.1,0.25,0,5,0
8019,A,25,30200.0,22.7,0.366,2,1,0
8020,B,55,49600.0,5.6,0.3,2,5,0
8021,A,50,23200.0,5.7,0.389,0,1,0
8022,A,34,101400.0,9.0,0.266,0,2,0
8023,B,41,48600.0,4.0,0.279,5,3,1
8024,A,43,14400.0,8.3,0.342,0,1,0
8025,A,48,31400.0,7.5,0.286,0,3,0
8026,A,53,31700.0,7.1,0.232,0,1,0
8027,A,56,43300.0,5.2,0.207,0,1,0
8028,B,30,23400.0,5.9,0.277,0,1,0
8029,A,27,61300.0,12.0,0.02,0,1,0
8030,A,45,62300.0,3.7,0.55,0,4,1
8031,A,59,30000.0,8.5,0.403,0,1,1
8032,A,51,21600.0,17.2,0.177,0,1,0
8033,A,55,27500.0,11.9,0.135,0,4,0
8034,A,50,32700.0,6.8,0.134,1,1,0
8035,A,44,80000.0,12.5,0.382,0,1,0
8036,A,34,16000.0,9.4,0.115,0,2,0
8037,B,33,12500.0,2.8,0.565,0,5,1
8038,A,33,30300.0,5.6,0.527,0,1,1
8039,A,39,35000.0,7.9,0.189,0,3,0
8040,A,48,27200.0,11.9,0.117,0,2,0
8041,B,43,30600.0,7.0,0.219,1,3,0
8042,B,40,24400.0,6.0,0.1,0,5,0
8043,A,54,23300.0,13.2,0.305,0,3,0
8044,A,38,44300.0,1.9,0.421,0,1,0
8045,A,26,57700.0,3.9,0.166,0,1,0
8046,A,45,21700.0,5.1,0.408,1,1,0
8047,B,55,14500.0,8.4,0.33,0,5,0
8048,A,32,59300.0,6.9,0.536,0,3,0
8049,A,33,36700.0,26.8,0.272,1,3,0
8050,A,61,30200.0,4.2,0.356,0,3,0
8051,A,50,83300.0,19.8,0.293,0,4,0
8052,A,25,30900.0,5.1,0.513,2,2,1
8053,A,37,22800.0,5.8,0.226,0,4,0
8054,A,46,42700.0,11.4,0.02,3,2,0
8055,A,53,27200.0,5.4,0.201,1,2,0
8056,A,63,28000.0,7.8,0.422,1,1,0
8057,B,32,28100.0,5.0,0.287,1,3,0
8058,A,24,25400.0,5.1,0.237,0,2,0
8059,B,33,21300.0,2.0,0.317,0,3,0
8060,A,21,27300.0,7.2,0.363,0,2,0
8061,B,44,18600.0,5.1,0.037,0,5,0
8062,B,35,58700.0,3.6,0.37,0,3,0
8063,A,28,32200.0,7.7,0.314,1,1,0
8064,B,52,26900.0,7.1,0.303,1,3,0
8065,B,42,32000.0,3.2,0.429,2,3,0
8066,A,45,49500.0,4.9,0.302,2,3,0
8067,A,42,72200.0,7.7,0.159,0,4,0
8068,B,25,19700.0,13.8,0.213,1,5,0
8069,B,44,24900.0,3.6,0.359,2,4,0
8070,A,37,41700.0,7.7,0.42,0,4,0
8071,A,60,31700.0,8.4,0.362,0,5,0
8072,A,41,41400.0,4.6,0.258,1,2,0
8073,A,47,61000.0,8.2,0.252,0,2,0
8074,B,33,33400.0,0.5,0.457,0,4,0
8075,A,41,16700.0,7.7,0.147,0,2,0
8076,A,36,23200.0,10.1,0.198,0,3,0
8077,B,56,26000.0,4.6,0.324,0,5,1
8078,A,44,48500.0,11.8,0.41,0,1,0
8079,A,45,62100.0,4.5,0.236,1,1,0
8080,A,53,27000.0,8.9,0.232,0,3,0
8081,A,65,46600.0,8.8,0.199,0,3,0
8082,A,57,46200.0,9.8,0.118,0,3,0
8083,A,27,67200.0,4.6,0.458,0,1,0
8084,A,44,25600.0,13.1,0.354,0,3,0
8085,A,44,27600.0,26.9,0.419,0,2,0
8086,A,31,15200.0,3.8,0.15,0,4,0
8087,B,30,18500.0,2.9,0.334,0,3,1
8088,A,34,46100.0,6.4,0.38,0,1,1
8089,A,45,38400.0,8.7,0.302,0,2,0
8090,A,30,45400.0,11.8,0.18,1,1,0
8091,A,45,28800.0,18.1,0.412,0,4,0
8092,B,21,68000.0,7.3,0.224,1,5,0
8093,B,42,53200.0,5.7,0.336,1,3,0
8094,B,38,25800.0,3.0,0.551,1,5,1
8095,A,53,59000.0,4.4,0.23,0,4,0
8096,A,44,56800.0,12.1,0.217,0,2,0
8097,A,28,70900.0,10.2,0.155,0,2,0
8098,A,53,39900.0,13.5,0.238,0,2,0
8099,A,35,26900.0,3.4,0.11,0,2,0
8100,B,53,23100.0,2.3,0.371,0,3,0
8101,B,39,52000.0,4.4,0.147,1,5,0
8102,A,62,39900.0,8.0,0.124,0,1,0
8103,A,25,11800.0,15.1,0.249,0,2,0
8104,A,34,35900.0,9.0,0.088,0,1,0
8105,A,50,36400.0,5.9,0.364,0,2,0
8106,A,23,50800.0,4.7,0.351,2,2,0
8107,B,50,32400.0,1.9,0.277,0,2,1
8108,B,43,38200.0,6.6,0.511,0,1,1
8109,A,73,20500.0,5.7,0.669,0,4,1
8110,A,40,25200.0,3.7,0.306,1,4,0
8111,A,60,44000.0,5.9,0.293,0,2,0
8112,A,53,24200.0,2.1,0.214,0,4,0
8113,A,43,26900.0,9.2,0.346,1,2,0
8114,A,48,26700.0,4.3,0.391,1,3,0
8115,B,45,34200.0,3.7,0.313,0,3,0
8116,A,43,37600.0,8.1,0.299,0,4,0
8117,A,43,23300.0,12.5,0.136,0,3,0
8118,B,46,45900.0,1.3,0.485,0,4,0
8119,B,54,16600.0,3.2,0.273,0,5,0
8120,A,21,55500.0,5.8,0.36,0,3,1
8121,A,38,46300.0,13.8,0.701,1,1,0
8122,A,44,26700.0,2.8,0.391,0,2,0
8123,A,40,31400.0,5.0,0.494,0,2,1
8124,B,46,30900.0,8.3,0.379,0,3,0
8125,A,49,53500.0,3.9,0.065,0,1,0
8126,A,39,33700.0,4.3,0.325,0,3,1
8127,B,34,25900.0,5.0,0.02,0,2,0
8128,A,31,33300.0,3.5,0.338,0,3,0
8129,A,56,28900.0,7.3,0.373,0,1,0
8130,A,40,21800.0,4.9,0.303,0,2,0
8131,A,65,76600.0,7.0,0.02,0,5,0
8132,A,27,27800.0,7.2,0.434,0,4,0
8133,B,27,17600.0,2.8,0.316,0,4,0
8134,A,26,47100.0,11.6,0.409,1,1,0
8135,A,41,45000.0,3.2,0.492,0,3,1
8136,B,55,28500.0,6.2,0.309,0,3,0
8137,A,52,49600.0,2.0,0.371,1,1,0
8138,B,43,36200.0,3.8,0.475,0,1,0
8139,A,48,31000.0,5.7,0.336,0,2,0
8140,A,32,40700.0,4.9,0.399,0,3,0
8141,A,52,50300.0,12.5,0.136,0,5,0
8142,A,35,23100.0,3.6,0.315,1,4,1
8143,B,38,28400.0,1.1,0.524,0,4,0
8144,A,43,34700.0,5.7,0.349,0,3,0
8145,A,32,60400.0,10.7,0.349,1,5,0
8146,A,61,53100.0,5.2,0.452,2,1,0
8147,A,42,49600.0,9.9,0.215,0,2,0
8148,A,27,38700.0,13.5,0.365,0,1,0
8149,B,38,27200.0,5.2,0.307,0,5,0
8150,A,29,37400.0,2.0,0.362,0,1,0
8151,B,32,40000.0,6.1,0.424,1,3,0
8152,B,25,36300.0,3.0,0.19,0,1,0
8153,A,41,39800.0,10.4,0.278,0,3,0
8154,B,38,31600.0,3.1,0.233,0,5,0
8155,A,53,17000.0,8.3,0.158,0,1,0
8156,A,58,25100.0,6.8,0.225,1,3,1
8157,A,45,46400.0,5.1,0.424,3,1,0
8158,B,40,14100.0,10.5,0.414,0,1,0
8159,B,51,24200.0,6.2,0.389,0,3,0
8160,A,25,68600.0,6.9,0.229,1,2,0
8161,A,63,33400.0,9.3,0.53,0,1,0
8162,A,50,42100.0,18.3,0.047,1,1,0
8163,A,48,43300.0,4.5,0.495,1,2,1
8164,A,30,41200.0,9.2,0.418,1,3,1
8165,A,41,67700.0,8.2,0.117,0,4,0
8166,A,40,42300.0,8.2,0.25,1,1,0
8167,A,29,46000.0,11.8,0.377,0,3,0
8168,A,57,100500.0,4.8,0.323,0,1,0
8169,A,39,48000.0,13.0,0.367,0,3,0
8170,B,37,35800.0,6.0,0.454,1,4,0
8171,A,43,101600.0,10.1,0.224,1,1,1
8172,A,33,22500.0,6.8,0.437,0,5,0
8173,A,63,24500.0,10.3,0.287,0,1,1
8174,A,43,26900.0,11.8,0.358,0,2,0
8175,B,42,73600.0,2.6,0.243,0,4,0
8176,A,39,42100.0,5.7,0.312,0,2,0
8177,A,70,54800.0,9.5,0.567,1,2,0
8178,A,50,35100.0,11.3,0.073,0,1,0
8179,B,34,18500.0,4.1,0.337,0,5,0
8180,A,51,32500.0,5.0,0.324,1,2,0
8181,B,30,19100.0,1.9,0.221,0,5,0
8182,A,21,23900.0,12.4,0.195,0,4,0
8183,B,42,24800.0,5.8,0.192,0,2,0
8184,A,52,19200.0,9.2,0.515,0,2,0
8185,B,37,24600.0,1.8,0.283,1,5,0
8186,B,42,34800.0,2.6,0.371,0,5,0
8187,B,42,31400.0,9.2,0.717,0,4,0
8188,A,61,20800.0,14.3,0.323,0,3,0
8189,B,30,19500.0,7.1,0.251,2,5,0
8190,A,27,31500.0,15.0,0.318,0,4,0
8191,A,45,30400.0,8.4,0.099,0,1,0
8192,B,59,42400.0,2.3,0.455,1,1,1
8193,B,42,28700.0,3.5,0.349,1,4,0
8194,A,38,60200.0,3.4,0.296,0,4,0
8195,A,49,40100.0,13.6,0.363,2,2,0
8196,A,60,39800.0,9.6,0.38,1,1,0
8197,A,24,17900.0,9.2,0.36,0,1,0
8198,A,45,28100.0,20.3,0.384,0,2,0
8199,A,31,25900.0,4.2,0.595,0,3,1
8200,A,21,19500.0,14.6,0.492,0,1,1
8201,A,32,26700.0,4.9,0.336,0,1,0
8202,A,32,36500.0,9.5,0.199,0,2,0
8203,A,30,28100.0,8.5,0.331,0,2,0
8204,A,31,17400.0,12.4,0.133,0,2,0
8205,A,21,43100.0,6.0,0.324,1,4,0
8206,A,49,25700.0,11.5,0.091,0,2,0
8207,A,36,25400.0,24.9,0.212,0,3,0
8208,B,61,30600.0,5.5,0.35,0,5,0
8209,A,38,36800.0,6.3,0.249,0,3,0
8210,A,42,40700.0,5.3,0.296,0,1,0
8211,A,56,85000.0,9.3,0.385,0,3,1
8212,A,51,51600.0,8.1,0.216,0,2,0
8213,A,35,30900.0,3.1,0.472,0,3,0
8214,A,33,28700.0,12.6,0.333,1,5,0
8215,B,49,33900.0,5.6,0.481,1,5,0
8216,B,42,25500.0,5.1,0.444,0,3,1
8217,A,37,99400.0,9.9,0.041,0,5,0
8218,A,31,66900.0,9.3,0.518,1,3,0
8219,A,56,130900.0,11.1,0.313,0,4,0
8220,B,55,33400.0,9.6,0.485,2,4,1
8221,A,54,31500.0,14.7,0.393,0,2,0
8222,A,33,18200.0,10.3,0.443,0,5,1
8223,A,58,34000.0,13.7,0.467,0,1,0
8224,A,47,60000.0,6.4,0.498,1,2,1
8225,A,46,45500.0,6.6,0.311,1,4,1
8226,B,26,24800.0,5.3,0.271,0,4,0
8227,A,34,55600.0,14.2,0.197,0,3,0
8228,B,39,23700.0,3.5,0.05,0,1,0
8229,A,39,49800.0,5.0,0.17,0,2,0
8230,B,46,21800.0,11.3,0.448,1,4,0
8231,A,58,42300.0,10.5,0.16,1,4,0
8232,A,39,37700.0,22.7,0.14,0,1,0
8233,A,49,18400.0,3.3,0.275,0,4,1
8234,A,44,39800.0,11.8,0.145,0,5,0
8235,A,55,65400.0,8.3,0.438,0,4,0
8236,A,28,31200.0,13.0,0.289,0,1,0
8237,A,43,62800.0,15.2,0.413,0,4,0
8238,A,42,71100.0,2.2,0.297,1,3,0
8239,A,30,56600.0,10.2,0.135,0,1,0
8240,A,37,46400.0,4.5,0.136,2,3,0
8241,A,37,49600.0,5.5,0.275,0,1,0
8242,B,34,57300.0,4.4,0.368,1,3,0
8243,B,28,16600.0,2.1,0.45,0,4,1
8244,A,29,28300.0,24.8,0.286,0,4,0
8245,B,47,49800.0,3.8,0.423,1,5,0
8246,A,26,21500.0,6.0,0.432,0,2,1
8247,A,39,30900.0,22.5,0.118,0,2,0
8248,B,48,57800.0,1.0,0.362,0,5,0
8249,A,28,59700.0,7.6,0.126,0,1,0
8250,B,54,19600.0,1.4,0.48,0,5,1
8251,A,42,47900.0,9.8,0.516,3,2,1
8252,B,29,17400.0,10.7,0.434,0,3,0
8253,A,40,117700.0,3.8,0.311,0,3,0
8254,A,31,28300.0,2.9,0.206,0,1,0
8255,A,29,30900.0,9.6,0.268,1,1,0
8256,A,51,51900.0,15.8,0.304,0,5,0
8257,A,66,30300.0,11.3,0.062,0,1,0
8258,A,37,67600.0,5.4,0.452,0,1,0
8259,A,50,47400.0,8.0,0.259,1,3,0
8260,B,25,31700.0,3.8,0.29,1,5,1
8261,A,47,84100.0,12.0,0.382,1,2,0
8262,A,21,38100.0,11.7,0.402,1,4,0
8263,A,49,24100.0,7.7,0.472,1,3,0
8264,A,44,54300.0,8.8,0.347,0,2,0
8265,A,28,42200.0,5.2,0.02,0,3,0
8266,A,46,28600.0,7.3,0.288,0,1,0
8267,A,58,38400.0,7.1,0.548,1,1,0
8268,A,29,45800.0,12.1,0.428,0,3,0
8269,B,53,45700.0,7.9,0.177,0,2,0
8270,A,46,30700.0,12.1,0.186,0,2,0
8271,A,38,61700.0,2.6,0.3,0,1,0
8272,A,42,17600.0,7.5,0.373,0,3,0
8273,A,33,21800.0,7.6,0.425,1,2,0
8274,A,48,18000.0,11.5,0.285,0,1,0
8275,A,36,61300.0,7.1,0.379,3,4,1
8276,A,45,28600.0,18.5,0.21,1,5,0
8277,A,31,25600.0,20.5,0.309,1,1,0
8278,A,66,35400.0,4.5,0.478,1,3,0
8279,A,33,37100.0,3.0,0.549,0,1,1
8280,B,43,36600.0,10.9,0.232,3,5,0
8281,A,65,41900.0,9.4,0.286,0,1,0
8282,A,45,29000.0,7.4,0.506,0,2,0
8283,A,50,39400.0,8.8,0.361,0,3,0
8284,B,25,45800.0,1.2,0.373,0,3,0
8285,B,30,28800.0,3.5,0.458,0,4,0
8286,A,21,40900.0,14.7,0.586,0,4,0
8287,A,37,15900.0,21.9,0.524,1,1,0
8288,A,25,28600.0,7.8,0.561,0,3,0
8289,A,24,37900.0,5.5,0.429,1,3,0
8290,A,21,35300.0,16.5,0.3,0,2,0
8291,A,58,52600.0,22.5,0.379,1,3,0
8292,B,48,39700.0,2.2,0.194,2,4,0
8293,A,25,41800.0,9.5,0.382,1,2,0
8294,B,36,22000.0,8.5,0.337,1,2,1
8295,A,31,23800.0,7.9,0.333,1,3,0
8296,A,25,87800.0,19.9,0.351,0,1,0
8297,B,49,16700.0,6.7,0.424,1,4,0
8298,B,35,42200.0,4.2,0.262,0,4,0
8299,A,40,43100.0,18.6,0.341,0,5,0
8300,A,22,15700.0,13.0,0.272,0,1,0
8301,A,21,37800.0,13.0,0.241,0,5,0
8302,A,65,30300.0,3.8,0.351,0,1,0
8303,B,33,40700.0,8.5,0.376,0,3,0
8304,A,56,25600.0,12.4,0.578,0,1,0
8305,A,33,56700.0,2.0,0.296,0,1,0
8306,A,25,16100.0,8.7,0.139,0,2,0
8307,B,24,60300.0,11.3,0.209,0,3,0
8308,A,46,56000.0,2.2,0.351,2,1,1
8309,A,51,33000.0,17.4,0.489,0,4,0
8310,A,47,61200.0,13.2,0.199,0,1,0
8311,A,30,63300.0,11.1,0.51,0,3,0
8312,A,35,38500.0,2.4,0.176,1,1,0
8313,A,30,35500.0,9.0,0.193,0,1,0
8314,B,55,32300.0,6.6,0.086,0,2,0
8315,A,34,26100.0,7.7,0.33,0,3,0
8316,A,33,19900.0,7.4,0.095,0,1,0
8317,A,33,61000.0,6.0,0.337,1,2,0
8318,A,48,51200.0,17.9,0.184,0,5,0
8319,A,36,99800.0,11.5,0.478,0,3,0
8320,A,41,27100.0,1.2,0.302,0,1,0
8321,B,57,48100.0,6.4,0.175,1,2,0
8322,A,23,30400.0,6.6,0.178,0,2,0
8323,A,21,33100.0,6.1,0.426,1,3,0
8324,A,31,24600.0,6.7,0.451,0,1,0
8325,A,29,101000.0,17.4,0.162,0,2,0
8326,A,42,29900.0,5.2,0.288,1,2,0
8327,A,45,83100.0,4.2,0.384,0,1,0
8328,A,27,25900.0,7.1,0.335,0,3,0
8329,A,33,38900.0,16.0,0.127,0,1,0
8330,A,40,32400.0,6.4,0.195,0,1,0
8331,A,48,20200.0,10.3,0.367,0,2,0
8332,A,43,49800.0,5.9,0.397,0,3,0
8333,A,56,25800.0,11.9,0.459,1,1,0
8334,A,49,32300.0,13.9,0.331,0,1,1
8335,A,33,57600.0,7.9,0.317,1,1,0
8336,B,45,73800.0,2.5,0.3,0,4,0
8337,B,50,22400.0,13.2,0.425,0,5,0
8338,A,34,49900.0,26.8,0.097,0,2,0
8339,B,31,47000.0,17.4,0.373,0,2,0
8340,B,39,34700.0,4.3,0.453,0,3,0
8341,A,40,54800.0,9.9,0.02,0,1,0
8342,A,46,18600.0,5.9,0.169,0,2,0
8343,B,35,37400.0,14.3,0.02,0,5,0
8344,A,41,36600.0,4.2,0.168,0,2,0
8345,A,57,24200.0,7.1,0.219,0,5,0
8346,A,21,22000.0,8.3,0.534,1,4,1
8347,A,33,33000.0,6.7,0.341,0,1,0
8348,A,29,22100.0,5.0,0.274,0,4,0
8349,A,42,33500.0,10.7,0.332,1,2,0
8350,B,39,41800.0,16.9,0.35,0,4,0
8351,A,42,36400.0,5.0,0.491,0,3,1
8352,A,30,30000.0,18.9,0.103,0,1,0
8353,A,51,53500.0,9.3,0.334,0,1,0
8354,B,24,39200.0,13.5,0.371,2,2,0
8355,A,35,57300.0,9.6,0.35,0,3,0
8356,A,44,50500.0,14.2,0.169,1,1,0
8357,A,26,19100.0,14.5,0.281,3,1,1
8358,A,48,39700.0,4.8,0.271,1,3,0
8359,A,70,70000.0,6.7,0.149,2,2,0
8360,A,39,102000.0,11.8,0.462,0,3,0
8361,B,40,30100.0,11.0,0.234,0,2,0
8362,A,41,95700.0,8.7,0.382,0,4,0
8363,A,42,57100.0,11.9,0.12,0,3,0
8364,A,47,25200.0,17.2,0.428,0,3,0
8365,B,36,67300.0,3.1,0.07,1,1,0
8366,A,33,26100.0,6.4,0.406,1,5,1
8367,A,47,63100.0,14.8,0.295,1,1,0
8368,B,52,32000.0,1.6,0.311,0,3,0
8369,A,34,40900.0,5.2,0.153,0,3,0
8370,A,72,25100.0,8.3,0.287,1,1,0
8371,A,42,30000.0,11.4,0.504,0,1,0
8372,A,30,97500.0,9.5,0.337,1,4,0
8373,A,35,28800.0,5.6,0.336,2,1,0
8374,A,35,31900.0,8.0,0.406,0,4,0
8375,B,34,33500.0,3.3,0.373,0,4,0
8376,A,50,49800.0,19.5,0.361,1,2,0
8377,B,36,24800.0,2.2,0.285,0,3,0
8378,B,34,25000.0,10.0,0.442,1,5,0
8379,A,35,43900.0,6.6,0.198,0,5,0
8380,B,30,27300.0,3.8,0.608,0,2,0
8381,A,23,36500.0,6.2,0.387,0,2,1
8382,A,59,31800.0,13.9,0.083,1,5,0
8383,A,40,23200.0,8.0,0.4,1,4,0
8384,B,59,23900.0,7.8,0.14,2,5,0
8385,A,46,43500.0,3.2,0.282,0,2,0
8386,A,55,56900.0,3.1,0.195,0,3,0
8387,B,26,50300.0,5.7,0.368,1,4,0
8388,A,38,40600.0,25.8,0.02,1,3,0
8389,B,21,28600.0,0.6,0.609,0,5,1
8390,A,51,50200.0,10.6,0.295,0,1,0
8391,A,26,60000.0,5.7,0.118,0,2,0
8392,A,21,46500.0,3.8,0.079,0,1,0
8393,A,44,38900.0,7.7,0.232,0,1,0
8394,B,43,34900.0,4.3,0.527,1,5,1
8395,A,58,46700.0,18.0,0.481,1,1,0
8396,A,44,20800.0,9.1,0.217,0,1,0
8397,A,54,44500.0,13.4,0.33,3,1,1
8398,B,39,24400.0,3.7,0.472,2,3,1
8399,A,49,24700.0,8.8,0.305,0,4,0
8400,A,25,46300.0,2.5,0.221,1,1,0
8401,A,48,32800.0,5.5,0.267,0,2,0
8402,A,46,39700.0,8.6,0.262,1,4,0
8403,A,33,36500.0,16.9,0.27,0,1,0
8404,B,33,22300.0,4.6,0.444,1,3,1
8405,B,30,36600.0,2.8,0.459,3,4,1
8406,A,55,80400.0,3.7,0.613,0,3,0
8407,A,51,29800.0,13.5,0.288,1,1,0
8408,B,51,19600.0,6.3,0.654,1,4,0
8409,A,50,40600.0,14.8,0.186,1,3,0
8410,A,31,25700.0,5.4,0.382,0,1,1
8411,A,53,48200.0,12.9,0.232,2,5,0
8412,A,56,36900.0,5.3,0.339,0,2,0
8413,A,26,63000.0,4.7,0.61,0,1,1
8414,A,46,37200.0,6.4,0.287,0,1,0
8415,B,34,34100.0,2.4,0.627,0,5,1
8416,A,42,45100.0,9.5,0.235,0,4,0
8417,A,59,55000.0,5.0,0.02,1,4,0
8418,A,23,31900.0,6.1,0.02,0,5,0
8419,B,47,20600.0,4.4,0.471,0,5,0
8420,A,42,52000.0,6.0,0.366,0,5,0
8421,A,37,76600.0,10.9,0.063,0,5,0
8422,A,40,51800.0,1.9,0.44,2,1,1
8423,B,63,36600.0,11.9,0.381,1,5,0
8424,A,55,77200.0,4.6,0.277,0,5,0
8425,A,40,44300.0,10.1,0.109,0,5,0
8426,A,58,33800.0,5.5,0.301,1,4,0
8427,B,67,47900.0,3.2,0.346,1,4,0
8428,A,50,31300.0,26.8,0.345,1,3,0
8429,B,62,32600.0,9.8,0.168,0,2,0
8430,A,23,38100.0,11.8,0.163,0,1,0
8431,A,65,59800.0,8.2,0.252,0,3,0
8432,A,49,27300.0,1.9,0.373,0,4,0
8433,A,53,18100.0,12.2,0.127,0,2,0
8434,A,47,46800.0,4.0,0.497,0,1,0
8435,A,49,53300.0,13.0,0.067,0,3,0
8436,A,24,75600.0,7.6,0.06,0,1,0
8437,B,35,24800.0,4.0,0.339,0,4,1
8438,A,36,44500.0,6.2,0.38,1,2,0
8439,A,36,24800.0,13.9,0.354,0,1,0
8440,A,34,58800.0,3.9,0.537,1,2,0
8441,A,58,31500.0,9.0,0.246,0,2,0
8442,B,33,8500.0,1.3,0.36,2,4,0
8443,A,23,15100.0,6.0,0.104,1,5,0
8444,A,27,32700.0,6.4,0.305,1,2,0
8445,B,31,27700.0,4.3,0.487,0,4,1
8446,A,45,38500.0,12.3,0.271,0,2,0
8447,A,21,42100.0,6.3,0.43,1,4,0
8448,A,39,24800.0,14.2,0.374,0,3,0
8449,B,40,20300.0,2.4,0.35,0,5,0
8450,A,21,45500.0,10.8,0.214,1,4,0
8451,A,48,64300.0,7.9,0.221,2,3,0
8452,A,21,20400.0,2.0,0.287,0,4,1
8453,A,48,117300.0,3.3,0.439,0,4,1
8454,B,57,23000.0,6.5,0.34,0,5,0
8455,A,37,24200.0,10.0,0.442,0,1,0
8456,A,66,47000.0,13.3,0.216,0,4,0
8457,B,29,18000.0,3.1,0.242,0,1,0
8458,B,21,30100.0,10.7,0.119,0,5,0
8459,A,23,36100.0,9.9,0.264,0,2,0
8460,A,41,83700.0,15.2,0.233,0,3,0
8461,A,26,15400.0,7.8,0.486,0,3,0
8462,A,33,36400.0,6.7,0.153,1,1,0
8463,B,41,26700.0,8.9,0.323,0,5,0
8464,A,22,45700.0,5.1,0.352,0,2,0
8465,B,49,17800.0,4.7,0.413,0,5,1
8466,B,57,22900.0,11.8,0.34,1,3,0
8467,B,38,45200.0,1.7,0.239,0,5,0
8468,A,21,49700.0,7.8,0.18,0,1,0
8469,B,55,33800.0,13.9,0.348,0,2,0
8470,A,54,61500.0,6.5,0.461,0,2,0
8471,A,54,66000.0,4.9,0.42,3,4,0
8472,A,37,36100.0,8.8,0.189,1,1,0
8473,A,44,43200.0,3.7,0.224,0,3,0
8474,A,21,22400.0,6.2,0.458,1,3,1
8475,A,44,81000.0,7.0,0.19,0,2,0
8476,A,53,69300.0,20.7,0.402,0,5,0
8477,A,57,67600.0,9.4,0.43,0,1,0
8478,A,33,29200.0,5.0,0.21,0,4,1
8479,B,21,40200.0,8.6,0.422,0,4,0
8480,A,54,27000.0,11.7,0.346,0,4,0
8481,B,44,47200.0,3.2,0.265,2,3,0
8482,B,42,26100.0,1.5,0.389,1,4,1
8483,A,21,43300.0,17.8,0.165,0,4,0
8484,A,36,29800.0,1.9,0.135,0,3,0
8485,A,22,45500.0,13.1,0.045,0,2,0
8486,A,63,27500.0,14.0,0.285,0,2,0
8487,A,56,29200.0,9.6,0.237,0,2,0
8488,A,31,36100.0,8.7,0.133,1,1,0
8489,A,50,45200.0,4.2,0.125,0,2,0
8490,A,29,74400.0,16.5,0.178,0,2,0
8491,A,56,36200.0,4.5,0.44,1,3,1
8492,B,36,44700.0,2.6,0.457,2,2,0
8493,B,21,35200.0,12.5,0.256,1,3,0
8494,A,54,27900.0,7.5,0.242,0,3,0
8495,A,41,28800.0,5.5,0.25,0,2,0
8496,A,41,27500.0,8.1,0.286,0,3,0
8497,A,67,42600.0,8.8,0.279,1,2,0
8498,A,56,16700.0,9.6,0.471,0,2,0
8499,A,41,73600.0,7.2,0.235,0,1,0
8500,A,53,45100.0,6.9,0.501,0,2,0
8501,A,46,19800.0,9.1,0.39,0,1,0
8502,A,25,36600.0,11.4,0.266,0,3,0
8503,A,33,40900.0,10.5,0.117,0,5,0
8504,A,36,20200.0,12.8,0.075,0,1,0
8505,A,53,61100.0,9.9,0.436,0,2,0
8506,A,50,32400.0,3.4,0.514,0,1,0
8507,A,41,49700.0,12.0,0.164,1,5,0
8508,A,56,57400.0,4.1,0.239,0,1,0
8509,B,30,69900.0,5.1,0.485,1,4,1
8510,A,21,25700.0,8.8,0.285,1,2,0
8511,A,39,61000.0,3.5,0.368,0,4,0
8512,A,61,52600.0,8.9,0.151,0,2,0
8513,A,54,38700.0,9.8,0.282,1,1,0
8514,A,49,57900.0,8.8,0.459,1,3,0
8515,B,46,35800.0,0.5,0.082,1,2,0
8516,A,50,46500.0,12.3,0.271,0,2,0
8517,B,28,18700.0,4.2,0.42,2,5,1
8518,A,39,56200.0,6.7,0.272,0,3,0
8519,A,37,71300.0,10.6,0.315,1,2,0
8520,A,57,69600.0,7.6,0.491,0,2,0
8521,B,49,40500.0,2.3,0.512,0,5,0
8522,A,39,46000.0,7.7,0.415,0,2,0
8523,B,21,28300.0,3.6,0.401,2,5,1
8524,A,30,42200.0,17.7,0.256,0,2,0
8525,A,54,20300.0,6.8,0.198,0,4,0
8526,B,21,12300.0,1.7,0.338,1,2,1
8527,A,33,27100.0,7.4,0.219,1,2,0
8528,A,39,50000.0,10.9,0.238,0,2,0
8529,A,32,33000.0,8.5,0.328,0,2,0
8530,B,46,29000.0,10.8,0.606,0,1,1
8531,A,42,29100.0,11.1,0.385,1,2,0
8532,A,21,37900.0,13.5,0.579,0,1,0
8533,A,55,56600.0,6.0,0.237,0,2,0
8534,A,47,33500.0,17.6,0.507,0,2,0
8535,B,37,48500.0,5.4,0.622,1,4,0
8536,A,53,37500.0,4.3,0.357,1,1,0
8537,B,49,13900.0,5.7,0.309,0,5,0
8538,A,59,36100.0,10.6,0.331,0,4,0
8539,A,41,28800.0,0.7,0.428,0,3,0
8540,A,46,26800.0,9.0,0.508,2,2,0
8541,A,56,90500.0,11.1,0.513,0,2,0
8542,A,43,27000.0,6.4,0.332,2,3,1
8543,A,41,33200.0,9.6,0.059,1,4,0
8544,A,50,43200.0,6.8,0.35,0,3,0
8545,A,38,32700.0,8.6,0.399,0,2,0
8546,A,33,28200.0,4.5,0.384,0,1,1
8547,B,55,19700.0,3.8,0.127,0,3,0
8548,A,27,67200.0,5.6,0.314,0,5,0
8549,A,44,67700.0,7.8,0.252,0,1,0
8550,A,36,28500.0,5.8,0.188,0,1,0
8551,A,39,23300.0,6.0,0.187,0,2,0
8552,A,56,35000.0,14.6,0.236,2,2,0
8553,A,49,18100.0,13.8,0.493,0,4,0
8554,A,42,26600.0,8.5,0.268,0,1,0
8555,A,30,54000.0,7.5,0.087,0,2,0
8556,A,58,32600.0,3.9,0.491,0,3,0
8557,A,36,77800.0,7.8,0.523,0,1,0
8558,A,21,36400.0,8.6,0.291,0,1,0
8559,B,40,17500.0,3.1,0.265,1,3,0
8560,A,48,27800.0,4.0,0.231,1,5,0
8561,B,32,74300.0,8.9,0.139,0,2,0
8562,B,48,19200.0,6.1,0.316,1,5,0
8563,A,37,32000.0,17.1,0.532,1,2,0
8564,B,47,19100.0,2.3,0.395,0,4,1
8565,A,31,30400.0,16.7,0.258,0,2,0
8566,A,55,56200.0,1.5,0.562,0,2,0
8567,B,42,16100.0,5.8,0.293,0,4,0
8568,A,47,47700.0,13.2,0.385,0,3,0
8569,B,54,20100.0,5.8,0.228,0,3,0
8570,A,34,38100.0,7.3,0.303,1,3,0
8571,A,45,59600.0,4.3,0.173,1,3,0
8572,A,41,45000.0,26.7,0.544,0,4,0
8573,A,35,66900.0,4.5,0.226,0,5,0
8574,B,27,58000.0,4.3,0.353,0,1,0
8575,A,39,29500.0,10.4,0.317,1,1,0
8576,A,51,68400.0,16.9,0.236,0,1,0
8577,A,21,32500.0,18.3,0.488,0,2,0
8578,A,39,56900.0,8.7,0.074,0,3,0
8579,A,38,27000.0,13.1,0.397,1,1,0
8580,A,32,52400.0,9.3,0.434,0,2,0
8581,B,34,70600.0,5.2,0.291,1,5,0
8582,A,46,50800.0,9.6,0.348,0,2,0
8583,A,33,40400.0,2.0,0.282,1,2,0
8584,A,33,36600.0,6.5,0.391,0,1,0
8585,A,59,29400.0,6.2,0.245,0,5,0
8586,A,39,43800.0,11.4,0.318,0,2,0
8587,A,60,64600.0,17.7,0.195,0,3,0
8588,A,58,31700.0,9.2,0.209,0,1,0
8589,A,31,35900.0,17.1,0.359,0,2,0
8590,A,36,48000.0,9.3,0.071,0,2,0
8591,A,35,27300.0,12.3,0.489,0,3,0
8592,B,29,40200.0,2.9,0.358,0,5,0
8593,B,42,31100.0,11.0,0.243,2,5,1
8594,B,60,19500.0,4.3,0.234,3,3,1
8595,B,32,32000.0,5.9,0.502,1,5,0
8596,B,22,32400.0,7.8,0.153,0,4,0
8597,B,38,27600.0,5.2,0.261,1,5,0
8598,B,38,60900.0,0.9,0.451,1,4,1
8599,B,33,37500.0,0.5,0.422,0,1,0
8600,A,29,35200.0,6.0,0.308,2,2,0
8601,A,53,39000.0,11.6,0.334,0,1,0
8602,A,26,43400.0,8.8,0.308,0,5,0
8603,B,26,29900.0,4.1,0.331,1,4,0
8604,B,42,27900.0,1.8,0.387,1,3,0
8605,A,32,25300.0,6.0,0.56,1,1,1
8606,A,49,35700.0,6.6,0.397,1,2,1
8607,A,43,62600.0,12.2,0.134,0,2,0
8608,A,38,21900.0,8.0,0.318,0,3,0
8609,A,46,32000.0,14.4,0.2,1,2,0
8610,B,72,24900.0,16.8,0.39,0,5,0
8611,A,32,56900.0,4.4,0.455,0,3,0
8612,B,40,26500.0,1.6,0.547,0,4,0
8613,A,28,53600.0,9.9,0.233,1,5,0
8614,A,52,34700.0,3.2,0.266,0,1,0
8615,B,45,66600.0,5.1,0.466,0,2,0
8616,B,45,24500.0,4.3,0.459,1,4,0
8617,A,45,24200.0,16.7,0.368,0,2,0
8618,B,25,41100.0,9.5,0.466,0,5,0
8619,A,36,54400.0,6.1,0.392,2,4,1
8620,A,38,80400.0,6.9,0.229,0,3,0
8621,B,44,64500.0,1.8,0.43,0,4,0
8622,A,39,44700.0,7.9,0.278,1,4,0
8623,B,41,35900.0,4.1,0.601,1,3,1
8624,A,41,38200.0,6.2,0.466,0,4,0
8625,A,21,36500.0,19.5,0.178,1,1,0
8626,A,53,59200.0,12.6,0.341,0,3,0
8627,A,29,51300.0,11.9,0.562,0,3,0
8628,A,25,18100.0,5.1,0.553,0,1,0
8629,B,21,19800.0,0.4,0.617,0,4,1
8630,A,35,75400.0,12.6,0.459,0,2,0
8631,A,38,38100.0,15.6,0.594,0,1,0
8632,A,25,117000.0,9.8,0.517,1,1,0
8633,A,41,89100.0,9.8,0.357,0,1,0
8634,A,33,45000.0,4.7,0.242,1,1,0
8635,B,49,24100.0,10.9,0.206,0,5,0
8636,A,49,43400.0,5.8,0.085,0,1,0
8637,A,42,63000.0,4.1,0.34,3,3,0
8638,A,55,66600.0,13.0,0.35,0,1,0
8639,A,32,37300.0,6.2,0.351,0,5,0
8640,A,31,37100.0,3.8,0.357,3,5,1
8641,B,61,37400.0,12.2,0.242,0,4,0
8642,A,35,44300.0,4.0,0.071,1,2,0
8643,A,21,37400.0,9.2,0.363,0,3,0
8644,A,54,17400.0,4.6,0.386,0,3,1
8645,B,54,30200.0,4.6,0.273,0,5,0
8646,A,21,26200.0,12.6,0.334,0,1,0
8647,B,29,17400.0,2.2,0.315,0,4,0
8648,A,52,30500.0,8.6,0.108,1,2,0
8649,B,39,38700.0,5.4,0.294,2,5,0
8650,A,32,53400.0,17.1,0.056,0,4,0
8651,A,36,37900.0,6.7,0.325,1,3,0
8652,A,53,31000.0,3.3,0.241,0,1,0
8653,A,34,69800.0,9.7,0.317,0,1,0
8654,B,51,79500.0,5.2,0.398,0,2,0
8655,A,50,57500.0,4.8,0.264,0,3,0
8656,B,39,30300.0,3.8,0.297,1,3,0
8657,A,56,34800.0,10.4,0.533,0,5,0
8658,A,21,33400.0,2.5,0.224,0,1,0
8659,A,61,26600.0,6.2,0.241,1,2,0
8660,A,48,30100.0,20.8,0.332,0,2,0
8661,A,52,83900.0,3.5,0.269,0,4,0
8662,A,37,50100.0,15.9,0.343,0,4,0
8663,B,50,22900.0,12.9,0.287,0,5,0
8664,A,52,28600.0,3.7,0.487,0,3,0
8665,B,21,24300.0,13.4,0.221,0,4,0
8666,A,50,68900.0,9.7,0.318,0,3,0
8667,A,42,39100.0,5.5,0.303,1,2,1
8668,A,25,37200.0,6.8,0.416,0,2,0
8669,A,38,40400.0,12.6,0.36,0,1,0
8670,A,48,28600.0,6.9,0.083,0,1,0
8671,A,46,41800.0,6.9,0.234,0,2,0
8672,A,21,23800.0,2.7,0.198,0,1,0
8673,B,49,29300.0,3.8,0.392,1,3,0
8674,B,28,29200.0,3.3,0.42,0,4,0
8675,A,57,26600.0,14.0,0.402,0,4,0
8676,B,41,60100.0,13.6,0.212,0,5,0
8677,A,27,30100.0,4.3,0.306,0,3,0
8678,A,45,53700.0,9.2,0.38,1,4,0
8679,A,55,57700.0,23.7,0.48,0,4,0
8680,A,37,43000.0,5.4,0.378,0,1,0
8681,A,42,42800.0,13.9,0.353,2,1,0
8682,A,66,35500.0,7.6,0.363,0,2,0
8683,A,60,36000.0,13.7,0.265,3,3,0
8684,A,29,40000.0,11.0,0.31,1,1,0
8685,B,45,36900.0,7.5,0.631,1,1,1
8686,A,21,20000.0,5.7,0.397,0,3,0
8687,A,57,38000.0,13.5,0.276,0,4,0
8688,A,56,51500.0,8.3,0.084,0,4,0
8689,B,27,28600.0,5.6,0.383,0,2,0
8690,A,32,16200.0,3.7,0.469,0,5,0
8691,A,40,32100.0,10.6,0.484,0,1,0
8692,A,28,42200.0,15.9,0.323,0,2,0
8693,A,47,73900.0,3.8,0.326,1,1,0
8694,A,40,101500.0,5.9,0.151,0,1,0
8695,B,39,17400.0,2.8,0.457,1,2,1
8696,B,31,37400.0,1.0,0.271,0,2,0
8697,A,52,26200.0,8.3,0.524,0,1,1
8698,A,53,15300.0,6.6,0.364,1,5,0
8699,A,34,46600.0,16.6,0.44,0,3,0
8700,A,33,28100.0,29.1,0.326,0,4,0
8701,B,41,26300.0,6.9,0.468,0,4,0
8702,A,25,28500.0,9.2,0.138,0,3,0
8703,A,37,35700.0,7.4,0.384,0,2,0
8704,A,40,52600.0,4.3,0.482,0,1,0
8705,B,42,21600.0,5.3,0.339,1,4,1
8706,A,41,33300.0,2.5,0.159,0,1,0
8707,A,54,26400.0,6.8,0.243,2,1,0
8708,A,31,42800.0,8.2,0.362,0,5,0
8709,A,45,77500.0,12.4,0.343,1,2,0
8710,A,35,67200.0,17.3,0.359,0,1,0
8711,A,44,68500.0,4.0,0.284,0,1,0
8712,B,46,35500.0,2.1,0.217,1,4,0
8713,A,35,26500.0,17.2,0.317,0,2,0
8714,B,53,31800.0,2.2,0.551,1,5,1
8715,B,37,18500.0,2.2,0.306,0,4,1
8716,A,23,42100.0,15.2,0.378,1,1,0
8717,A,38,40300.0,3.5,0.209,1,2,0
8718,A,40,18700.0,3.3,0.261,1,2,1
8719,B,40,27000.0,4.6,0.31,2,5,0
8720,A,31,35300.0,15.0,0.314,2,3,1
8721,B,63,32700.0,8.8,0.198,1,4,0
8722,B,46,34900.0,7.1,0.344,1,2,0
8723,B,29,24100.0,7.3,0.117,0,2,0
8724,A,55,43100.0,3.2,0.346,2,1,1
8725,A,25,18800.0,6.6,0.25,0,5,0
8726,B,38,82100.0,4.3,0.451,1,5,0
8727,A,46,36900.0,3.6,0.258,0,2,1
8728,B,27,20300.0,4.7,0.246,0,5,0
8729,A,34,49300.0,6.6,0.157,0,4,0
8730,A,37,42700.0,10.1,0.237,0,2,0
8731,B,43,51500.0,2.4,0.273,2,5,0
8732,A,48,50400.0,15.8,0.473,1,2,0
8733,A,59,56000.0,19.6,0.164,0,5,0
8734,A,30,20700.0,20.4,0.351,0,4,0
8735,A,55,24200.0,17.0,0.182,0,2,0
8736,B,49,10800.0,2.5,0.483,0,3,0
8737,A,21,48800.0,15.2,0.514,1,2,0
8738,A,36,38000.0,12.5,0.195,0,2,0
8739,A,43,61700.0,12.1,0.378,1,1,0
8740,B,24,38900.0,7.9,0.354,1,4,0
8741,A,49,44100.0,9.0,0.13,1,3,0
8742,A,29,77200.0,2.9,0.436,1,1,0
8743,A,65,48600.0,5.2,0.441,0,2,0
8744,A,38,38100.0,17.1,0.53,0,1,0
8745,A,39,41900.0,8.7,0.199,0,2,0
8746,B,31,76500.0,5.7,0.357,0,1,0
8747,A,24,53000.0,10.1,0.575,1,3,0
8748,A,50,40800.0,6.5,0.485,0,1,0
8749,A,44,44700.0,4.1,0.224,1,1,0
8750,A,29,51200.0,7.3,0.13,0,3,0
8751,A,45,46400.0,7.3,0.288,1,3,0
8752,A,47,34400.0,7.0,0.415,0,3,0
8753,A,21,39400.0,7.4,0.121,0,2,0
8754,B,25,23100.0,2.8,0.292,0,5,0
8755,A,58,43800.0,8.7,0.23,0,5,0
8756,B,43,20800.0,10.6,0.527,0,4,0
8757,A,21,20900.0,3.8,0.255,0,1,0
8758,A,39,25700.0,8.0,0.529,1,1,0
8759,A,57,27100.0,9.4,0.089,0,2,0
8760,A,35,74700.0,3.6,0.26,0,2,0
8761,A,53,46400.0,13.4,0.198,0,2,0
8762,A,53,64400.0,17.0,0.421,1,1,0
8763,A,49,37200.0,10.3,0.304,0,1,0
8764,A,58,25500.0,10.0,0.257,1,2,0
8765,A,60,39900.0,7.1,0.53,0,3,0
8766,B,44,45700.0,6.7,0.619,0,3,0
8767,B,42,19200.0,2.9,0.466,1,5,1
8768,B,56,41200.0,4.3,0.512,2,3,1
8769,A,32,52300.0,9.0,0.488,0,1,0
8770,A,21,46400.0,10.3,0.196,0,2,0
8771,A,59,50800.0,8.5,0.361,1,2,0
8772,B,42,33800.0,2.8,0.218,0,3,0
8773,A,31,46400.0,10.7,0.252,0,1,0
8774,B,44,39400.0,5.7,0.321,0,4,0
8775,B,42,19400.0,2.1,0.556,1,1,0
8776,A,52,21100.0,9.5,0.125,0,1,0
8777,A,45,28000.0,10.6,0.371,0,2,0
8778,A,51,40100.0,17.3,0.304,1,3,0
8779,A,52,31400.0,8.0,0.526,0,1,0
8780,B,75,19700.0,10.3,0.318,1,5,0
8781,A,30,40400.0,8.4,0.451,2,1,0
8782,A,25,19900.0,8.0,0.158,0,3,0
8783,A,40,52400.0,13.4,0.502,1,2,0
8784,A,41,30700.0,7.3,0.406,0,1,0
8785,B,46,30500.0,18.8,0.456,0,5,0
8786,B,42,45700.0,13.3,0.314,0,3,0
8787,B,52,22000.0,4.5,0.405,0,2,0
8788,B,38,18200.0,2.5,0.354,1,4,0
8789,A,47,29800.0,14.2,0.347,0,2,0
8790,A,36,45200.0,12.3,0.094,0,1,0
8791,A,36,30800.0,5.0,0.432,0,1,0
8792,B,53,51000.0,1.2,0.116,2,4,1
8793,A,27,27200.0,16.5,0.275,0,3,0
8794,B,21,51900.0,3.5,0.02,1,4,0
8795,B,65,34500.0,4.4,0.488,0,4,0
8796,B,67,26800.0,11.6,0.387,0,4,0
8797,A,36,23000.0,6.1,0.603,0,1,0
8798,B,44,37200.0,0.6,0.292,0,5,0
8799,A,44,30000.0,6.1,0.22,0,2,0
8800,A,50,57500.0,4.0,0.481,0,1,0
8801,A,42,23800.0,1.7,0.606,0,1,0
8802,A,32,31500.0,6.1,0.31,1,3,0
8803,A,36,20100.0,8.0,0.269,1,3,0
8804,B,22,27600.0,9.9,0.331,0,5,0
8805,A,38,35000.0,10.1,0.255,0,1,0
8806,A,42,27300.0,12.2,0.436,1,4,0
8807,A,51,30000.0,7.1,0.352,0,1,0
8808,A,30,36000.0,2.3,0.321,1,3,0
8809,A,35,30400.0,12.8,0.179,0,2,0
8810,B,26,38900.0,9.1,0.589,1,2,0
8811,B,37,28400.0,13.0,0.511,2,5,1
8812,A,48,20900.0,8.3,0.427,0,3,0
8813,A,62,36700.0,5.9,0.469,0,3,0
8814,A,48,55900.0,21.3,0.383,0,3,0
8815,A,54,42700.0,14.1,0.066,1,2,0
8816,A,30,40000.0,5.9,0.246,0,1,0
8817,A,38,40100.0,7.7,0.258,0,4,0
8818,A,43,22200.0,13.9,0.378,1,2,0
8819,B,55,40400.0,2.8,0.366,0,4,0
8820,A,40,33100.0,13.8,0.274,0,1,0
8821,A,43,21800.0,14.1,0.502,1,3,0
8822,A,30,74200.0,26.7,0.388,1,2,0
8823,A,55,39500.0,14.8,0.338,0,2,0
8824,A,24,23400.0,7.5,0.284,0,1,0
8825,A,53,41800.0,6.1,0.213,0,3,0
8826,A,28,11500.0,4.8,0.362,0,2,0
8827,A,68,47800.0,7.4,0.168,0,5,0
8828,A,34,20500.0,11.8,0.384,0,3,0
8829,A,31,40000.0,3.7,0.341,1,3,0
8830,B,32,35500.0,10.6,0.579,1,2,0
8831,A,42,23300.0,9.4,0.356,0,1,1
8832,B,38,27600.0,2.8,0.321,0,4,0
8833,A,38,34400.0,11.3,0.172,1,2,0
8834,A,46,33600.0,9.1,0.478,0,1,0
8835,A,43,53300.0,11.2,0.352,0,2,0
8836,A,46,22500.0,8.3,0.421,0,1,0
8837,A,37,18700.0,6.8,0.287,0,1,0
8838,A,55,29900.0,4.8,0.51,1,1,1
8839,A,28,22800.0,8.7,0.554,0,3,1
8840,A,45,47800.0,8.6,0.639,1,1,0
8841,A,46,24300.0,6.4,0.141,0,1,0
8842,A,29,33800.0,1.8,0.178,0,3,0
8843,B,28,42400.0,2.9,0.504,1,5,1
8844,A,33,37600.0,7.4,0.435,0,2,0
8845,A,49,63200.0,10.1,0.506,0,2,0
8846,B,53,29200.0,10.7,0.343,1,5,0
8847,A,22,38100.0,9.2,0.439,0,2,0
8848,A,43,67700.0,7.2,0.057,0,2,0
8849,A,49,56500.0,2.6,0.627,0,1,0
8850,A,28,56600.0,10.2,0.239,0,4,0
8851,A,56,66600.0,5.6,0.118,1,4,0
8852,A,21,28300.0,20.1,0.311,0,4,0
8853,A,45,39000.0,10.1,0.329,1,1,0
8854,A,35,20000.0,12.1,0.504,0,1,0
8855,A,32,43200.0,16.6,0.325,1,3,0
8856,A,47,17700.0,7.2,0.221,0,1,0
8857,A,45,63300.0,10.7,0.123,2,1,0
8858,B,32,25200.0,8.9,0.393,2,3,1
8859,A,36,90700.0,6.3,0.301,1,3,0
8860,A,43,73800.0,2.6,0.104,0,1,0
8861,A,32,42900.0,6.4,0.443,0,3,0
8862,A,28,16100.0,8.0,0.23,2,5,0
8863,A,45,48500.0,22.0,0.41,0,3,0
8864,A,45,27600.0,3.9,0.466,0,1,1
8865,B,39,33800.0,2.3,0.181,1,2,0
8866,B,50,30600.0,6.3,0.259,1,5,0
8867,A,48,73900.0,11.3,0.392,1,3,0
8868,A,54,31300.0,10.6,0.199,2,1,0
8869,A,36,20400.0,7.4,0.316,1,3,0
8870,A,62,36900.0,12.3,0.635,2,4,1
8871,A,43,17400.0,1.6,0.41,1,2,0
8872,A,41,43200.0,5.6,0.179,0,1,0
8873,B,37,24300.0,1.5,0.244,0,2,0
8874,B,44,25500.0,3.6,0.379,0,3,0
8875,B,34,43700.0,5.4,0.595,0,5,1
8876,A,35,131400.0,9.3,0.293,1,3,0
8877,A,42,46200.0,9.0,0.232,0,2,0
8878,A,43,29000.0,3.3,0.406,0,2,1
8879,B,46,37800.0,2.4,0.184,0,4,0
8880,B,31,42200.0,5.2,0.299,0,4,0
8881,A,58,28500.0,9.0,0.211,0,3,0
8882,A,34,38300.0,8.3,0.351,2,1,1
8883,A,31,22800.0,2.8,0.02,1,3,0
8884,A,50,51200.0,7.9,0.408,0,1,0
8885,A,28,33500.0,6.7,0.457,1,3,0
8886,B,46,17200.0,4.6,0.598,0,5,1
8887,A,41,31200.0,8.4,0.424,1,1,1
8888,A,30,30200.0,9.1,0.371,1,1,0
8889,A,57,22800.0,7.5,0.452,0,2,1
8890,A,35,59400.0,9.3,0.351,0,2,0
8891,A,33,31100.0,17.6,0.33,1,5,0
8892,A,46,34100.0,16.0,0.512,2,2,0
8893,B,32,18100.0,4.6,0.344,0,3,0
8894,B,48,16400.0,4.9,0.352,2,5,1
8895,A,40,45000.0,9.7,0.327,0,3,0
8896,B,55,41600.0,4.8,0.208,0,2,0
8897,A,33,94200.0,8.3,0.476,1,3,0
8898,B,35,24400.0,4.2,0.246,0,3,0
8899,B,25,26100.0,9.0,0.417,0,5,0
8900,A,40,49800.0,9.3,0.353,1,1,0
8901,B,39,61400.0,2.7,0.342,0,5,0
8902,B,34,30800.0,6.3,0.29,2,3,0
8903,B,33,18100.0,6.3,0.646,2,4,1
8904,A,35,69400.0,13.2,0.31,0,5,0
8905,A,27,24000.0,5.5,0.02,1,1,0
8906,A,35,46500.0,14.6,0.336,0,1,0
8907,A,52,51500.0,11.7,0.438,0,3,0
8908,A,54,19900.0,11.2,0.259,0,2,0
8909,A,49,25600.0,8.4,0.236,1,1,0
8910,B,42,37500.0,4.7,0.32,1,3,0
8911,A,32,57500.0,5.5,0.319,0,1,0
8912,A,42,25600.0,9.9,0.376,1,1,0
8913,B,44,71900.0,9.0,0.463,1,4,0
8914,A,44,49300.0,3.2,0.351,0,4,0
8915,A,28,79500.0,5.9,0.527,0,3,0
8916,A,36,63900.0,11.5,0.221,0,2,0
8917,A,24,25700.0,5.4,0.327,0,2,0
8918,B,26,43200.0,7.6,0.497,0,5,1
8919,A,21,59000.0,13.5,0.242,0,1,0
8920,A,40,46500.0,12.5,0.332,0,1,0
8921,A,41,70100.0,10.5,0.38,2,3,0
8922,A,46,64600.0,9.8,0.152,0,2,0
8923,A,39,74300.0,7.5,0.168,1,1,0
8924,A,27,27500.0,18.0,0.151,0,5,0
8925,A,65,24200.0,8.4,0.459,0,2,0
8926,A,39,45200.0,6.8,0.463,0,3,0
8927,B,57,31400.0,3.5,0.51,0,2,0
8928,A,24,45400.0,6.1,0.109,0,3,0
8929,A,36,66900.0,6.7,0.165,0,2,0
8930,A,38,28200.0,2.6,0.276,0,1,0
8931,A,47,60600.0,15.3,0.331,1,5,0
8932,A,35,24800.0,6.7,0.057,0,3,0
8933,B,39,32700.0,4.7,0.52,1,1,0
8934,B,56,26900.0,4.0,0.35,0,4,1
8935,A,49,35300.0,7.1,0.31,2,2,0
8936,B,46,40900.0,5.3,0.333,1,4,0
8937,A,43,37100.0,18.8,0.136,0,2,0
8938,B,32,34000.0,12.7,0.622,2,4,0
8939,A,43,27700.0,6.0,0.397,1,1,0
8940,A,57,46800.0,9.2,0.217,0,3,0
8941,B,51,27900.0,8.0,0.094,0,4,0
8942,B,53,18900.0,6.2,0.529,1,5,1
8943,B,44,30700.0,4.1,0.359,0,4,0
8944,A,43,26000.0,3.6,0.257,1,2,0
8945,B,39,24300.0,2.1,0.32,1,5,0
8946,A,44,56600.0,11.6,0.535,0,1,0
8947,A,21,45200.0,10.5,0.673,0,4,0
8948,B,40,16900.0,2.4,0.462,0,4,0
8949,A,54,37400.0,10.9,0.34,1,1,0
8950,A,41,48400.0,9.8,0.211,0,1,0
8951,B,49,46400.0,7.9,0.259,1,4,0
8952,A,30,25000.0,12.5,0.417,0,3,0
8953,B,36,51300.0,2.8,0.356,1,5,0
8954,A,38,61600.0,7.2,0.199,0,4,0
8955,A,30,50000.0,13.7,0.345,0,4,0
8956,B,59,28400.0,12.7,0.339,0,4,0
8957,A,39,35000.0,12.2,0.434,2,2,1
8958,A,51,56600.0,13.6,0.133,0,3,0
8959,A,32,23900.0,12.7,0.316,1,3,0
8960,B,56,25100.0,10.4,0.276,0,4,0
8961,A,70,37900.0,8.7,0.386,0,5,0
8962,A,48,38400.0,10.0,0.448,0,1,0
8963,B,56,45700.0,3.7,0.171,0,4,0
8964,A,39,27900.0,7.9,0.423,0,4,0
8965,B,41,30100.0,0.2,0.435,0,2,0
8966,B,32,35900.0,2.6,0.402,0,3,0
8967,B,45,22700.0,4.4,0.247,0,2,0
8968,A,42,17500.0,7.8,0.517,1,4,0
8969,A,29,67200.0,7.8,0.258,0,4,0
8970,A,35,42700.0,2.4,0.142,0,2,0
8971,A,37,26500.0,15.4,0.276,0,1,0
8972,A,47,28300.0,11.1,0.313,0,2,0
8973,A,42,29400.0,6.5,0.246,0,4,0
8974,A,45,29800.0,9.5,0.453,0,2,0
8975,A,46,21000.0,13.3,0.168,0,3,0
8976,A,55,31900.0,16.5,0.299,1,2,0
8977,A,34,26900.0,7.6,0.201,0,1,0
8978,B,50,50100.0,9.4,0.29,1,2,0
8979,B,42,24100.0,3.0,0.514,0,2,0
8980,A,21,56600.0,6.9,0.287,2,3,1
8981,B,40,21100.0,12.2,0.214,0,4,0
8982,A,40,25300.0,22.0,0.376,0,1,0
8983,A,26,60000.0,3.7,0.404,0,4,0
8984,A,22,40300.0,9.3,0.302,0,1,1
8985,B,38,25500.0,0.7,0.202,1,5,0
8986,A,48,45900.0,5.6,0.466,0,3,1
8987,B,21,36300.0,11.4,0.484,1,4,0
8988,B,40,40700.0,2.6,0.362,0,2,0
8989,A,53,29400.0,6.7,0.288,0,1,0
8990,A,44,28500.0,10.9,0.436,1,3,0
8991,B,58,30400.0,3.8,0.522,2,4,0
8992,A,50,36200.0,14.2,0.381,1,5,0
8993,A,49,37900.0,9.4,0.265,0,4,0
8994,B,31,37500.0,7.2,0.254,1,4,0
8995,A,48,31000.0,5.7,0.216,0,1,0
8996,A,36,19500.0,5.8,0.412,0,1,0
8997,A,46,29700.0,6.7,0.208,0,4,0
8998,A,40,41500.0,25.6,0.376,0,4,0
8999,A,47,47500.0,7.6,0.263,0,3,0
9000,A,48,22600.0,13.3,0.137,0,1,0
9001,A,46,44700.0,5.0,0.264,0,5,0
9002,B,36,33500.0,6.2,0.46,2,3,0
9003,A,36,46600.0,13.3,0.414,0,1,0
9004,B,43,27000.0,7.9,0.368,0,5,0
9005,A,44,18400.0,17.5,0.332,1,3,0
9006,A,59,63700.0,14.7,0.178,0,4,0
9007,A,32,36100.0,27.4,0.32,3,4,0
9008,A,49,63200.0,8.2,0.377,0,1,0
9009,A,34,134400.0,2.6,0.3,0,2,1
9010,A,44,48200.0,16.2,0.131,0,1,0
9011,B,21,16500.0,0.3,0.185,0,5,0
9012,B,36,41200.0,7.4,0.377,1,2,0
9013,A,36,32100.0,11.8,0.332,0,4,0
9014,A,22,52500.0,14.2,0.246,1,4,0
9015,A,36,35700.0,15.7,0.2,0,1,0
9016,A,52,18200.0,12.5,0.093,0,3,0
9017,A,32,32400.0,13.5,0.318,1,1,1
9018,A,53,33000.0,1.3,0.309,0,2,0
9019,A,32,20100.0,15.8,0.325,0,3,0
9020,B,33,28000.0,7.3,0.427,1,2,0
9021,A,31,45600.0,6.3,0.378,0,1,0
9022,A,41,64000.0,8.4,0.076,1,2,0
9023,A,23,37400.0,10.3,0.1,0,2,0
9024,A,52,16100.0,7.2,0.314,0,2,0
9025,A,32,31700.0,6.2,0.099,1,1,0
9026,A,54,22700.0,5.9,0.345,0,3,0
9027,A,27,64700.0,4.6,0.512,2,2,0
9028,A,43,62400.0,5.2,0.33,0,3,0
9029,B,51,24000.0,3.0,0.247,0,5,0
9030,A,32,53700.0,7.7,0.349,0,1,0
9031,A,27,46900.0,9.7,0.02,1,3,0
9032,B,75,38300.0,5.8,0.463,0,4,0
9033,A,48,59600.0,10.5,0.337,0,1,0
9034,A,53,41500.0,14.2,0.214,0,2,0
9035,A,25,88400.0,5.3,0.204,0,2,0
9036,A,44,32900.0,8.7,0.072,0,2,0
9037,B,60,46200.0,0.1,0.292,0,4,1
9038,A,59,24300.0,6.0,0.356,0,1,0
9039,A,41,16900.0,12.1,0.398,0,3,0
9040,A,22,34700.0,8.3,0.406,1,5,1
9041,A,44,58400.0,18.0,0.471,1,2,0
9042,A,50,49700.0,10.4,0.236,0,2,0
9043,A,51,66400.0,12.9,0.197,0,2,0
9044,B,51,65200.0,2.4,0.366,1,3,0
9045,B,43,30800.0,13.0,0.232,0,2,0
9046,A,53,50100.0,7.5,0.181,2,4,1
9047,B,39,44800.0,7.9,0.284,0,4,0
9048,A,62,26400.0,2.6,0.079,0,2,0
9049,A,43,52300.0,2.7,0.282,0,1,0
9050,A,56,26500.0,7.7,0.235,0,1,0
9051,A,32,42800.0,2.7,0.308,0,1,0
9052,A,42,37900.0,9.5,0.501,2,1,1
9053,A,54,45300.0,4.3,0.389,0,4,1
9054,A,42,25100.0,8.0,0.365,0,3,0
9055,B,51,19500.0,7.9,0.161,0,4,0
9056,A,28,25000.0,5.9,0.3,0,1,0
9057,B,49,20600.0,7.0,0.425,1,2,0
9058,A,42,25100.0,6.4,0.306,1,3,0
9059,B,24,31700.0,0.8,0.229,0,1,0
9060,A,33,26900.0,10.2,0.208,0,1,0
9061,B,41,22600.0,4.2,0.201,1,3,0
9062,A,26,29900.0,4.7,0.338,1,1,0
9063,A,47,49900.0,15.1,0.247,0,4,0
9064,A,21,87100.0,26.1,0.079,1,2,0
9065,A,54,22500.0,10.8,0.413,0,2,0
9066,A,31,21700.0,6.8,0.479,0,4,0
9067,A,43,47800.0,13.1,0.355,1,1,0
9068,B,41,62400.0,1.3,0.398,1,3,1
9069,A,27,26700.0,5.7,0.213,0,1,0
9070,A,48,34700.0,12.2,0.186,0,1,1
9071,B,22,22800.0,5.4,0.298,0,5,0
9072,A,21,35200.0,8.3,0.374,0,1,0
9073,A,26,46200.0,14.3,0.072,0,2,0
9074,A,60,52800.0,6.4,0.317,1,1,0
9075,B,51,17000.0,3.8,0.143,0,4,0
9076,A,48,45400.0,8.6,0.352,0,4,0
9077,A,32,47300.0,12.4,0.369,1,1,0
9078,B,46,27700.0,5.1,0.325,0,4,0
9079,B,40,24700.0,6.4,0.387,0,5,0
9080,A,37,51600.0,9.6,0.458,0,2,1
9081,A,39,36600.0,2.9,0.379,1,4,0
9082,B,44,51700.0,2.9,0.252,0,5,0
9083,A,26,52200.0,8.9,0.441,0,2,0
9084,B,47,22600.0,5.8,0.179,0,4,0
9085,B,47,30000.0,13.5,0.351,0,4,0
9086,A,35,63900.0,9.8,0.357,0,1,0
9087,A,49,34300.0,7.6,0.352,0,2,1
9088,B,44,31900.0,4.7,0.46,0,4,0
9089,B,70,26300.0,6.6,0.62,1,4,0
9090,A,46,41700.0,8.7,0.387,0,2,0
9091,A,45,42200.0,7.9,0.499,1,1,0
9092,A,21,34000.0,6.1,0.249,0,1,0
9093,B,39,32200.0,3.7,0.44,1,5,1
9094,A,59,30800.0,5.8,0.255,1,3,0
9095,B,29,18300.0,8.8,0.512,0,4,1
9096,A,45,50500.0,15.3,0.195,1,4,0
9097,A,61,39100.0,4.0,0.278,3,2,0
9098,B,53,38800.0,6.7,0.383,0,3,0
9099,B,41,39300.0,10.8,0.343,0,4,1
9100,B,31,37300.0,8.2,0.453,0,4,0
9101,A,50,29100.0,29.2,0.299,0,2,0
9102,A,40,28400.0,5.0,0.325,1,4,0
9103,A,40,29900.0,10.5,0.339,0,2,0
9104,B,38,16900.0,4.8,0.454,0,2,0
9105,A,54,36300.0,18.3,0.242,1,1,0
9106,B,57,18900.0,10.2,0.37,0,5,0
9107,A,28,39200.0,6.3,0.238,0,3,0
9108,A,37,17900.0,10.4,0.491,0,1,0
9109,A,41,29000.0,8.1,0.41,1,1,0
9110,A,43,36100.0,6.0,0.221,2,2,0
9111,A,49,58900.0,30.0,0.366,0,2,0
9112,A,35,46500.0,8.8,0.418,0,2,0
9113,A,32,34100.0,6.3,0.282,1,3,0
9114,A,51,25700.0,3.0,0.33,1,1,0
9115,B,40,21500.0,2.7,0.292,0,5,0
9116,A,58,46200.0,11.5,0.24,1,1,0
9117,A,51,59800.0,6.8,0.204,0,1,0
9118,A,35,27600.0,9.9,0.35,1,1,0
9119,A,23,37600.0,14.7,0.363,1,3,0
9120,A,65,21900.0,7.5,0.391,0,3,0
9121,A,37,15800.0,8.5,0.627,0,4,1
9122,A,37,41500.0,7.9,0.187,0,1,0
9123,A,47,52700.0,11.3,0.202,0,5,0
9124,B,55,54400.0,7.6,0.347,0,4,0
9125,A,41,17400.0,4.0,0.171,0,5,0
9126,A,66,23800.0,13.4,0.166,0,3,0
9127,B,22,33600.0,2.8,0.415,2,3,1
9128,A,21,36100.0,4.2,0.333,0,5,0
9129,A,21,31700.0,9.2,0.285,0,5,0
9130,A,43,58000.0,8.1,0.259,0,4,0
9131,A,49,50700.0,5.6,0.317,0,5,0
9132,A,21,31700.0,7.2,0.409,0,2,1
9133,A,36,27800.0,5.2,0.198,0,5,0
9134,A,38,16700.0,11.7,0.387,0,2,0
9135,A,48,17300.0,6.0,0.13,1,3,0
9136,B,58,49700.0,11.4,0.559,0,5,0
9137,B,56,66400.0,9.1,0.405,1,5,0
9138,A,39,32200.0,3.6,0.34,0,1,0
9139,A,27,31800.0,7.6,0.325,0,5,0
9140,A,30,114500.0,14.0,0.527,0,3,0
9141,A,49,13300.0,5.0,0.304,0,1,0
9142,B,62,42000.0,6.5,0.328,0,5,0
9143,A,51,33200.0,7.2,0.356,3,3,0
9144,A,51,55900.0,14.7,0.171,0,1,0
9145,A,50,65000.0,7.5,0.435,1,3,0
9146,B,50,50200.0,6.2,0.551,0,2,0
9147,B,38,19600.0,6.6,0.506,0,4,0
9148,A,69,48200.0,5.9,0.373,0,3,0
9149,A,43,40700.0,12.7,0.37,0,1,0
9150,A,55,47300.0,4.5,0.149,0,2,0
9151,A,36,32600.0,14.2,0.061,1,2,0
9152,A,39,94700.0,12.6,0.296,2,2,0
9153,A,38,46000.0,8.6,0.366,0,3,0
9154,A,21,31600.0,14.6,0.279,0,4,0
9155,A,49,12800.0,10.5,0.338,1,3,1
9156,A,41,55500.0,2.9,0.254,0,3,0
9157,A,66,57500.0,4.5,0.452,0,2,0
9158,A,33,53500.0,7.7,0.627,0,5,0
9159,A,43,30300.0,7.1,0.307,0,4,0
9160,A,46,30900.0,7.3,0.193,2,1,0
9161,A,52,23400.0,21.3,0.302,0,1,0
9162,A,39,51500.0,8.9,0.173,1,1,0
9163,A,21,28200.0,2.7,0.212,1,2,0
9164,A,46,76300.0,4.5,0.352,0,1,0
9165,A,23,30100.0,9.9,0.384,0,3,0
9166,B,52,23300.0,15.9,0.218,0,4,0
9167,A,23,74600.0,9.5,0.437,0,2,0
9168,A,43,39300.0,17.2,0.267,2,1,0
9169,A,29,28800.0,7.2,0.367,0,1,0
9170,A,21,34000.0,7.8,0.513,1,1,1
9171,B,44,49300.0,0.7,0.4,0,4,0
9172,A,29,40200.0,17.5,0.342,0,3,0
9173,A,48,37800.0,17.4,0.298,0,1,0
9174,A,37,22900.0,11.3,0.387,0,5,0
9175,A,31,47500.0,8.9,0.213,0,2,0
9176,A,30,64500.0,13.8,0.395,0,3,1
9177,A,43,71500.0,5.5,0.412,0,4,0
9178,A,43,18700.0,13.9,0.199,0,3,0
9179,B,47,42500.0,1.1,0.444,0,5,0
9180,A,42,31500.0,7.0,0.301,0,4,0
9181,A,42,48200.0,20.1,0.397,0,4,0
9182,B,21,29400.0,2.6,0.525,0,4,0
9183,A,64,38500.0,21.3,0.178,0,3,0
9184,A,34,46900.0,16.2,0.254,0,1,0
9185,A,39,31500.0,10.4,0.241,2,5,0
9186,B,40,40600.0,1.4,0.341,0,5,0
9187,B,53,26300.0,6.6,0.073,2,5,0
9188,A,35,44900.0,16.5,0.566,0,5,0
9189,A,75,77800.0,18.7,0.263,0,4,0
9190,A,49,25000.0,15.4,0.137,0,2,0
9191,A,33,31300.0,7.2,0.336,1,2,0
9192,A,28,51100.0,14.0,0.208,0,3,0
9193,B,25,27400.0,4.7,0.314,2,4,1
9194,A,38,46800.0,3.1,0.17,0,1,0
9195,B,27,35000.0,9.6,0.33,1,3,0
9196,A,31,20200.0,8.9,0.396,0,3,0
9197,B,40,41200.0,7.9,0.524,1,5,1
9198,A,50,47800.0,3.9,0.404,1,5,0
9199,A,28,51100.0,2.9,0.332,2,1,0
9200,B,38,40800.0,6.3,0.213,2,5,0
9201,A,67,28500.0,13.1,0.357,1,3,0
9202,A,21,35300.0,4.2,0.418,0,5,0
9203,A,44,34800.0,7.2,0.112,1,2,0
9204,A,25,41700.0,2.3,0.391,2,1,1
9205,A,39,35300.0,9.6,0.111,0,2,0
9206,A,69,51200.0,15.0,0.309,1,4,0
9207,A,46,37900.0,8.9,0.427,1,1,0
9208,A,57,64500.0,5.6,0.414,0,2,1
9209,A,37,69800.0,10.2,0.303,0,4,0
9210,A,33,46500.0,10.8,0.583,0,2,0
9211,A,53,21200.0,8.7,0.096,0,3,0
9212,A,57,65800.0,11.8,0.27,0,2,0
9213,A,41,36700.0,5.3,0.342,0,3,0
9214,B,55,28200.0,3.3,0.29,0,4,0
9215,B,43,25400.0,3.2,0.331,0,4,0
9216,A,44,31900.0,15.8,0.285,1,1,0
9217,A,39,23500.0,17.2,0.437,0,3,0
9218,A,35,39900.0,1.5,0.468,0,4,1
9219,A,37,22200.0,3.9,0.313,0,2,0
9220,A,60,30600.0,3.4,0.266,0,1,0
9221,B,62,24300.0,3.8,0.368,3,4,1
9222,A,55,57600.0,9.4,0.318,0,2,0
9223,B,51,23400.0,3.7,0.458,0,3,0
9224,A,43,62600.0,6.4,0.44,0,2,0
9225,A,65,15700.0,6.3,0.089,1,2,0
9226,A,50,32500.0,6.4,0.292,0,1,0
9227,A,53,26900.0,7.1,0.27,0,2,0
9228,B,47,23600.0,6.6,0.262,2,3,0
9229,B,34,18400.0,4.7,0.268,1,4,0
9230,A,56,18900.0,11.2,0.632,0,1,1
9231,A,52,47400.0,12.1,0.405,1,1,0
9232,B,46,26000.0,8.0,0.326,1,3,0
9233,B,49,42100.0,3.8,0.199,0,4,0
9234,A,48,34100.0,6.7,0.604,0,1,0
9235,A,38,59400.0,7.7,0.339,0,2,0
9236,B,48,18100.0,1.9,0.286,0,3,0
9237,B,41,29600.0,6.4,0.397,0,4,0
9238,A,36,25500.0,6.4,0.402,0,2,0
9239,B,39,15600.0,1.8,0.127,1,5,0
9240,A,58,24400.0,2.6,0.158,0,1,0
9241,B,28,23000.0,4.9,0.329,0,4,0
9242,B,75,21400.0,7.5,0.46,1,4,1
9243,A,44,13100.0,8.5,0.134,0,1,0
9244,A,26,56400.0,5.8,0.241,0,1,0
9245,A,70,21100.0,6.5,0.457,1,1,1
9246,A,64,31900.0,13.9,0.192,0,1,0
9247,A,49,39700.0,5.7,0.224,1,4,0
9248,B,45,19300.0,6.7,0.579,0,4,1
9249,A,44,59300.0,8.7,0.445,0,4,0
9250,A,41,26800.0,7.9,0.326,0,1,1
9251,B,46,11600.0,14.5,0.291,0,2,0
9252,B,38,24400.0,6.2,0.396,0,4,0
9253,A,22,20600.0,8.8,0.377,1,1,0
9254,B,50,40800.0,5.9,0.693,0,4,1
9255,B,55,70600.0,0.8,0.311,0,3,0
9256,A,43,61400.0,8.9,0.346,1,1,0
9257,A,61,56600.0,11.3,0.313,0,4,0
9258,A,36,64700.0,3.9,0.492,1,2,1
9259,A,41,48600.0,24.6,0.385,1,3,0
9260,A,39,43000.0,12.4,0.217,0,2,0
9261,B,56,37100.0,11.9,0.38,1,5,0
9262,A,32,36300.0,6.3,0.484,1,3,1
9263,A,58,23000.0,9.5,0.228,0,4,0
9264,B,29,20400.0,6.6,0.498,0,5,0
9265,B,41,46700.0,2.1,0.421,1,4,0
9266,A,38,45800.0,11.8,0.51,0,2,0
9267,A,53,43700.0,7.4,0.351,0,1,0
9268,A,36,45700.0,9.4,0.279,0,2,0
9269,B,27,27700.0,5.2,0.308,0,4,0
9270,A,36,58300.0,9.4,0.483,0,1,0
9271,A,57,54200.0,14.3,0.315,0,1,0
9272,B,63,20800.0,11.6,0.181,0,5,0
9273,A,21,34900.0,4.2,0.295,0,3,0
9274,A,25,30200.0,11.2,0.297,0,3,0
9275,A,23,79600.0,4.1,0.425,0,4,0
9276,A,47,35900.0,7.2,0.265,0,1,0
9277,A,56,49800.0,11.2,0.216,1,2,0
9278,A,35,17800.0,8.5,0.26,2,2,1
9279,A,21,43300.0,9.6,0.568,0,2,0
9280,A,36,27400.0,10.6,0.258,1,4,0
9281,A,39,38700.0,10.9,0.236,0,3,0
9282,B,36,24000.0,1.2,0.374,0,3,0
9283,B,51,30600.0,1.9,0.475,2,2,0
9284,B,58,16500.0,7.3,0.381,0,4,0
9285,A,21,56700.0,9.6,0.604,0,2,0
9286,A,21,77900.0,11.4,0.268,0,5,0
9287,A,47,36000.0,9.4,0.286,1,4,0
9288,A,26,37600.0,6.5,0.31,0,2,0
9289,A,21,62400.0,15.4,0.265,1,2,0
9290,A,40,27300.0,10.0,0.287,0,1,0
9291,B,46,32900.0,11.9,0.283,0,1,0
9292,A,52,23000.0,7.0,0.197,0,4,1
9293,B,50,21200.0,4.3,0.25,1,4,1
9294,A,53,37800.0,17.9,0.216,2,1,0
9295,B,44,32900.0,9.6,0.457,1,4,0
9296,A,30,49700.0,9.7,0.315,0,1,0
9297,A,45,48600.0,6.5,0.223,0,3,0
9298,A,65,26500.0,7.5,0.399,0,1,0
9299,B,38,9600.0,11.8,0.468,1,1,1
9300,B,44,27100.0,12.3,0.488,0,5,0
9301,A,38,18900.0,2.0,0.523,0,5,1
9302,B,43,24100.0,8.8,0.337,1,3,0
9303,B,55,20800.0,6.8,0.426,0,5,0
9304,A,30,36300.0,9.5,0.245,0,3,0
9305,A,33,27700.0,8.1,0.326,1,2,0
9306,A,48,37100.0,13.7,0.093,0,4,0
9307,A,25,59300.0,2.3,0.598,0,5,0
9308,A,37,38100.0,5.2,0.213,1,4,0
9309,A,67,34900.0,12.2,0.323,1,2,0
9310,A,42,27300.0,7.8,0.292,1,1,0
9311,B,31,38900.0,6.7,0.23,2,4,0
9312,B,41,42500.0,3.2,0.336,2,5,1
9313,A,34,41500.0,6.1,0.385,1,2,1
9314,B,48,45900.0,5.2,0.458,0,4,0
9315,A,34,35300.0,6.4,0.451,0,2,1
9316,A,26,92100.0,9.7,0.187,0,1,0
9317,A,35,24500.0,9.0,0.519,0,1,0
9318,A,53,72600.0,13.5,0.241,1,3,0
9319,B,56,27800.0,1.3,0.353,0,2,0
9320,A,27,40700.0,5.3,0.412,0,1,0
9321,B,34,14200.0,12.1,0.462,0,4,0
9322,A,53,18400.0,18.0,0.359,1,3,0
9323,A,41,27300.0,13.1,0.433,0,1,0
9324,A,52,25600.0,10.8,0.343,0,1,0
9325,B,43,35600.0,4.4,0.444,0,5,0
9326,A,28,23500.0,3.7,0.504,0,2,0
9327,A,56,43900.0,7.1,0.132,1,2,0
9328,A,53,40500.0,4.7,0.089,1,4,0
9329,A,58,22300.0,11.8,0.137,1,3,0
9330,B,30,52100.0,5.4,0.384,0,4,0
9331,A,48,57800.0,6.2,0.02,0,3,0
9332,A,28,60900.0,11.5,0.132,0,1,0
9333,A,47,67100.0,16.1,0.416,0,2,0
9334,B,56,39200.0,5.0,0.456,0,5,0
9335,B,33,45800.0,9.7,0.343,0,4,0
9336,A,57,12400.0,14.0,0.319,0,2,0
9337,A,56,19300.0,3.7,0.225,1,1,0
9338,A,45,31700.0,13.3,0.398,0,2,0
9339,B,54,24800.0,10.1,0.479,1,3,1
9340,A,25,54100.0,9.0,0.304,0,3,0
9341,A,45,41600.0,12.3,0.4,0,1,0
9342,A,33,56700.0,16.9,0.403,0,2,0
9343,A,36,33200.0,10.3,0.354,1,2,1
9344,B,48,36700.0,9.8,0.261,2,3,0
9345,A,50,30400.0,9.9,0.078,0,2,0
9346,B,27,21000.0,8.9,0.051,0,5,0
9347,A,44,76400.0,14.0,0.472,0,2,0
9348,B,38,31700.0,7.4,0.306,0,3,0
9349,A,53,24000.0,2.4,0.339,0,1,0
9350,A,43,44600.0,3.8,0.125,0,2,0
9351,A,33,102000.0,3.2,0.129,0,3,0
9352,A,42,55900.0,12.8,0.305,1,2,0
9353,A,46,31100.0,2.0,0.294,1,1,0
9354,A,52,36300.0,4.0,0.334,0,2,0
9355,A,37,38600.0,11.1,0.557,0,1,0
9356,A,41,29900.0,24.3,0.086,2,2,0
9357,A,24,33800.0,21.3,0.321,0,5,0
9358,A,51,41600.0,9.0,0.28,0,4,0
9359,A,64,55500.0,13.3,0.076,0,3,0
9360,B,46,36500.0,8.6,0.54,2,5,1
9361,A,21,42000.0,10.1,0.29,0,1,0
9362,A,38,62200.0,10.8,0.277,0,3,0
9363,A,68,78500.0,13.1,0.317,0,3,0
9364,A,21,19500.0,12.1,0.218,0,4,0
9365,B,23,23200.0,1.2,0.27,0,5,1
9366,A,48,20600.0,10.0,0.317,1,1,0
9367,A,38,46100.0,3.5,0.02,0,2,0
9368,A,45,69900.0,6.3,0.411,0,1,0
9369,A,60,29000.0,19.8,0.126,0,5,0
9370,A,36,62500.0,6.0,0.02,1,1,0
9371,A,32,38300.0,12.4,0.301,0,5,0
9372,B,34,50100.0,9.6,0.159,1,5,0
9373,A,44,90900.0,8.7,0.346,2,1,0
9374,B,47,39200.0,5.8,0.293,1,3,0
9375,A,54,33300.0,16.2,0.023,0,2,0
9376,A,64,48100.0,16.1,0.436,1,3,0
9377,A,39,67900.0,10.9,0.32,0,2,0
9378,A,37,66100.0,7.3,0.314,0,5,0
9379,B,49,31700.0,4.0,0.497,0,4,0
9380,A,55,46000.0,2.8,0.471,0,1,0
9381,B,41,32000.0,8.1,0.388,0,4,0
9382,A,35,29200.0,10.3,0.411,0,1,0
9383,A,40,45600.0,4.7,0.502,0,1,0
9384,A,53,15100.0,4.8,0.65,0,1,1
9385,B,47,21700.0,8.9,0.474,1,1,0
9386,A,46,50700.0,11.3,0.122,0,2,0
9387,A,36,68500.0,5.9,0.187,0,4,0
9388,A,42,45400.0,5.0,0.486,0,4,0
9389,B,32,39700.0,6.3,0.234,2,3,0
9390,A,43,23300.0,15.8,0.394,0,3,0
9391,A,25,29000.0,14.8,0.43,0,1,0
9392,A,39,39300.0,4.6,0.316,0,1,0
9393,A,29,27100.0,4.9,0.217,1,5,0
9394,B,49,36100.0,7.4,0.318,1,5,0
9395,A,35,48800.0,15.8,0.167,0,2,0
9396,A,27,112300.0,4.2,0.37,0,5,0
9397,B,21,17100.0,7.2,0.406,1,4,0
9398,A,43,46000.0,12.1,0.631,0,1,0
9399,A,45,44200.0,15.5,0.386,0,5,0
9400,A,49,32900.0,17.4,0.122,1,3,0
9401,A,54,47400.0,8.5,0.242,0,3,0
9402,A,35,46900.0,8.5,0.506,1,2,0
9403,A,47,41900.0,11.9,0.27,1,3,0
9404,A,40,22700.0,6.7,0.394,1,3,1
9405,A,49,41900.0,4.2,0.342,1,2,0
9406,A,45,34600.0,4.2,0.299,2,1,0
9407,B,43,18800.0,4.3,0.177,0,1,0
9408,A,54,46100.0,19.2,0.436,0,3,0
9409,A,38,28700.0,12.6,0.439,0,1,0
9410,A,45,36800.0,9.3,0.243,1,4,0
9411,B,30,21500.0,5.4,0.365,1,4,1
9412,A,38,42500.0,1.8,0.251,1,4,1
9413,B,50,16400.0,10.9,0.579,3,3,1
9414,A,21,21900.0,6.6,0.322,0,2,0
9415,A,38,68100.0,2.8,0.552,0,2,0
9416,A,55,59000.0,10.0,0.285,0,5,0
9417,A,21,22500.0,14.2,0.303,0,4,0
9418,B,48,21700.0,3.5,0.145,0,4,1
9419,A,29,33400.0,5.2,0.334,1,2,1
9420,A,21,84700.0,7.4,0.075,1,2,0
9421,A,31,32600.0,14.7,0.324,0,2,0
9422,A,61,67300.0,11.2,0.115,0,2,0
9423,A,42,37600.0,12.8,0.246,1,1,0
9424,B,21,31500.0,1.8,0.308,1,3,0
9425,A,26,30700.0,3.9,0.274,0,1,0
9426,A,30,22100.0,1.4,0.312,0,1,0
9427,B,34,20000.0,3.3,0.391,2,5,1
9428,A,50,44500.0,7.7,0.349,0,1,0
9429,B,32,37800.0,3.0,0.407,1,2,1
9430,A,21,41200.0,6.2,0.097,1,3,0
9431,A,42,18100.0,10.2,0.332,0,2,0
9432,B,52,19100.0,4.8,0.201,0,1,0
9433,B,36,9400.0,7.5,0.46,0,5,0
9434,B,49,48100.0,8.4,0.492,1,5,0
9435,A,21,29900.0,6.0,0.145,0,1,0
9436,B,41,18600.0,8.7,0.33,1,5,0
9437,A,28,19400.0,4.9,0.396,0,2,0
9438,A,42,23700.0,3.0,0.422,0,3,0
9439,B,49,32200.0,2.4,0.333,1,2,0
9440,A,38,32300.0,4.3,0.487,0,2,0
9441,A,45,28300.0,13.7,0.367,1,2,0
9442,A,58,45500.0,8.0,0.47,0,1,0
9443,B,61,48300.0,8.2,0.407,0,3,0
9444,A,66,21900.0,6.6,0.111,0,4,0
9445,B,26,26000.0,4.9,0.482,0,2,1
9446,A,45,35100.0,8.1,0.27,0,3,0
9447,A,36,31200.0,4.6,0.292,0,1,1
9448,A,35,38400.0,4.1,0.298,0,1,0
9449,A,59,47100.0,5.6,0.39,0,2,0
9450,B,37,22700.0,1.1,0.514,0,4,0
9451,B,37,19900.0,21.6,0.328,0,5,0
9452,A,39,57100.0,10.0,0.13,0,2,0
9453,A,22,24300.0,10.2,0.618,0,2,1
9454,B,56,23900.0,6.0,0.27,0,2,1
9455,A,34,58300.0,6.9,0.229,0,4,0
9456,A,58,50800.0,10.3,0.593,1,1,0
9457,A,35,53900.0,7.9,0.373,0,5,0
9458,A,21,73200.0,4.6,0.373,1,1,1
9459,B,46,44100.0,2.6,0.493,1,5,0
9460,A,41,15700.0,5.8,0.408,0,2,0
9461,A,38,51300.0,6.9,0.062,0,3,0
9462,A,49,52100.0,8.5,0.402,0,2,0
9463,A,37,15500.0,8.3,0.254,0,2,0
9464,A,50,52200.0,9.6,0.442,0,3,0
9465,A,57,33500.0,9.2,0.091,0,3,0
9466,A,58,25600.0,15.3,0.487,1,1,0
9467,B,43,40600.0,6.5,0.308,1,5,0
9468,A,43,33300.0,4.3,0.317,0,3,0
9469,A,34,17200.0,9.1,0.315,0,5,0
9470,A,31,36800.0,17.1,0.212,0,3,0
9471,A,26,38800.0,6.6,0.505,1,2,0
9472,A,41,28600.0,6.0,0.605,0,3,0
9473,A,23,43500.0,1.4,0.164,0,4,0
9474,A,55,16900.0,10.5,0.124,0,4,0
9475,A,27,48800.0,14.2,0.083,0,4,0
9476,A,53,64400.0,11.9,0.337,0,1,0
9477,A,40,53900.0,8.6,0.02,1,5,0
9478,A,21,40000.0,8.0,0.258,0,2,0
9479,A,38,87400.0,14.3,0.325,1,2,0
9480,A,26,20700.0,15.4,0.19,1,1,0
9481,B,34,27000.0,13.6,0.375,1,3,0
9482,B,45,18500.0,10.6,0.592,2,3,0
9483,A,36,26000.0,8.4,0.186,0,2,0
9484,B,24,12400.0,5.6,0.367,0,5,0
9485,A,26,20400.0,8.0,0.582,1,5,1
9486,B,66,14600.0,12.7,0.239,1,2,0
9487,A,38,27100.0,17.1,0.02,0,3,0
9488,A,34,34400.0,6.0,0.02,2,4,0
9489,A,44,26700.0,18.7,0.565,0,2,0
9490,A,62,35900.0,5.7,0.558,0,2,1
9491,B,43,26700.0,3.8,0.315,0,4,0
9492,B,44,27000.0,7.7,0.57,0,5,0
9493,A,54,57800.0,23.5,0.349,1,2,0
9494,A,34,45900.0,24.9,0.101,1,2,0
9495,A,47,33900.0,18.5,0.425,1,2,0
9496,A,41,58600.0,8.9,0.093,0,1,0
9497,A,25,35500.0,3.8,0.293,0,2,0
9498,A,26,27200.0,20.9,0.38,0,2,0
9499,A,37,32500.0,13.1,0.312,1,2,0
9500,A,48,27300.0,8.4,0.334,0,1,0
9501,A,32,39400.0,5.6,0.288,0,1,0
9502,A,57,24100.0,12.1,0.456,0,4,0
9503,A,41,47100.0,4.1,0.038,1,1,0
9504,A,47,33500.0,11.2,0.276,1,3,0
9505,B,41,21800.0,2.1,0.25,0,3,0
9506,A,28,57100.0,7.0,0.208,0,1,0
9507,B,29,36600.0,11.2,0.02,0,2,0
9508,A,35,15800.0,11.0,0.434,0,2,0
9509,A,35,53200.0,7.8,0.302,0,1,0
9510,B,52,18300.0,3.5,0.14,1,5,0
9511,A,27,14300.0,13.9,0.443,0,2,0
9512,B,46,48400.0,1.1,0.176,2,5,0
9513,B,51,22100.0,6.1,0.438,3,4,1
9514,B,35,42800.0,2.5,0.54,2,4,1
9515,A,44,52000.0,11.2,0.218,0,3,0
9516,A,68,39800.0,8.3,0.441,0,2,0
9517,B,39,18000.0,1.9,0.281,1,4,0
9518,A,39,46300.0,7.4,0.232,0,2,0
9519,B,45,28500.0,6.8,0.251,0,4,1
9520,A,50,26500.0,11.8,0.465,2,2,0
9521,A,39,89100.0,10.9,0.288,0,3,0
9522,B,26,20000.0,3.9,0.143,1,4,0
9523,B,46,78000.0,8.3,0.345,1,4,0
9524,B,36,20700.0,5.1,0.134,0,3,0
9525,A,31,26800.0,18.4,0.02,0,3,0
9526,A,33,52200.0,3.8,0.104,0,4,0
9527,A,28,57900.0,9.9,0.185,1,1,0
9528,B,25,32100.0,8.0,0.226,2,5,0
9529,A,62,51100.0,15.4,0.387,1,1,0
9530,A,22,72200.0,6.3,0.265,1,1,0
9531,A,56,51700.0,7.9,0.454,1,4,1
9532,B,57,41900.0,3.5,0.544,0,3,0
9533,A,36,49400.0,11.1,0.205,0,1,0
9534,A,41,37300.0,5.5,0.473,0,1,0
9535,A,36,58300.0,6.6,0.358,1,1,0
9536,A,43,71800.0,13.7,0.212,1,4,0
9537,A,65,29000.0,5.1,0.394,0,1,0
9538,A,42,29400.0,5.1,0.285,0,1,0
9539,A,44,32300.0,11.0,0.311,0,3,0
9540,A,38,46600.0,5.7,0.02,0,3,0
9541,A,57,66400.0,4.1,0.055,0,1,0
9542,B,40,34900.0,0.0,0.591,0,3,1
9543,A,33,80900.0,7.4,0.359,1,1,0
9544,A,62,60600.0,6.9,0.247,1,3,0
9545,A,64,41500.0,9.8,0.569,0,4,0
9546,A,41,21200.0,11.8,0.635,0,2,0
9547,A,35,57000.0,11.8,0.319,0,2,0
9548,A,33,48200.0,9.1,0.228,0,3,0
9549,A,50,58000.0,16.4,0.498,0,2,0
9550,B,50,29800.0,20.5,0.051,0,4,0
9551,A,36,35700.0,0.5,0.199,0,2,0
9552,A,21,67200.0,12.6,0.153,2,5,0
9553,A,58,20400.0,11.4,0.393,0,2,0
9554,A,52,12400.0,12.0,0.432,0,5,0
9555,A,68,31200.0,6.5,0.336,0,2,0
9556,A,42,55800.0,5.2,0.156,1,5,0
9557,B,49,31100.0,9.9,0.638,0,4,1
9558,A,66,40700.0,7.2,0.287,1,3,0
9559,A,48,33300.0,8.4,0.262,0,2,0
9560,A,28,26000.0,2.1,0.404,0,4,0
9561,A,43,22000.0,4.7,0.372,0,2,0
9562,A,35,38000.0,6.7,0.355,0,3,0
9563,A,27,30600.0,11.5,0.237,0,1,0
9564,A,36,33100.0,11.6,0.274,0,2,0
9565,A,30,54000.0,12.4,0.261,1,3,0
9566,A,52,72400.0,14.7,0.154,0,4,0
9567,A,26,30400.0,4.3,0.266,2,5,0
9568,B,38,21400.0,1.6,0.344,0,5,0
9569,A,42,30700.0,12.3,0.396,0,3,0
9570,A,37,37400.0,7.4,0.298,1,1,0
9571,A,56,42200.0,9.1,0.299,0,3,0
9572,B,56,65200.0,8.4,0.531,0,2,0
9573,A,26,34700.0,8.0,0.396,0,5,0
9574,B,45,46100.0,5.8,0.329,0,5,0
9575,A,51,78300.0,4.0,0.134,0,3,0
9576,A,48,36700.0,9.6,0.307,0,1,0
9577,B,30,41200.0,4.6,0.579,0,5,0
9578,A,45,34500.0,9.6,0.458,2,1,1
9579,B,51,18500.0,6.7,0.424,1,5,0
9580,A,56,34400.0,8.1,0.193,1,1,0
9581,A,32,37200.0,4.9,0.286,0,3,0
9582,A,48,53400.0,17.0,0.305,0,2,0
9583,B,42,23300.0,3.6,0.333,0,3,0
9584,A,25,31900.0,20.2,0.02,0,3,0
9585,B,30,25200.0,14.7,0.589,0,4,0
9586,B,41,22600.0,2.5,0.366,0,4,0
9587,A,39,47000.0,7.6,0.329,0,2,0
9588,A,34,29800.0,11.2,0.224,0,1,0
9589,A,40,39600.0,10.8,0.252,0,4,0
9590,A,40,36800.0,7.5,0.355,2,2,1
9591,A,40,83100.0,7.8,0.376,0,1,0
9592,A,48,28100.0,4.1,0.221,0,1,1
9593,A,33,26100.0,10.4,0.223,2,3,0
9594,A,38,29500.0,8.1,0.378,1,5,0
9595,A,37,106100.0,4.5,0.295,0,4,0
9596,B,45,38400.0,7.2,0.356,1,5,0
9597,A,21,38000.0,17.8,0.463,1,1,0
9598,B,57,22100.0,5.6,0.196,0,3,0
9599,A,50,30200.0,17.3,0.43,0,3,0
9600,B,32,16400.0,12.9,0.06,2,3,0
9601,A,44,61300.0,9.0,0.448,0,1,0
9602,A,50,23500.0,5.4,0.211,0,4,0
9603,B,42,37200.0,12.4,0.364,0,4,0
9604,A,50,44300.0,12.7,0.593,0,3,0
9605,B,50,28700.0,5.6,0.097,0,2,0
9606,B,21,33500.0,7.3,0.567,0,3,0
9607,B,35,46900.0,5.4,0.502,1,3,0
9608,B,39,45300.0,8.8,0.41,1,4,0
9609,A,54,60700.0,5.8,0.263,0,5,0
9610,B,36,31000.0,3.5,0.442,0,3,1
9611,A,35,57400.0,16.3,0.265,0,1,0
9612,A,70,49700.0,3.0,0.514,0,4,0
9613,A,48,54600.0,3.3,0.055,0,3,0
9614,A,48,30500.0,9.1,0.277,2,3,1
9615,B,34,20100.0,9.1,0.527,0,4,0
9616,A,47,47600.0,12.5,0.25,0,2,0
9617,B,38,49000.0,3.9,0.37,0,2,0
9618,A,46,36000.0,4.6,0.193,0,4,0
9619,A,35,26200.0,14.2,0.288,0,2,0
9620,B,55,53700.0,1.1,0.269,0,3,0
9621,B,32,18700.0,2.4,0.388,0,4,0
9622,A,54,27300.0,17.4,0.123,1,1,0
9623,A,37,51600.0,6.7,0.405,0,2,0
9624,B,36,51600.0,3.1,0.433,0,3,0
9625,B,21,23100.0,0.6,0.129,0,4,0
9626,A,42,28400.0,1.6,0.309,0,3,0
9627,A,38,21700.0,3.2,0.264,1,3,0
9628,A,47,41900.0,3.9,0.544,0,2,0
9629,A,36,42800.0,8.8,0.441,0,3,0
9630,A,61,62700.0,9.2,0.366,0,3,0
9631,A,30,55900.0,13.6,0.318,1,2,0
9632,A,45,29500.0,16.9,0.303,0,1,0
9633,A,46,45800.0,14.0,0.086,1,3,0
9634,A,30,14800.0,12.5,0.376,1,1,0
9635,B,40,22100.0,6.8,0.27,0,2,0
9636,A,34,24900.0,7.9,0.399,0,1,1
9637,A,57,90700.0,11.6,0.337,0,3,0
9638,B,36,27100.0,4.8,0.182,1,3,0
9639,A,46,27900.0,6.1,0.148,0,4,0
9640,A,40,31200.0,11.2,0.268,1,1,0
9641,A,21,41100.0,2.7,0.646,0,5,0
9642,A,49,51000.0,4.4,0.524,0,4,0
9643,B,31,23400.0,6.9,0.116,1,5,0
9644,A,22,71500.0,7.0,0.387,1,1,0
9645,A,55,22300.0,16.7,0.306,0,2,0
9646,B,56,25100.0,10.7,0.351,0,5,0
9647,A,21,43600.0,3.5,0.162,1,3,0
9648,A,34,35300.0,11.0,0.229,0,3,0
9649,A,35,23600.0,8.3,0.369,1,1,0
9650,A,38,21100.0,6.2,0.387,1,5,1
9651,A,35,28800.0,12.9,0.364,0,3,0
9652,A,50,26800.0,23.3,0.261,0,1,0
9653,A,41,57900.0,5.3,0.403,1,2,0
9654,A,26,32300.0,22.0,0.313,0,5,0
9655,A,44,26500.0,18.8,0.235,0,2,0
9656,A,41,58900.0,10.1,0.303,0,4,0
9657,B,24,71800.0,4.8,0.437,0,2,0
9658,B,45,49600.0,7.9,0.163,0,4,0
9659,A,46,30200.0,13.4,0.02,1,2,0
9660,B,46,36800.0,4.1,0.39,0,1,0
9661,A,31,76300.0,12.8,0.33,0,1,0
9662,A,23,90400.0,1.7,0.24,0,2,0
9663,A,33,25500.0,6.5,0.425,0,4,0
9664,B,53,54900.0,6.6,0.073,0,3,0
9665,A,47,66000.0,5.9,0.311,0,2,0
9666,A,60,26600.0,6.9,0.45,0,2,0
9667,A,42,25600.0,3.2,0.152,0,5,0
9668,A,50,15900.0,9.1,0.279,0,2,0
9669,B,46,24900.0,7.5,0.409,0,5,1
9670,A,43,40200.0,4.7,0.263,0,4,0
9671,B,50,42800.0,5.4,0.223,1,5,0
9672,A,53,22300.0,4.3,0.205,1,2,0
9673,A,44,85800.0,6.6,0.416,1,1,0
9674,A,37,33500.0,10.2,0.291,1,3,1
9675,A,31,40900.0,5.1,0.316,0,3,0
9676,B,49,28900.0,4.1,0.458,0,4,0
9677,A,27,53800.0,13.8,0.224,0,1,0
9678,A,54,19600.0,4.1,0.285,1,1,1
9679,A,50,21200.0,5.4,0.278,0,2,0
9680,A,47,33200.0,9.9,0.533,0,1,0
9681,A,40,28400.0,9.4,0.44,0,2,1
9682,A,45,34700.0,13.1,0.29,0,3,0
9683,A,57,30100.0,14.3,0.371,0,2,0
9684,B,25,17500.0,2.2,0.234,0,5,0
9685,A,56,64900.0,7.4,0.327,0,2,0
9686,A,40,30100.0,3.0,0.205,0,2,0
9687,B,31,31600.0,3.4,0.461,0,5,0
9688,B,38,38700.0,10.0,0.406,0,2,0
9689,A,56,39500.0,18.4,0.317,0,3,0
9690,B,47,36800.0,15.1,0.224,0,5,0
9691,A,47,65800.0,11.0,0.426,1,1,0
9692,A,54,45200.0,13.9,0.381,1,1,0
9693,A,21,37300.0,2.6,0.259,0,1,0
9694,A,51,28600.0,7.1,0.513,1,1,1
9695,A,43,17200.0,3.2,0.202,1,1,0
9696,B,33,35000.0,13.3,0.386,1,3,0
9697,A,28,32200.0,2.3,0.253,0,3,0
9698,A,38,30700.0,12.5,0.132,1,5,0
9699,A,56,72700.0,10.3,0.138,0,1,0
9700,B,49,33400.0,5.5,0.358,1,3,0
9701,A,34,23800.0,7.3,0.275,1,1,0
9702,A,30,45800.0,5.6,0.031,0,2,0
9703,A,50,57000.0,5.6,0.293,0,1,1
9704,A,57,33000.0,13.5,0.296,0,5,0
9705,A,31,30100.0,6.1,0.343,0,4,1
9706,A,36,40900.0,8.6,0.363,1,2,0
9707,B,40,10700.0,2.2,0.475,0,3,0
9708,A,30,30700.0,6.3,0.134,0,1,0
9709,A,21,39900.0,4.7,0.101,2,3,0
9710,A,59,30800.0,7.1,0.349,0,3,0
9711,A,42,104500.0,8.9,0.236,0,2,0
9712,A,41,26900.0,14.2,0.391,1,2,0
9713,A,67,31800.0,15.0,0.249,0,1,0
9714,A,43,43000.0,7.9,0.362,0,3,0
9715,A,50,49200.0,16.4,0.294,0,1,0
9716,A,50,57600.0,8.3,0.219,1,2,0
9717,A,33,41900.0,1.6,0.281,0,2,0
9718,A,35,37900.0,6.3,0.416,0,4,0
9719,A,39,62800.0,11.7,0.248,1,3,0
9720,A,47,65100.0,11.2,0.352,0,4,0
9721,B,35,35200.0,6.0,0.462,0,2,0
9722,B,47,40600.0,1.9,0.288,0,4,0
9723,A,38,46600.0,14.3,0.126,0,2,0
9724,A,32,53900.0,20.5,0.333,0,2,0
9725,B,40,24900.0,0.2,0.24,1,1,1
9726,A,33,35500.0,17.4,0.339,0,2,0
9727,A,45,33300.0,8.1,0.233,0,3,0
9728,A,27,38900.0,5.5,0.356,1,2,0
9729,A,29,36500.0,12.5,0.143,0,2,0
9730,A,31,24700.0,3.6,0.21,0,3,1
9731,A,45,53900.0,17.2,0.35,0,2,0
9732,B,49,43800.0,8.4,0.316,0,2,0
9733,A,37,19400.0,11.2,0.254,1,1,1
9734,A,44,24500.0,15.1,0.362,0,3,0
9735,A,34,69100.0,8.6,0.199,0,5,0
9736,A,52,54200.0,11.3,0.303,0,3,0
9737,A,40,29200.0,11.2,0.151,0,1,0
9738,A,50,37700.0,18.0,0.255,0,2,0
9739,A,44,43600.0,3.6,0.449,0,2,1
9740,A,50,28100.0,3.2,0.243,1,2,1
9741,A,54,12200.0,7.0,0.182,1,4,0
9742,A,34,37300.0,7.6,0.251,0,2,0
9743,A,43,42400.0,8.6,0.176,0,4,0
9744,A,49,31300.0,16.8,0.301,0,1,0
9745,A,38,24700.0,6.3,0.24,0,2,0
9746,A,44,50000.0,10.4,0.537,0,2,0
9747,A,65,66300.0,3.5,0.156,0,3,0
9748,B,48,29900.0,5.1,0.226,0,1,0
9749,A,51,57700.0,8.3,0.376,0,3,0
9750,B,33,39800.0,3.8,0.497,0,4,0
9751,A,40,46800.0,5.9,0.032,0,4,0
9752,A,24,82600.0,7.6,0.312,0,1,0
9753,A,57,75500.0,8.0,0.35,0,3,0
9754,B,36,28600.0,9.8,0.388,1,3,0
9755,B,30,33100.0,6.8,0.447,0,4,0
9756,A,38,72000.0,14.2,0.414,0,3,0
9757,A,25,76900.0,9.9,0.194,0,2,0
9758,B,46,23500.0,4.2,0.378,2,4,0
9759,A,52,30200.0,4.9,0.02,1,2,0
9760,A,35,44200.0,8.9,0.296,1,4,0
9761,B,60,19400.0,7.1,0.302,0,2,0
9762,A,23,80900.0,7.6,0.332,0,2,0
9763,A,35,48400.0,6.8,0.051,1,3,0
9764,A,33,67100.0,2.5,0.331,1,1,0
9765,A,36,64500.0,4.5,0.365,1,1,0
9766,A,56,51900.0,3.1,0.189,0,3,0
9767,A,38,39500.0,6.0,0.311,0,3,0
9768,B,31,29800.0,16.1,0.229,1,3,0
9769,A,36,59000.0,10.5,0.097,0,1,0
9770,A,41,44300.0,7.2,0.299,0,1,0
9771,A,43,43200.0,8.7,0.315,0,3,0
9772,A,51,46000.0,7.3,0.43,0,3,0
9773,A,33,40200.0,4.7,0.371,2,3,1
9774,A,44,22200.0,14.3,0.289,1,2,0
9775,A,22,54400.0,8.1,0.364,0,5,0
9776,A,37,28900.0,9.0,0.224,0,1,0
9777,A,57,52400.0,18.2,0.02,1,2,0
9778,A,65,53000.0,17.6,0.337,0,3,0
9779,A,41,36900.0,3.2,0.324,1,2,0
9780,A,24,41100.0,9.6,0.238,1,4,0
9781,A,57,48100.0,8.1,0.33,0,3,0
9782,A,48,13000.0,23.7,0.335,0,3,1
9783,A,28,23100.0,4.5,0.443,0,3,0
9784,A,40,75900.0,11.3,0.521,0,1,1
9785,A,32,34500.0,10.0,0.444,0,2,1
9786,A,25,42400.0,12.2,0.411,0,2,0
9787,B,31,27400.0,3.3,0.463,0,4,0
9788,A,41,27400.0,3.5,0.23,0,2,0
9789,B,59,22000.0,3.7,0.329,1,2,1
9790,A,21,38800.0,2.2,0.746,0,1,0
9791,A,34,43200.0,9.8,0.477,1,3,0
9792,B,38,21000.0,5.1,0.237,1,3,0
9793,A,30,48700.0,7.2,0.195,0,1,0
9794,A,44,43200.0,6.2,0.261,0,2,0
9795,A,60,21600.0,3.5,0.414,0,1,1
9796,A,53,24200.0,3.5,0.471,0,2,1
9797,B,55,30000.0,9.7,0.238,0,5,0
9798,A,34,26000.0,5.4,0.278,0,5,0
9799,A,42,40400.0,3.6,0.18,1,4,0
9800,A,21,116400.0,1.9,0.3,2,2,0
9801,A,22,16600.0,2.0,0.292,0,5,0
9802,A,59,52000.0,10.7,0.131,0,1,0
9803,A,45,24000.0,6.2,0.385,0,2,0
9804,A,57,30900.0,5.5,0.362,1,3,1
9805,A,46,28900.0,5.9,0.446,0,2,0
9806,A,41,26700.0,8.3,0.351,0,3,0
9807,A,49,40600.0,5.0,0.41,0,2,0
9808,A,35,32800.0,2.5,0.101,0,3,0
9809,A,36,31900.0,3.7,0.39,0,3,0
9810,B,46,31100.0,5.8,0.466,1,5,1
9811,A,31,38100.0,8.4,0.02,0,2,0
9812,A,40,50000.0,2.2,0.302,1,3,0
9813,B,35,13200.0,5.7,0.408,0,3,1
9814,B,50,63000.0,2.8,0.408,0,4,0
9815,A,45,67100.0,21.9,0.367,0,4,0
9816,A,44,81400.0,8.0,0.387,0,3,0
9817,A,32,51100.0,12.0,0.22,0,2,0
9818,B,41,41400.0,6.3,0.273,2,2,0
9819,A,47,41000.0,2.4,0.243,1,4,0
9820,A,30,72200.0,8.9,0.132,0,2,0
9821,B,45,53600.0,3.5,0.278,0,4,0
9822,A,39,56900.0,18.5,0.205,0,2,0
9823,A,41,43700.0,6.2,0.273,0,2,0
9824,B,33,65300.0,1.7,0.258,2,5,0
9825,A,41,21300.0,13.1,0.239,0,1,0
9826,A,55,27500.0,13.6,0.295,0,1,0
9827,A,32,30100.0,5.5,0.02,1,2,0
9828,A,40,34000.0,5.2,0.265,2,1,0
9829,A,54,54700.0,4.2,0.362,1,1,0
9830,A,25,40900.0,14.2,0.365,0,1,0
9831,A,69,48100.0,5.2,0.251,0,1,0
9832,B,45,15500.0,13.1,0.441,0,3,0
9833,A,41,41600.0,13.6,0.263,0,1,0
9834,A,26,39500.0,10.1,0.203,0,3,0
9835,B,28,44200.0,3.0,0.328,0,4,0
9836,A,51,73400.0,3.1,0.275,0,2,0
9837,A,35,37000.0,4.1,0.316,2,3,1
9838,A,47,29800.0,8.8,0.067,0,1,0
9839,A,32,87500.0,3.6,0.361,0,1,0
9840,B,47,28100.0,14.2,0.299,0,3,0
9841,B,25,30200.0,4.1,0.335,1,4,0
9842,A,23,56500.0,2.5,0.325,1,5,1
9843,A,44,30600.0,5.4,0.076,0,3,0
9844,A,36,48200.0,8.1,0.188,0,1,0
9845,A,21,20900.0,10.8,0.281,0,2,0
9846,B,37,30700.0,6.2,0.246,1,2,0
9847,A,35,60000.0,6.2,0.265,0,1,0
9848,A,43,88500.0,7.4,0.356,1,1,0
9849,A,50,43300.0,9.9,0.289,0,2,0
9850,A,35,19000.0,11.7,0.225,1,1,0
9851,B,33,55900.0,8.3,0.276,1,2,0
9852,B,31,31900.0,9.0,0.485,1,4,1
9853,B,56,15200.0,0.9,0.202,1,2,0
9854,B,21,33300.0,6.1,0.393,2,4,0
9855,A,50,29000.0,13.8,0.182,0,2,0
9856,B,38,65500.0,4.0,0.463,1,1,1
9857,A,29,71400.0,2.8,0.146,0,5,0
9858,A,31,28600.0,3.1,0.188,1,1,0
9859,A,42,31300.0,11.3,0.328,1,2,0
9860,B,30,29200.0,1.6,0.469,0,3,0
9861,A,39,31600.0,6.7,0.184,0,2,0
9862,A,22,19900.0,8.1,0.246,0,3,0
9863,B,41,91000.0,5.1,0.4,0,3,0
9864,B,33,29000.0,15.0,0.522,2,5,0
9865,A,45,49100.0,7.7,0.281,1,4,0
9866,B,44,30600.0,3.7,0.375,1,4,0
9867,A,21,25600.0,21.7,0.265,0,2,0
9868,A,41,17900.0,15.5,0.122,1,3,0
9869,A,42,72200.0,11.2,0.367,0,2,0
9870,A,21,44800.0,7.7,0.248,0,2,0
9871,A,50,36900.0,21.3,0.418,0,2,0
9872,A,42,44800.0,14.6,0.291,0,2,0
9873,A,30,31500.0,4.2,0.249,1,1,0
9874,A,36,21400.0,14.7,0.215,0,3,0
9875,B,54,47400.0,1.7,0.446,0,3,0
9876,A,51,31300.0,11.6,0.454,0,5,0
9877,A,55,23500.0,6.3,0.161,0,1,0
9878,A,41,30600.0,18.5,0.127,1,2,0
9879,A,45,40500.0,8.5,0.121,0,3,0
9880,A,33,23100.0,4.1,0.368,0,2,0
9881,A,43,19100.0,17.3,0.267,1,2,0
9882,B,64,22700.0,1.1,0.319,0,1,0
9883,B,60,27800.0,6.7,0.34,0,3,1
9884,A,48,65700.0,9.0,0.334,0,2,0
9885,A,25,24700.0,4.9,0.206,1,2,0
9886,B,21,47800.0,2.6,0.319,0,5,0
9887,A,41,67900.0,4.8,0.412,1,3,1
9888,B,42,29700.0,4.8,0.259,0,4,0
9889,A,44,11900.0,13.0,0.305,0,2,1
9890,A,40,81100.0,2.2,0.207,0,3,0
9891,A,21,43600.0,5.0,0.243,0,2,0
9892,A,57,64100.0,11.6,0.519,1,2,0
9893,B,53,54900.0,1.3,0.321,0,2,0
9894,A,36,79400.0,7.0,0.337,0,3,0
9895,A,21,48300.0,10.1,0.227,2,1,0
9896,B,21,19300.0,14.2,0.391,0,4,0
9897,A,49,38300.0,6.0,0.22,0,2,0
9898,B,53,19900.0,7.2,0.251,0,5,0
9899,A,39,49800.0,10.1,0.186,0,4,0
9900,A,35,40700.0,5.3,0.285,0,1,0
9901,A,70,24000.0,4.1,0.276,2,3,0
9902,A,39,46100.0,15.1,0.26,1,1,0
9903,B,36,41800.0,4.7,0.313,3,5,0
9904,A,53,55900.0,16.8,0.364,0,5,0
9905,B,36,28900.0,7.8,0.445,0,1,0
9906,A,45,23800.0,5.8,0.289,1,2,0
9907,A,39,30000.0,4.9,0.407,0,4,0
9908,A,66,28500.0,19.9,0.413,0,5,0
9909,A,61,18300.0,11.8,0.222,0,2,0
9910,A,29,42600.0,6.0,0.417,1,5,0
9911,B,41,37600.0,3.9,0.461,2,2,1
9912,A,28,42100.0,1.4,0.336,0,4,0
9913,B,36,45000.0,2.1,0.435,0,5,0
9914,B,38,40000.0,15.5,0.267,0,4,0
9915,A,28,38300.0,3.8,0.264,0,3,0
9916,A,29,30600.0,14.5,0.321,0,3,0
9917,B,37,20300.0,6.8,0.355,0,5,0
9918,A,24,21000.0,8.8,0.294,0,4,1
9919,A,55,34200.0,6.3,0.339,1,3,1
9920,A,45,38900.0,11.7,0.136,1,2,0
9921,A,46,36200.0,7.8,0.175,1,1,0
9922,A,29,20600.0,9.6,0.356,0,4,0
9923,A,21,42900.0,12.2,0.174,0,2,0
9924,A,55,17100.0,8.4,0.371,0,2,0
9925,A,27,71200.0,15.5,0.376,0,1,0
9926,B,59,53000.0,2.4,0.165,0,4,0
9927,A,39,29000.0,16.2,0.52,0,2,0
9928,A,39,54700.0,9.0,0.283,0,3,0
9929,A,22,48400.0,6.1,0.272,1,3,0
9930,A,27,50400.0,14.9,0.429,2,1,0
9931,A,72,38800.0,3.6,0.392,0,1,0
9932,A,48,79700.0,4.6,0.319,0,1,0
9933,B,42,33900.0,0.5,0.428,2,3,1
9934,A,35,19700.0,7.5,0.4,0,2,0
9935,A,24,33600.0,6.1,0.229,0,1,0
9936,A,50,76200.0,9.7,0.181,0,3,0
9937,B,42,28500.0,3.8,0.479,1,5,0
9938,A,24,35700.0,3.0,0.287,1,3,1
9939,B,37,41000.0,3.4,0.333,0,3,0
9940,A,39,22000.0,11.2,0.513,0,2,0
9941,A,53,30300.0,10.2,0.268,0,3,0
9942,A,27,27800.0,5.1,0.144,0,4,0
9943,A,60,47200.0,21.6,0.264,1,2,0
9944,A,33,32800.0,18.2,0.116,1,3,0
9945,A,38,20400.0,15.7,0.379,0,1,0
9946,A,41,42300.0,5.1,0.393,0,2,0
9947,A,46,40200.0,12.1,0.598,0,2,0
9948,B,53,29100.0,3.3,0.447,2,5,1
9949,A,34,41200.0,9.8,0.413,1,3,0
9950,A,48,31100.0,22.7,0.141,1,4,0
9951,A,22,31200.0,4.9,0.274,0,4,0
9952,A,48,35400.0,3.0,0.128,0,4,0
9953,A,25,84700.0,12.2,0.276,0,3,0
9954,A,21,45200.0,9.2,0.199,0,4,0
9955,A,46,52700.0,10.6,0.255,2,1,0
9956,A,24,31700.0,8.8,0.455,0,1,0
9957,B,26,43700.0,10.5,0.547,0,5,0
9958,B,46,31200.0,7.4,0.458,0,2,0
9959,A,25,34200.0,4.4,0.399,1,1,0
9960,A,49,61400.0,9.0,0.227,0,5,0
9961,B,42,14400.0,1.6,0.366,1,4,0
9962,A,38,31800.0,5.1,0.21,0,3,0
9963,A,39,32000.0,6.8,0.397,0,3,0
9964,A,32,23900.0,10.9,0.273,0,2,0
9965,B,37,29200.0,6.4,0.701,0,1,0
9966,A,33,31800.0,20.0,0.252,0,2,0
9967,A,55,37700.0,21.2,0.561,0,3,1
9968,A,32,21600.0,11.4,0.386,0,1,0
9969,A,67,38500.0,10.3,0.231,0,1,0
9970,A,21,71300.0,6.0,0.359,0,2,0
9971,A,35,25900.0,5.8,0.441,0,3,0
9972,A,21,36000.0,4.1,0.197,0,2,0
9973,A,30,51000.0,10.1,0.375,0,3,0
9974,B,41,27000.0,6.7,0.231,0,5,0
9975,A,36,38700.0,7.0,0.249,1,1,0
9976,A,50,31400.0,4.7,0.57,1,2,1
9977,A,31,48800.0,7.6,0.212,0,1,0
9978,A,33,31900.0,8.0,0.376,1,1,0
9979,A,44,48700.0,9.9,0.415,0,1,0
9980,A,31,29300.0,8.6,0.422,0,5,0
9981,A,35,15000.0,8.1,0.273,1,3,0
9982,A,38,36700.0,4.8,0.428,1,1,1
9983,A,26,52000.0,17.5,0.326,1,2,0
9984,B,49,29400.0,1.5,0.312,1,5,0
9985,A,62,78500.0,6.9,0.165,0,2,0
9986,B,26,28100.0,13.9,0.451,1,3,0
9987,A,33,50000.0,0.5,0.457,0,3,1
9988,A,21,25000.0,15.0,0.443,0,1,0
9989,B,24,12600.0,8.2,0.479,0,4,0
9990,A,33,37100.0,11.1,0.313,0,1,0
9991,A,21,41000.0,5.1,0.265,0,1,0
9992,A,22,19700.0,11.4,0.429,1,2,1
9993,B,50,27500.0,2.7,0.256,3,1,0
9994,A,26,31200.0,4.5,0.228,2,3,1
9995,B,34,18500.0,4.6,0.445,1,3,1
9996,B,48,33800.0,10.7,0.309,2,4,0
9997,A,46,47400.0,11.0,0.261,0,4,0
9998,A,32,42600.0,10.7,0.384,0,1,0
9999,A,56,47000.0,7.1,0.063,0,1,0
10000,B,33,26000.0,13.7,0.289,0,3,0
10001,B,61,38800.0,3.0,0.552,0,3,1
10002,B,45,40500.0,1.6,0.227,1,3,0
10003,B,43,15300.0,3.8,0.397,1,4,0
10004,A,21,38900.0,5.4,0.117,0,2,0
10005,A,38,66600.0,30.0,0.225,0,2,0
10006,A,32,26500.0,2.2,0.113,2,1,0
10007,B,42,18300.0,7.2,0.382,1,5,0
10008,A,40,45000.0,7.5,0.171,0,5,0
10009,A,66,15200.0,9.3,0.139,0,1,0
10010,B,33,38500.0,1.6,0.488,0,4,1
10011,A,47,91800.0,3.1,0.095,0,2,0
10012,A,30,35600.0,4.1,0.434,0,3,0
10013,B,40,31700.0,5.1,0.475,1,4,0
10014,A,38,43700.0,1.0,0.753,1,2,1
10015,A,43,32700.0,7.1,0.206,0,3,0
10016,A,52,33500.0,6.3,0.357,0,2,0
10017,B,60,23000.0,2.0,0.314,0,1,0
10018,B,44,27700.0,1.1,0.332,0,4,1
10019,A,36,47200.0,15.1,0.422,1,3,0
10020,A,38,61500.0,12.0,0.446,0,2,0
10021,A,41,35300.0,12.7,0.22,0,5,0
10022,A,30,14800.0,20.5,0.102,0,2,0
10023,B,35,22900.0,10.0,0.536,0,4,1
10024,B,59,19400.0,7.0,0.526,1,5,0
10025,A,27,35000.0,8.5,0.089,1,4,0
10026,A,54,23000.0,4.6,0.373,0,4,0
10027,A,50,25300.0,8.9,0.549,2,1,1
10028,A,46,54900.0,7.3,0.297,2,4,0
10029,A,37,44600.0,16.4,0.255,0,1,0
10030,A,35,49800.0,7.6,0.359,0,2,0
10031,A,58,19300.0,4.4,0.248,0,1,0
10032,A,56,24900.0,14.2,0.32,1,5,0
10033,B,48,14200.0,5.5,0.167,0,4,0
10034,A,42,58700.0,13.3,0.338,0,1,0
10035,A,30,34700.0,6.9,0.158,0,1,0
10036,A,21,22600.0,4.3,0.075,0,1,1
10037,A,33,57400.0,8.6,0.206,0,3,0
10038,B,46,21000.0,2.1,0.085,0,2,0
10039,B,37,18400.0,1.6,0.431,3,3,1
10040,B,44,40800.0,3.2,0.346,1,3,0
10041,B,24,58300.0,10.2,0.346,0,3,0
10042,A,45,22200.0,5.6,0.485,0,3,0
10043,A,67,19800.0,7.4,0.08,0,2,0
10044,B,42,45500.0,7.3,0.535,2,5,1
10045,A,41,28100.0,16.7,0.299,0,3,0
10046,B,26,28100.0,2.9,0.248,1,4,0
10047,A,52,73400.0,6.9,0.422,0,1,0
10048,B,51,23100.0,2.6,0.363,0,1,0
10049,A,40,47600.0,15.4,0.232,2,4,0
10050,A,52,44200.0,5.8,0.223,0,2,0
10051,A,25,43000.0,8.8,0.245,0,2,0
10052,B,41,38000.0,1.2,0.395,0,5,0
10053,A,44,47500.0,6.8,0.076,0,5,0
10054,A,37,48500.0,3.5,0.183,1,3,0
10055,A,38,31900.0,5.6,0.273,1,1,0
10056,A,53,32400.0,13.5,0.148,0,3,0
10057,A,42,16500.0,10.7,0.266,0,4,0
10058,B,24,39800.0,9.5,0.387,1,5,0
10059,A,57,56200.0,6.5,0.329,0,2,0
10060,A,42,33300.0,6.8,0.336,1,3,1
10061,A,39,96600.0,7.0,0.203,2,3,0
10062,A,50,35400.0,15.6,0.358,0,3,0
10063,B,33,28700.0,0.8,0.556,0,3,0
10064,A,21,42900.0,13.0,0.321,2,1,0
10065,A,33,53600.0,15.4,0.401,0,2,0
10066,A,41,29800.0,12.0,0.503,0,3,0
10067,B,30,34400.0,1.8,0.519,0,5,1
10068,A,45,84900.0,12.0,0.474,0,3,0
10069,A,51,24400.0,9.3,0.352,0,3,0
10070,B,51,46800.0,5.6,0.509,0,4,0
10071,B,42,31900.0,0.5,0.546,0,2,0
10072,A,21,43400.0,7.7,0.412,0,3,1
10073,A,50,40800.0,10.1,0.528,0,3,0
10074,A,28,58400.0,6.4,0.261,0,3,0
10075,A,44,27300.0,11.2,0.375,1,2,0
10076,B,32,26300.0,2.5,0.329,0,4,1
10077,A,51,32000.0,5.4,0.18,0,3,0
10078,A,48,65600.0,13.9,0.248,0,3,0
10079,B,31,19800.0,5.1,0.398,1,5,0
10080,A,21,59500.0,19.3,0.565,0,2,0
10081,A,45,51900.0,11.0,0.39,1,5,1
10082,A,51,53200.0,5.1,0.315,0,2,0
10083,B,49,21000.0,3.8,0.471,1,2,1
10084,A,40,54300.0,6.0,0.318,0,1,0
10085,A,26,22200.0,6.0,0.269,1,1,0
10086,A,38,18600.0,21.2,0.249,1,2,1
10087,B,40,37800.0,1.9,0.245,1,2,0
10088,A,39,27000.0,9.1,0.3,2,1,0
10089,B,38,51300.0,4.1,0.652,1,5,0
10090,A,34,29600.0,12.4,0.299,1,4,0
10091,B,40,33600.0,4.1,0.444,0,2,1
10092,A,44,30600.0,16.2,0.296,0,3,0
10093,A,62,55200.0,9.7,0.342,0,1,0
10094,A,21,24100.0,7.4,0.437,1,2,0
10095,B,27,15600.0,3.6,0.331,0,1,0
10096,A,55,39000.0,4.4,0.349,1,2,0
10097,A,41,25100.0,1.0,0.522,0,3,1
10098,B,42,27400.0,10.8,0.315,0,4,0
10099,B,39,30800.0,6.2,0.338,0,5,0
10100,A,24,12700.0,3.5,0.45,0,1,0
10101,B,35,35700.0,9.0,0.338,0,3,0
10102,A,38,47600.0,12.2,0.207,1,3,0
10103,A,45,26000.0,6.6,0.403,0,1,0
10104,A,32,84000.0,14.5,0.42,1,2,0
10105,A,38,25700.0,8.9,0.186,0,1,0
10106,B,57,31500.0,21.2,0.354,0,4,0
10107,A,21,45700.0,13.5,0.221,0,2,0
10108,B,37,34400.0,0.9,0.29,0,5,0
10109,A,41,26000.0,10.6,0.319,1,3,0
10110,A,39,29100.0,9.5,0.2,0,3,0
10111,A,38,70900.0,4.8,0.135,0,3,0
10112,A,54,62700.0,10.3,0.401,0,2,0
10113,A,28,79500.0,7.4,0.255,0,1,0
10114,B,58,46200.0,4.4,0.622,2,4,1
10115,A,23,46400.0,2.3,0.441,0,1,0
10116,B,39,58500.0,2.8,0.415,0,3,0
10117,A,33,26900.0,15.3,0.388,0,1,0
10118,A,47,93900.0,1.1,0.358,0,4,0
10119,A,42,38200.0,6.9,0.294,1,1,0
10120,B,36,37100.0,2.8,0.29,0,4,0
10121,A,21,40500.0,8.6,0.328,1,4,0
10122,B,29,24800.0,2.8,0.214,1,4,1
10123,A,51,26800.0,28.6,0.242,1,5,0
10124,A,50,36800.0,10.4,0.168,0,2,0
10125,A,48,22900.0,22.4,0.198,0,5,0
10126,A,52,33400.0,10.1,0.332,0,3,0
10127,A,43,32700.0,10.7,0.362,0,4,0
10128,A,27,38500.0,8.9,0.17,1,2,0
10129,A,50,23500.0,7.9,0.474,0,3,1
10130,A,58,85300.0,5.8,0.223,0,3,0
10131,A,39,30900.0,11.1,0.166,0,1,1
10132,A,47,50400.0,11.7,0.509,0,3,0
10133,B,21,32600.0,1.8,0.292,0,5,1
10134,B,33,23400.0,14.8,0.304,1,5,0
10135,A,21,31700.0,4.1,0.255,0,4,0
10136,A,62,38100.0,2.9,0.195,0,1,0
10137,B,21,44300.0,7.9,0.393,0,3,0
10138,A,46,40800.0,9.7,0.326,0,1,0
10139,B,56,51300.0,8.5,0.311,0,5,0
10140,A,39,37800.0,10.6,0.253,0,1,0
10141,A,52,23200.0,11.0,0.397,1,1,0
10142,A,49,51700.0,11.6,0.504,1,1,1
10143,A,39,37000.0,4.7,0.545,0,3,0
10144,B,31,22300.0,17.0,0.428,1,4,0
10145,A,40,38000.0,11.5,0.335,0,5,0
10146,B,52,25300.0,1.0,0.337,0,4,0
10147,B,37,31400.0,2.9,0.246,0,4,0
10148,A,57,47300.0,10.2,0.499,1,5,0
10149,A,45,40100.0,4.4,0.181,0,5,0
10150,A,63,17200.0,2.9,0.324,0,3,0
10151,A,41,34700.0,8.8,0.362,0,2,0
10152,A,61,51700.0,19.2,0.187,0,1,0
10153,B,70,19200.0,2.9,0.06,0,5,0
10154,A,42,32400.0,6.0,0.229,1,3,0
10155,A,48,112300.0,9.1,0.578,1,1,0
10156,B,37,48300.0,1.9,0.347,0,4,1
10157,A,21,21200.0,6.0,0.361,0,1,0
10158,A,54,34700.0,4.5,0.486,0,3,0
10159,A,53,45600.0,9.4,0.379,0,1,0
10160,A,21,19800.0,20.3,0.42,0,3,0
10161,A,31,89600.0,5.3,0.35,0,1,0
10162,A,35,50000.0,5.8,0.146,0,3,0
10163,A,56,36200.0,12.0,0.153,0,3,0
10164,A,56,51700.0,7.9,0.187,0,2,0
10165,A,41,38400.0,3.8,0.384,0,1,0
10166,A,59,53700.0,7.6,0.319,1,5,0
10167,A,32,73100.0,3.0,0.362,0,1,0
10168,A,39,22800.0,5.7,0.335,0,3,0
10169,B,28,20700.0,0.2,0.178,2,5,1
10170,B,21,29200.0,3.2,0.264,0,2,0
10171,A,30,55500.0,9.8,0.297,0,3,0
10172,A,58,22800.0,3.2,0.348,0,1,0
10173,A,39,46100.0,10.0,0.382,0,4,0
10174,B,41,30500.0,7.4,0.52,0,5,1
10175,A,29,43300.0,5.3,0.309,0,2,0
10176,B,44,27700.0,3.7,0.456,0,3,0
10177,A,35,56200.0,13.7,0.336,1,1,0
10178,A,37,89800.0,6.3,0.26,0,4,0
10179,B,49,63400.0,4.6,0.46,1,4,0
10180,A,67,25500.0,14.4,0.438,0,2,0
10181,B,27,53200.0,5.7,0.301,2,3,0
10182,A,41,31400.0,8.6,0.532,0,5,0
10183,A,24,36900.0,15.1,0.267,1,4,0
10184,A,52,25900.0,7.6,0.426,0,1,0
10185,B,34,57100.0,12.7,0.493,0,5,0
10186,A,21,18800.0,13.2,0.217,0,3,0
10187,A,28,21000.0,16.3,0.425,0,5,0
10188,A,21,37700.0,5.7,0.334,0,4,0
10189,A,47,85600.0,7.0,0.386,1,2,0
10190,A,49,47500.0,5.3,0.239,0,2,0
10191,A,48,27500.0,6.8,0.238,0,3,0
10192,B,49,25900.0,8.0,0.599,0,3,1
10193,A,28,46900.0,10.8,0.424,2,4,0
10194,B,38,21300.0,12.8,0.272,2,5,0
10195,A,39,55300.0,5.6,0.438,0,2,0
10196,A,55,65800.0,10.4,0.486,1,5,0
10197,A,64,19900.0,5.6,0.281,0,3,0
10198,A,25,36000.0,4.8,0.459,0,3,0
10199,B,36,38000.0,5.0,0.373,0,5,0
10200,B,40,33900.0,23.2,0.404,0,3,0
10201,A,51,27000.0,6.3,0.355,0,1,0
10202,A,45,39700.0,7.6,0.21,0,2,0
10203,A,37,21300.0,8.8,0.503,0,1,0
10204,B,53,27900.0,10.5,0.423,1,3,0
10205,A,44,20700.0,1.9,0.286,0,1,0
10206,A,21,52300.0,6.6,0.733,0,3,0
10207,A,45,48800.0,20.9,0.232,0,1,0
10208,A,67,51100.0,6.6,0.398,0,2,0
10209,A,51,37600.0,7.2,0.194,0,1,0
10210,B,46,36300.0,1.6,0.209,2,5,0
10211,B,33,19900.0,8.0,0.316,0,4,0
10212,B,21,25500.0,1.7,0.371,0,5,0
10213,A,25,58900.0,8.7,0.311,1,5,0
10214,A,29,32300.0,12.8,0.534,0,2,0
10215,A,31,69600.0,11.4,0.365,0,5,0
10216,A,45,23400.0,7.8,0.179,0,2,0
10217,A,56,63300.0,4.3,0.356,0,1,0
10218,A,33,42500.0,9.7,0.669,0,1,0
10219,A,52,41800.0,11.8,0.31,3,2,0
10220,A,58,41100.0,4.6,0.325,0,3,0
10221,A,32,29700.0,5.8,0.13,0,2,0
10222,A,36,36800.0,6.1,0.259,1,4,0
10223,A,55,40200.0,18.4,0.362,2,1,0
10224,B,42,46300.0,10.9,0.468,0,5,0
10225,B,30,32800.0,9.9,0.481,0,4,0
10226,A,43,40000.0,9.4,0.124,0,1,0
10227,A,48,31700.0,11.8,0.401,0,2,0
10228,B,60,21900.0,5.5,0.459,0,2,0
10229,A,27,47100.0,5.9,0.353,1,1,1
10230,A,43,43500.0,12.2,0.186,0,2,0
10231,A,21,45500.0,10.3,0.361,1,1,0
10232,A,33,34300.0,8.8,0.3,1,5,1
10233,A,46,64400.0,2.9,0.217,0,3,0
10234,A,29,39000.0,9.3,0.361,0,2,0
10235,A,57,33600.0,1.5,0.563,0,2,1
10236,A,42,46500.0,13.6,0.252,0,1,0
10237,B,54,34300.0,3.4,0.451,2,3,0
10238,A,37,44700.0,5.3,0.113,1,2,0
10239,B,48,39000.0,3.3,0.281,0,4,0
10240,A,47,16900.0,4.2,0.475,0,3,0
10241,B,47,42700.0,3.2,0.294,1,2,0
10242,A,48,47500.0,2.8,0.28,2,5,0
10243,A,40,25400.0,5.9,0.108,1,2,0
10244,A,36,40200.0,5.1,0.24,1,2,0
10245,A,49,58800.0,10.2,0.516,0,2,0
10246,A,27,47900.0,7.9,0.107,0,4,0
10247,A,45,16200.0,9.8,0.336,1,2,0
10248,B,41,13200.0,7.6,0.317,0,5,0
10249,B,34,25900.0,13.8,0.428,0,4,0
10250,A,44,66900.0,27.3,0.291,0,4,0
10251,A,45,61800.0,5.8,0.536,0,1,0
10252,A,58,50700.0,3.1,0.227,1,3,0
10253,A,21,23900.0,3.1,0.415,1,2,1
10254,A,29,53200.0,5.1,0.202,2,5,0
10255,A,43,23100.0,7.7,0.377,1,1,0
10256,A,44,30000.0,5.4,0.04,0,1,0
10257,A,34,23500.0,2.4,0.436,1,2,0
10258,A,64,74400.0,4.9,0.275,0,3,0
10259,A,41,46300.0,4.1,0.297,2,1,0
10260,B,44,52000.0,12.0,0.29,2,5,0
10261,B,34,34700.0,5.9,0.489,0,4,0
10262,A,38,24500.0,17.3,0.44,0,2,0
10263,A,50,46100.0,3.0,0.349,0,4,0
10264,A,33,62200.0,10.2,0.248,0,1,0
10265,A,46,28000.0,6.5,0.187,0,2,0
10266,A,39,24000.0,6.2,0.179,1,1,0
10267,A,40,33700.0,7.8,0.299,0,3,0
10268,B,34,23800.0,1.3,0.356,1,4,0
10269,A,55,32100.0,6.0,0.357,0,1,0
10270,A,40,42300.0,3.0,0.227,0,2,0
10271,B,38,39000.0,7.1,0.346,0,4,0
10272,B,41,30000.0,0.5,0.538,1,5,0
10273,A,35,32100.0,10.4,0.442,0,2,0
10274,A,58,19300.0,7.9,0.315,0,2,0
10275,A,69,48300.0,13.2,0.431,0,3,0
10276,A,33,43200.0,7.8,0.274,0,1,0
10277,A,48,28500.0,5.6,0.36,0,2,0
10278,B,46,25700.0,1.2,0.178,0,4,0
10279,A,43,35400.0,6.8,0.16,0,2,1
10280,B,46,18000.0,5.3,0.474,0,2,0
10281,A,35,49900.0,7.2,0.112,0,3,0
10282,B,38,17900.0,3.6,0.315,2,4,0
10283,A,21,29400.0,1.1,0.192,1,3,0
10284,A,28,37400.0,9.4,0.334,0,3,0
10285,B,46,40400.0,4.0,0.424,1,5,0
10286,B,35,32400.0,1.8,0.34,0,2,0
10287,B,28,16100.0,6.0,0.404,0,2,0
10288,A,28,44000.0,6.3,0.55,0,1,0
10289,A,43,13100.0,4.5,0.294,0,2,0
10290,A,21,29400.0,10.1,0.442,0,2,0
10291,A,40,61700.0,7.1,0.324,1,3,0
10292,A,41,34200.0,9.2,0.462,0,1,0
10293,A,43,11500.0,8.5,0.354,0,2,0
10294,B,40,41600.0,3.1,0.299,0,5,0
10295,B,33,39000.0,13.9,0.594,0,3,0
10296,A,45,50100.0,12.3,0.339,0,2,0
10297,A,57,22600.0,13.0,0.385,1,3,0
10298,A,21,47100.0,7.6,0.641,0,4,1
10299,B,21,79900.0,13.0,0.349,0,4,0
10300,A,50,50700.0,7.7,0.219,0,3,0
10301,A,50,23600.0,11.1,0.311,2,3,0
10302,A,56,32600.0,20.9,0.43,1,4,0
10303,A,36,22300.0,11.7,0.421,0,1,0
10304,B,25,21500.0,12.1,0.361,0,5,0
10305,B,48,27700.0,4.7,0.235,1,5,0
10306,A,42,61600.0,11.7,0.291,0,1,0
10307,A,44,47100.0,2.7,0.199,0,2,0
10308,A,38,48000.0,13.6,0.278,0,1,0
10309,A,53,38200.0,12.1,0.579,0,4,0
10310,B,21,31400.0,9.2,0.326,1,3,0
10311,A,41,16500.0,8.2,0.377,1,1,1
10312,B,63,32900.0,5.8,0.174,1,1,0
10313,A,21,22300.0,17.1,0.486,1,3,0
10314,A,43,36000.0,6.6,0.205,2,4,0
10315,A,38,56500.0,11.4,0.494,1,1,0
10316,B,41,53300.0,2.5,0.253,0,5,0
10317,A,43,31800.0,12.7,0.377,1,1,0
10318,A,50,39200.0,4.3,0.253,0,1,0
10319,A,32,47400.0,9.7,0.196,0,1,0
10320,B,44,46600.0,7.3,0.506,1,5,1
10321,A,35,23200.0,3.4,0.429,0,1,0
10322,B,23,30200.0,0.6,0.401,1,3,0
10323,A,63,22300.0,5.5,0.173,0,5,1
10324,A,34,35100.0,11.0,0.254,0,2,0
10325,A,40,42800.0,4.9,0.351,1,2,0
10326,B,47,16100.0,6.8,0.366,1,2,0
10327,B,35,22300.0,3.9,0.215,0,4,0
10328,A,44,42300.0,11.3,0.459,0,3,0
10329,B,21,29300.0,11.3,0.466,1,5,1
10330,B,34,41800.0,5.0,0.277,1,2,0
10331,B,35,25800.0,1.4,0.278,2,3,0
10332,A,24,61000.0,6.0,0.371,0,1,0
10333,A,21,81300.0,7.9,0.246,0,1,0
10334,A,41,25900.0,14.9,0.309,1,4,0
10335,A,52,37600.0,8.9,0.381,1,2,0
10336,B,42,28100.0,5.3,0.531,0,3,0
10337,A,46,41700.0,9.2,0.412,0,5,0
10338,A,36,31900.0,5.7,0.447,0,1,0
10339,B,43,26600.0,2.9,0.512,0,3,0
10340,A,31,54000.0,23.1,0.308,0,5,0
10341,A,35,47700.0,11.9,0.1,0,1,0
10342,A,35,40200.0,5.8,0.601,0,3,0
10343,B,28,24100.0,1.4,0.425,0,5,0
10344,B,45,28200.0,8.9,0.31,0,5,0
10345,A,36,35600.0,8.0,0.304,2,1,0
10346,A,49,28500.0,10.8,0.236,0,4,0
10347,A,40,35600.0,5.8,0.193,1,1,0
10348,B,31,36600.0,2.7,0.382,0,4,0
10349,A,25,33000.0,14.2,0.143,0,1,0
10350,A,52,66100.0,8.5,0.136,0,2,0
10351,A,65,45100.0,10.8,0.35,1,2,0
10352,A,48,26800.0,11.2,0.119,0,1,0
10353,A,34,22700.0,14.7,0.306,0,1,0
10354,B,37,29000.0,6.9,0.427,1,5,1
10355,B,44,36700.0,4.7,0.332,0,4,0
10356,B,51,39200.0,3.5,0.372,1,3,0
10357,A,47,41500.0,11.0,0.592,0,1,0
10358,A,42,29900.0,6.1,0.357,0,4,0
10359,A,28,34600.0,4.7,0.295,0,4,0
10360,A,26,54600.0,8.3,0.457,3,2,1
10361,B,27,17000.0,13.9,0.115,1,5,0
10362,A,32,39700.0,9.3,0.365,0,5,1
10363,A,43,51300.0,3.9,0.517,0,1,0
10364,A,49,81500.0,8.4,0.187,0,2,0
10365,A,25,35000.0,8.0,0.285,0,5,0
10366,A,27,70900.0,7.4,0.24,0,4,0
10367,A,22,32800.0,2.9,0.333,0,3,0
10368,A,37,51600.0,22.9,0.445,2,1,0
10369,A,53,21800.0,9.2,0.114,0,2,0
10370,A,39,43000.0,4.4,0.319,1,2,0
10371,A,34,35100.0,11.0,0.279,0,3,0
10372,A,44,35100.0,4.0,0.357,1,3,0
10373,B,41,54400.0,1.1,0.506,0,3,0
10374,B,36,27600.0,2.9,0.384,0,1,0
10375,B,52,21700.0,2.8,0.106,1,5,0
10376,A,36,71300.0,5.1,0.438,1,3,1
10377,A,21,46800.0,8.8,0.548,0,4,0
10378,B,52,21600.0,12.0,0.246,0,4,0
10379,A,22,37600.0,9.4,0.212,1,4,0
10380,A,61,34500.0,3.0,0.36,0,4,0
10381,B,21,29100.0,5.1,0.377,1,4,0
10382,A,45,29700.0,13.4,0.146,0,4,0
10383,A,37,54600.0,5.7,0.296,0,4,0
10384,A,40,59800.0,9.9,0.512,0,2,0
10385,A,53,40000.0,10.5,0.4,1,1,0
10386,A,30,55000.0,3.4,0.399,0,1,0
10387,B,33,34700.0,2.3,0.573,0,3,1
10388,B,36,16700.0,5.1,0.247,1,4,0
10389,A,41,30000.0,6.4,0.197,2,3,1
10390,B,43,13400.0,5.3,0.227,0,5,0
10391,A,50,27000.0,12.6,0.515,0,2,0
10392,A,46,31900.0,4.5,0.505,0,2,0
10393,B,43,21000.0,12.7,0.303,1,3,0
10394,A,32,48300.0,12.2,0.288,0,5,0
10395,B,44,23400.0,14.2,0.369,1,5,0
10396,A,54,26700.0,11.7,0.27,0,1,0
10397,B,30,47600.0,2.2,0.275,0,2,0
10398,A,45,38100.0,6.2,0.152,0,1,1
10399,B,41,24500.0,10.6,0.25,2,3,0
10400,B,49,21800.0,5.8,0.161,0,4,0
10401,A,34,78200.0,10.2,0.251,0,5,0
10402,A,38,43100.0,11.4,0.4,0,3,0
10403,B,28,18100.0,9.6,0.464,0,2,1
10404,A,49,28000.0,15.6,0.258,1,1,0
10405,B,69,31000.0,8.6,0.275,1,2,1
10406,A,30,48100.0,2.3,0.177,1,1,0
10407,A,28,45000.0,7.8,0.045,0,2,0
10408,A,28,39100.0,7.6,0.442,0,3,0
10409,B,26,44200.0,13.7,0.465,2,5,1
10410,A,38,47000.0,6.7,0.144,2,1,0
10411,A,42,71600.0,2.7,0.488,1,2,0
10412,A,60,16300.0,4.9,0.125,0,4,0
10413,B,59,39900.0,6.8,0.282,0,5,1
10414,A,40,90400.0,6.5,0.155,0,1,0
10415,A,50,53900.0,11.1,0.391,0,2,0
10416,B,45,21600.0,9.8,0.38,0,4,0
10417,A,52,28600.0,9.1,0.279,0,1,0
10418,A,21,13200.0,9.6,0.127,0,3,0
10419,A,29,27300.0,17.4,0.212,0,3,0
10420,A,53,17900.0,10.7,0.146,0,1,1
10421,B,53,13900.0,0.8,0.484,0,4,1
10422,A,55,21200.0,7.3,0.331,1,1,0
10423,A,30,74600.0,6.4,0.407,0,1,0
10424,A,24,90900.0,10.9,0.3,0,1,0
10425,A,53,24200.0,10.9,0.306,0,1,0
10426,B,50,28900.0,6.2,0.433,0,4,0
10427,A,26,31300.0,15.6,0.49,2,2,0
10428,B,46,36400.0,9.3,0.252,0,2,0
10429,A,39,40100.0,15.0,0.298,1,1,0
10430,A,51,18000.0,14.9,0.309,0,1,0
10431,A,70,44800.0,6.2,0.303,2,1,0
10432,B,32,23300.0,3.7,0.227,2,5,1
10433,B,34,43500.0,7.4,0.376,0,5,0
10434,A,39,69400.0,3.3,0.381,1,3,0
10435,B,24,46100.0,7.6,0.493,0,4,0
10436,A,43,43800.0,22.4,0.466,0,5,0
10437,A,40,57100.0,4.5,0.276,1,2,0
10438,B,69,44800.0,2.5,0.365,1,3,0
10439,A,57,60200.0,8.2,0.189,2,3,0
10440,B,48,19000.0,3.2,0.395,0,4,1
10441,A,42,14400.0,18.7,0.172,0,4,0
10442,A,39,80800.0,19.5,0.446,0,1,0
10443,B,34,41600.0,7.2,0.356,1,3,0
10444,A,37,45100.0,7.2,0.072,0,3,0
10445,A,38,45500.0,10.3,0.437,1,1,0
10446,A,43,24400.0,3.4,0.33,1,1,0
10447,B,42,45200.0,3.8,0.345,0,5,0
10448,B,21,20200.0,9.8,0.488,0,3,0
10449,A,38,51400.0,4.5,0.408,0,2,0
10450,A,29,34400.0,20.9,0.342,0,5,0
10451,A,47,43500.0,11.9,0.22,0,2,0
10452,A,39,103600.0,21.6,0.421,0,3,0
10453,A,39,40000.0,12.5,0.416,0,1,0
10454,A,60,48600.0,8.3,0.623,1,4,0
10455,A,29,42800.0,9.8,0.284,0,3,0
10456,A,21,13900.0,30.0,0.276,0,1,0
10457,B,50,21400.0,7.9,0.338,0,2,0
10458,A,59,38500.0,2.0,0.379,1,5,1
10459,A,21,56200.0,25.3,0.247,0,3,0
10460,A,33,75800.0,5.6,0.066,0,1,0
10461,A,35,34300.0,3.8,0.179,0,3,0
10462,B,47,26600.0,2.6,0.227,0,3,0
10463,A,43,22200.0,10.0,0.449,0,2,0
10464,A,54,34200.0,19.4,0.251,2,1,0
10465,A,52,43100.0,5.4,0.421,1,1,0
10466,A,49,23600.0,3.4,0.396,0,1,0
10467,A,47,28200.0,20.9,0.247,1,4,0
10468,A,25,55600.0,13.5,0.464,1,1,0
10469,A,68,45400.0,17.6,0.145,0,1,0
10470,B,28,22900.0,4.3,0.343,0,3,0
10471,A,50,43300.0,8.1,0.408,0,4,0
10472,A,50,58400.0,5.9,0.212,0,1,0
10473,A,40,31900.0,7.8,0.305,0,3,0
10474,A,28,32400.0,12.3,0.111,0,1,0
10475,A,51,58700.0,14.1,0.457,0,1,0
10476,A,51,41900.0,7.6,0.112,0,3,0
10477,A,27,51800.0,11.9,0.384,0,2,0
10478,A,57,27600.0,12.0,0.405,1,4,0
10479,A,45,31400.0,7.5,0.374,1,4,0
10480,A,24,30100.0,10.8,0.269,1,5,0
10481,A,57,67400.0,5.8,0.443,0,1,0
10482,A,52,59800.0,3.2,0.394,0,2,0
10483,B,46,23100.0,5.1,0.401,0,2,0
10484,A,52,58100.0,6.4,0.192,0,1,1
10485,A,38,67200.0,14.9,0.127,0,2,0
10486,A,40,33500.0,5.9,0.228,0,1,0
10487,B,43,34300.0,3.5,0.613,0,1,1
10488,A,68,43000.0,6.6,0.495,1,2,0
10489,A,53,98400.0,18.5,0.421,2,1,0
10490,A,34,38600.0,4.2,0.178,0,1,0
10491,B,33,48100.0,7.7,0.391,0,4,0
10492,A,41,27000.0,7.9,0.194,1,2,0
10493,B,40,42900.0,12.2,0.551,0,3,0
10494,A,54,59200.0,3.4,0.362,0,2,0
10495,A,43,34900.0,11.3,0.28,0,3,1
10496,A,42,30300.0,9.9,0.347,0,1,0
10497,A,52,34100.0,21.7,0.43,0,2,0
10498,A,52,43200.0,11.0,0.133,0,2,0
10499,A,37,60800.0,1.5,0.52,1,4,1
10500,A,68,64300.0,9.2,0.306,0,2,0
10501,A,46,51700.0,4.9,0.159,1,1,0
10502,A,31,21600.0,11.7,0.205,0,1,0
10503,B,43,67900.0,6.7,0.257,0,3,0
10504,A,32,22800.0,14.8,0.52,0,3,0
10505,A,21,43500.0,10.4,0.387,0,2,0
10506,A,59,90100.0,14.4,0.386,0,3,0
10507,A,55,36600.0,5.3,0.277,0,2,0
10508,A,46,38600.0,7.1,0.296,1,1,1
10509,A,33,24400.0,16.6,0.356,0,1,0
10510,B,29,32900.0,6.7,0.376,1,3,0
10511,B,36,28400.0,4.5,0.263,0,2,1
10512,B,44,42200.0,2.1,0.434,0,2,0
10513,A,21,32900.0,7.8,0.409,1,1,1
10514,A,29,38900.0,10.4,0.324,1,4,0
10515,A,38,49000.0,7.1,0.096,0,3,0
10516,A,33,51900.0,10.3,0.148,0,2,0
10517,B,37,47400.0,8.7,0.239,0,4,0
10518,B,35,40300.0,4.7,0.359,2,5,0
10519,A,21,40200.0,9.1,0.145,0,2,0
10520,B,26,19900.0,3.7,0.291,0,1,0
10521,B,21,28200.0,3.5,0.34,0,3,0
10522,A,28,24800.0,15.9,0.292,0,4,0
10523,A,36,26400.0,8.6,0.338,0,2,0
10524,A,35,45300.0,1.9,0.47,1,5,1
10525,A,40,31600.0,8.2,0.236,0,1,0
10526,A,23,18400.0,6.0,0.169,1,1,0
10527,B,35,58700.0,5.7,0.312,1,4,0
10528,B,46,20900.0,2.0,0.202,0,4,0
10529,A,31,45700.0,10.2,0.488,0,1,1
10530,A,33,56000.0,24.1,0.288,0,3,0
10531,A,75,21400.0,9.2,0.582,0,2,0
10532,B,36,14800.0,3.6,0.322,0,2,0
10533,A,35,47200.0,1.8,0.202,0,2,1
10534,A,56,23200.0,19.2,0.141,0,3,0
10535,A,40,58000.0,4.7,0.644,0,3,1
10536,B,62,21700.0,7.8,0.435,0,2,0
10537,A,53,46100.0,9.7,0.216,0,4,0
10538,A,61,29700.0,6.5,0.391,1,3,1
10539,A,24,86700.0,14.4,0.282,1,2,0
10540,B,54,49600.0,12.2,0.423,0,4,0
10541,B,35,20500.0,6.4,0.275,2,4,1
10542,A,55,27900.0,7.0,0.347,1,4,0
10543,A,36,44200.0,6.1,0.501,1,3,1
10544,A,45,59600.0,23.5,0.59,0,1,0
10545,A,26,45200.0,16.3,0.334,0,1,0
10546,A,55,29300.0,17.2,0.222,0,2,0
10547,A,51,67800.0,1.4,0.34,0,2,0
10548,A,30,25600.0,14.7,0.301,1,1,0
10549,A,21,22600.0,13.1,0.269,1,4,0
10550,B,28,19700.0,0.7,0.286,0,4,0
10551,A,37,44600.0,10.1,0.363,0,1,0
10552,B,52,21400.0,13.2,0.247,2,2,1
10553,B,40,23800.0,2.9,0.44,0,2,0
10554,B,57,16900.0,6.6,0.506,0,5,0
10555,A,36,38600.0,10.1,0.246,1,5,0
10556,A,35,45700.0,8.4,0.224,1,4,0
10557,B,49,30500.0,3.0,0.367,2,3,0
10558,A,50,53800.0,5.8,0.232,0,4,1
10559,A,40,50600.0,8.3,0.144,0,2,0
10560,A,55,44800.0,6.4,0.435,1,2,0
10561,B,29,65000.0,2.1,0.501,1,4,0
10562,B,37,21300.0,11.1,0.283,1,3,0
10563,A,47,75000.0,19.3,0.392,0,3,0
10564,A,35,48300.0,6.1,0.352,0,3,0
10565,B,31,20500.0,5.4,0.477,1,5,0
10566,A,21,23500.0,1.6,0.43,0,1,1
10567,B,53,29300.0,3.7,0.547,1,3,1
10568,B,46,20100.0,17.3,0.583,1,2,1
10569,A,59,43400.0,16.6,0.203,1,2,0
10570,A,21,92100.0,13.8,0.172,1,2,0
10571,A,33,60600.0,5.1,0.145,1,2,0
10572,B,43,39100.0,3.5,0.253,0,4,0
10573,B,36,21000.0,11.0,0.129,0,2,0
10574,B,37,28600.0,3.7,0.274,2,5,0
10575,A,31,20900.0,15.7,0.266,0,1,0
10576,A,51,20900.0,4.3,0.337,0,2,0
10577,A,57,63800.0,11.2,0.082,0,3,0
10578,A,31,31300.0,3.1,0.463,0,1,1
10579,A,55,50000.0,9.5,0.624,1,2,0
10580,A,50,39000.0,5.0,0.251,1,5,0
10581,A,35,16100.0,6.1,0.229,0,3,0
10582,A,53,17100.0,9.1,0.249,0,3,0
10583,A,38,29600.0,9.7,0.269,0,1,0
10584,A,45,44600.0,9.0,0.423,0,5,1
10585,A,52,70800.0,7.7,0.463,2,3,0
10586,A,29,115900.0,4.0,0.343,0,2,0
10587,B,28,25200.0,6.7,0.187,2,1,0
10588,A,66,21700.0,5.2,0.137,0,1,0
10589,A,47,46500.0,4.9,0.284,0,3,0
10590,A,42,30200.0,7.9,0.387,2,4,1
10591,A,47,54500.0,3.4,0.215,0,1,0
10592,A,32,31800.0,6.2,0.454,0,5,0
10593,A,50,35200.0,13.7,0.22,0,2,0
10594,B,35,55000.0,1.6,0.595,0,2,0
10595,B,30,21100.0,6.9,0.291,0,4,0
10596,A,53,33800.0,3.4,0.183,0,1,1
10597,A,57,86100.0,10.5,0.188,0,1,0
10598,B,21,36400.0,6.2,0.157,2,4,0
10599,A,28,56400.0,5.2,0.077,2,3,0
10600,A,47,25000.0,12.6,0.619,0,4,0
10601,A,48,38600.0,7.7,0.303,3,3,0
10602,A,30,23600.0,9.6,0.175,1,1,0
10603,A,54,19400.0,5.5,0.221,1,4,0
10604,A,35,26200.0,12.5,0.357,1,4,0
10605,A,53,35500.0,5.6,0.404,1,1,0
10606,A,66,27000.0,12.9,0.43,1,3,1
10607,A,50,25700.0,10.9,0.406,0,5,0
10608,B,39,24500.0,7.7,0.53,1,5,1
10609,A,44,29400.0,8.6,0.429,0,2,0
10610,A,58,31000.0,7.7,0.465,0,1,0
10611,B,41,33500.0,2.9,0.227,0,5,0
10612,B,49,44800.0,3.3,0.397,0,4,0
10613,B,57,32300.0,7.3,0.433,0,3,0
10614,B,65,63100.0,8.1,0.35,0,5,0
10615,A,38,48700.0,7.6,0.182,0,2,0
10616,A,21,42000.0,13.0,0.56,1,2,0
10617,B,39,21500.0,7.1,0.434,0,4,0
10618,A,50,23400.0,12.7,0.229,1,4,0
10619,A,28,41000.0,11.2,0.258,0,1,0
10620,A,38,59500.0,11.2,0.496,0,4,0
10621,B,30,24500.0,2.3,0.471,1,5,0
10622,A,38,19300.0,20.4,0.253,1,1,0
10623,B,44,25900.0,2.3,0.277,2,4,1
10624,A,65,25600.0,16.6,0.261,0,3,0
10625,A,43,63500.0,12.9,0.53,0,3,0
10626,A,75,83200.0,9.4,0.228,2,1,0
10627,A,47,26700.0,6.1,0.416,0,4,0
10628,B,37,28000.0,1.3,0.251,2,5,0
10629,A,48,35700.0,4.4,0.466,1,5,0
10630,A,33,72700.0,6.7,0.523,0,3,1
10631,B,26,46500.0,5.2,0.4,0,3,0
10632,A,39,65200.0,11.9,0.294,0,2,0
10633,A,61,133300.0,11.3,0.352,0,1,0
10634,A,42,46400.0,10.1,0.23,0,2,0
10635,A,65,38500.0,3.6,0.592,0,4,0
10636,B,22,27100.0,4.1,0.557,3,5,1
10637,A,22,24100.0,9.4,0.106,2,1,0
10638,B,32,55700.0,0.9,0.557,0,3,0
10639,A,28,44900.0,18.7,0.295,0,3,0
10640,A,26,50400.0,27.9,0.376,1,1,0
10641,A,44,51600.0,17.3,0.206,0,2,0
10642,B,53,26400.0,2.4,0.534,0,4,0
10643,B,40,21700.0,1.4,0.431,1,5,0
10644,A,28,44500.0,7.2,0.463,0,1,0
10645,A,52,53000.0,11.4,0.382,0,4,0
10646,B,24,32900.0,7.0,0.355,0,3,0
10647,B,26,42200.0,8.6,0.593,1,4,0
10648,A,50,23200.0,4.9,0.371,0,1,0
10649,A,26,22400.0,6.0,0.366,0,1,0
10650,A,38,32100.0,3.7,0.423,0,2,0
10651,A,44,27100.0,12.5,0.235,0,4,0
10652,B,55,41600.0,1.3,0.248,0,4,0
10653,B,46,26500.0,0.7,0.332,0,4,1
10654,A,50,25100.0,8.1,0.435,0,2,0
10655,A,52,32500.0,2.8,0.509,0,2,0
10656,A,52,26500.0,8.6,0.536,3,4,1
10657,A,47,35300.0,10.5,0.283,0,2,0
10658,A,34,34300.0,9.4,0.352,0,1,0
10659,A,43,27500.0,3.4,0.308,1,4,0
10660,B,21,25700.0,1.3,0.468,1,2,0
10661,B,38,20900.0,0.8,0.402,0,5,1
10662,B,49,17500.0,2.6,0.5,0,5,1
10663,A,37,60200.0,14.4,0.319,1,4,0
10664,B,37,51100.0,2.5,0.233,1,4,0
10665,A,21,39500.0,5.4,0.496,0,2,0
10666,A,55,39100.0,4.7,0.406,0,3,0
10667,A,37,27000.0,9.0,0.16,0,3,0
10668,B,41,12000.0,23.0,0.25,3,1,0
10669,A,48,26700.0,7.1,0.09,0,4,0
10670,A,21,51500.0,7.9,0.028,0,2,0
10671,B,48,41000.0,11.4,0.103,1,5,0
10672,A,44,37500.0,2.0,0.364,0,1,0
10673,A,26,63500.0,9.8,0.286,0,2,0
10674,A,36,25100.0,16.8,0.455,0,3,0
10675,A,48,43000.0,10.5,0.366,0,1,0
10676,B,47,40200.0,3.1,0.554,0,5,0
10677,A,41,63000.0,6.1,0.509,2,1,0
10678,B,66,14300.0,7.5,0.177,0,3,0
10679,B,53,28200.0,3.4,0.057,1,4,0
10680,A,47,46700.0,20.1,0.304,0,2,0
10681,A,33,23700.0,5.0,0.032,1,3,0
10682,A,47,41000.0,6.7,0.459,0,2,0
10683,A,29,49600.0,18.1,0.32,0,1,0
10684,B,51,19300.0,7.0,0.444,0,3,0
10685,A,34,52100.0,3.7,0.242,1,2,0
10686,A,21,44600.0,27.6,0.521,0,3,0
10687,B,21,42400.0,9.7,0.145,2,3,0
10688,A,66,21400.0,5.3,0.15,0,3,0
10689,A,21,38100.0,15.6,0.289,0,3,0
10690,B,54,28700.0,11.8,0.403,0,3,0
10691,A,37,44600.0,8.2,0.201,0,3,0
10692,A,41,35400.0,17.0,0.347,0,1,0
10693,A,31,32500.0,5.1,0.387,0,3,0
10694,A,30,41600.0,8.0,0.47,0,3,0
10695,A,35,23900.0,9.8,0.207,1,4,0
10696,B,65,21100.0,7.1,0.238,0,5,1
10697,A,40,24300.0,17.4,0.21,1,1,0
10698,B,49,36100.0,5.3,0.42,2,4,0
10699,A,32,39900.0,12.4,0.588,0,1,0
10700,B,51,26600.0,6.7,0.37,1,4,0
10701,A,58,56400.0,4.6,0.308,2,2,0
10702,B,37,38500.0,8.5,0.227,0,2,0
10703,A,36,28600.0,12.9,0.241,0,3,0
10704,A,44,41100.0,20.2,0.371,0,1,0
10705,B,34,30200.0,14.8,0.404,1,5,0
10706,A,27,37400.0,8.6,0.461,0,4,0
10707,A,25,23000.0,5.2,0.535,0,2,0
10708,A,27,46300.0,8.5,0.145,0,5,0
10709,A,43,25400.0,5.3,0.408,1,2,0
10710,A,59,22900.0,11.5,0.304,0,1,0
10711,A,31,30700.0,13.7,0.346,0,3,0
10712,A,46,63300.0,13.0,0.109,0,1,0
10713,A,49,44100.0,7.2,0.384,1,2,0
10714,A,42,24400.0,11.4,0.41,0,3,0
10715,A,29,35900.0,13.9,0.262,0,2,0
10716,A,38,37900.0,6.7,0.217,0,3,0
10717,A,21,60000.0,8.3,0.335,0,5,0
10718,A,42,62800.0,8.5,0.04,0,2,0
10719,B,34,29300.0,12.0,0.165,1,4,0
10720,B,41,35200.0,5.3,0.362,1,4,1
10721,B,30,38700.0,3.7,0.509,0,4,1
10722,A,44,60500.0,20.8,0.407,0,2,0
10723,A,44,41900.0,4.9,0.296,0,3,0
10724,A,40,50300.0,7.7,0.44,0,5,0
10725,A,46,38900.0,11.4,0.171,0,1,0
10726,A,21,57200.0,10.8,0.347,0,2,0
10727,B,54,30200.0,6.1,0.424,0,4,0
10728,A,33,84300.0,5.0,0.351,0,1,0
10729,A,44,32100.0,12.7,0.362,0,3,0
10730,A,48,39200.0,12.4,0.431,0,2,0
10731,A,28,42200.0,5.9,0.351,1,1,0
10732,A,41,32400.0,10.6,0.323,0,1,0
10733,B,27,24100.0,3.0,0.331,2,4,1
10734,B,44,44300.0,5.9,0.205,0,4,0
10735,A,35,63000.0,8.5,0.257,0,1,0
10736,A,32,30600.0,7.4,0.326,1,2,0
10737,A,31,45400.0,7.7,0.36,0,1,0
10738,B,26,36700.0,1.0,0.315,1,5,1
10739,A,29,73000.0,10.0,0.252,1,4,0
10740,A,44,30800.0,13.3,0.137,1,3,0
10741,A,27,48500.0,10.3,0.505,4,2,0
10742,A,49,30500.0,9.8,0.396,1,1,1
10743,B,46,57100.0,2.4,0.02,0,4,0
10744,A,45,40900.0,7.6,0.303,0,2,0
10745,A,30,42900.0,9.6,0.203,1,3,0
10746,A,46,60500.0,18.6,0.506,0,2,0
10747,A,64,30800.0,3.1,0.228,0,3,0
10748,A,37,53300.0,8.7,0.203,0,2,0
10749,B,64,22900.0,15.7,0.31,2,3,0
10750,A,41,61600.0,8.7,0.253,1,2,0
10751,B,28,25200.0,3.3,0.171,0,5,1
10752,B,59,29700.0,6.1,0.444,3,4,1
10753,A,32,39300.0,11.8,0.383,1,5,0
10754,A,56,32600.0,2.8,0.296,0,1,0
10755,A,37,63400.0,8.4,0.425,0,1,0
10756,A,21,29600.0,11.6,0.32,0,2,0
10757,A,39,63200.0,5.6,0.418,0,4,0
10758,A,54,57700.0,10.8,0.184,0,4,0
10759,B,39,31600.0,7.6,0.483,0,4,1
10760,A,38,37200.0,17.2,0.408,1,4,0
10761,A,30,53300.0,23.5,0.377,1,4,0
10762,A,53,57900.0,22.7,0.4,1,4,0
10763,A,38,91000.0,4.9,0.095,0,5,0
10764,B,49,20900.0,9.1,0.377,1,4,1
10765,B,29,28100.0,12.3,0.225,0,5,0
10766,A,34,61100.0,11.1,0.16,1,4,0
10767,A,37,58900.0,5.5,0.499,0,2,0
10768,A,48,49300.0,5.7,0.41,0,3,0
10769,A,38,21800.0,12.3,0.377,1,2,0
10770,A,38,25900.0,4.3,0.398,0,1,0
10771,B,46,36300.0,2.7,0.25,1,2,0
10772,B,31,32100.0,7.8,0.434,1,2,1
10773,B,33,27000.0,1.8,0.526,1,5,0
10774,B,44,33000.0,7.2,0.259,0,2,0
10775,A,71,58400.0,8.8,0.34,0,5,0
10776,A,44,22700.0,20.5,0.241,0,2,0
10777,A,37,37400.0,10.9,0.106,1,3,0
10778,A,56,86800.0,10.1,0.096,0,5,0
10779,B,40,40800.0,2.2,0.194,0,4,0
10780,B,25,25900.0,0.9,0.418,0,2,1
10781,B,45,12800.0,4.5,0.267,1,4,0
10782,B,32,69500.0,0.8,0.688,1,4,0
10783,A,33,56700.0,7.0,0.317,0,1,0
10784,A,41,106100.0,13.6,0.258,1,3,0
10785,A,71,19100.0,5.6,0.204,0,3,0
10786,B,45,16100.0,11.5,0.187,0,2,0
10787,A,31,41800.0,1.0,0.581,0,3,0
10788,A,29,26400.0,8.2,0.18,0,3,0
10789,B,38,30600.0,5.8,0.352,0,4,0
10790,A,64,25000.0,7.8,0.214,0,4,0
10791,A,37,17000.0,15.8,0.381,0,4,0
10792,A,46,50400.0,13.3,0.034,0,5,0
10793,A,43,18600.0,5.1,0.217,2,3,0
10794,B,43,20900.0,3.3,0.225,1,5,1
10795,A,42,19900.0,6.1,0.135,0,2,0
10796,B,50,25600.0,3.4,0.267,1,3,0
10797,A,50,41400.0,12.4,0.178,0,1,0
10798,A,23,54000.0,10.0,0.331,1,1,0
10799,B,39,31600.0,3.6,0.282,0,5,0
10800,A,21,33900.0,7.8,0.447,0,5,0
10801,B,45,37100.0,5.3,0.403,1,3,0
10802,A,36,19300.0,8.1,0.346,0,2,0
10803,A,35,57900.0,4.1,0.206,0,2,0
10804,A,43,43300.0,5.0,0.206,0,3,0
10805,A,49,47500.0,11.2,0.148,1,1,0
10806,B,52,54200.0,3.5,0.315,0,4,0
10807,A,40,47600.0,4.7,0.306,0,5,0
10808,A,43,18000.0,8.7,0.38,1,4,0
10809,A,29,31100.0,12.5,0.284,0,3,0
10810,A,23,38400.0,9.0,0.471,2,1,1
10811,B,42,24700.0,1.2,0.31,0,3,0
10812,A,55,57900.0,6.4,0.079,0,1,0
10813,A,38,90900.0,14.0,0.39,0,5,0
10814,A,36,43900.0,2.1,0.381,0,2,0
10815,A,42,31500.0,11.4,0.195,1,3,0
10816,A,48,52200.0,12.0,0.222,0,3,0
10817,A,41,48800.0,4.9,0.424,0,2,0
10818,A,35,35400.0,8.8,0.147,0,3,0
10819,A,35,30000.0,12.4,0.25,0,1,0
10820,B,39,20400.0,4.4,0.479,1,2,0
10821,B,26,26400.0,1.3,0.478,0,4,0
10822,A,40,43600.0,12.0,0.181,0,1,0
10823,A,40,53400.0,2.8,0.479,0,4,1
10824,A,27,34200.0,4.6,0.423,0,2,0
10825,B,56,23400.0,1.9,0.355,0,3,0
10826,A,43,15900.0,11.0,0.362,0,5,0
10827,B,46,22300.0,9.5,0.417,0,5,0
10828,A,61,125200.0,4.5,0.611,0,1,0
10829,A,40,40800.0,7.5,0.39,0,2,0
10830,A,25,46000.0,11.5,0.315,0,1,0
10831,A,41,94100.0,5.7,0.377,0,2,0
10832,A,33,60600.0,6.4,0.415,0,1,0
10833,B,42,21600.0,0.8,0.406,3,5,1
10834,A,59,38000.0,9.8,0.348,1,3,0
10835,A,43,81200.0,8.9,0.378,2,2,0
10836,A,41,48300.0,14.0,0.169,0,1,0
10837,A,54,47300.0,6.1,0.142,0,3,0
10838,A,26,44300.0,7.9,0.158,0,1,0
10839,A,47,38200.0,3.7,0.461,1,2,0
10840,A,32,33700.0,6.6,0.175,2,3,0
10841,A,25,34800.0,1.1,0.221,2,2,0
10842,A,21,35800.0,7.7,0.312,1,4,0
10843,A,24,37200.0,7.6,0.414,0,2,0
10844,A,49,54300.0,12.8,0.195,0,2,0
10845,B,40,36800.0,7.3,0.464,3,5,0
10846,A,51,34200.0,9.7,0.184,0,2,0
10847,B,62,21100.0,1.9,0.314,0,4,0
10848,B,49,69300.0,8.5,0.408,1,5,0
10849,A,45,65100.0,7.3,0.215,0,1,0
10850,A,44,30100.0,5.0,0.462,0,1,0
10851,B,44,17100.0,16.3,0.437,0,4,0
10852,B,47,17900.0,12.2,0.206,0,3,0
10853,A,41,10400.0,5.4,0.268,1,3,0
10854,B,35,36800.0,6.4,0.459,0,4,0
10855,B,44,18000.0,9.9,0.588,0,3,1
10856,A,57,36100.0,2.3,0.535,0,1,1
10857,A,52,36700.0,3.8,0.195,1,1,0
10858,A,21,32100.0,12.1,0.205,1,5,0
10859,A,24,29600.0,3.0,0.03,0,3,1
10860,A,43,40100.0,20.2,0.173,0,3,0
10861,A,51,42400.0,6.4,0.449,1,1,1
10862,B,41,31800.0,9.6,0.304,0,5,0
10863,A,41,23300.0,7.3,0.391,0,2,0
10864,A,50,28600.0,3.5,0.186,0,2,0
10865,B,61,30000.0,4.2,0.394,1,5,1
10866,A,37,41600.0,0.6,0.648,0,2,1
10867,B,21,34900.0,7.8,0.273,0,2,0
10868,B,44,16700.0,1.8,0.316,0,5,0
10869,A,21,31900.0,8.4,0.223,0,2,0
10870,A,50,42300.0,9.6,0.257,3,3,1
10871,A,48,40300.0,11.8,0.285,0,2,0
10872,A,56,53000.0,6.2,0.075,2,3,0
10873,B,58,55400.0,9.9,0.342,0,5,0
10874,A,68,33900.0,17.6,0.534,0,3,0
10875,A,54,26200.0,10.6,0.136,0,1,0
10876,A,40,38800.0,16.9,0.292,0,4,0
10877,A,44,26400.0,7.8,0.441,1,4,1
10878,A,43,37900.0,3.9,0.238,0,2,0
10879,B,46,53500.0,9.5,0.375,1,5,0
10880,A,49,79700.0,9.3,0.254,2,2,0
10881,A,23,19500.0,7.0,0.289,0,2,0
10882,A,31,25100.0,7.2,0.451,0,4,0
10883,A,50,39300.0,4.3,0.32,0,1,0
10884,A,49,46900.0,15.8,0.259,1,1,0
10885,A,39,22700.0,13.9,0.193,1,2,0
10886,A,38,51600.0,9.4,0.236,0,3,0
10887,A,35,33000.0,10.3,0.436,1,2,1
10888,A,48,43100.0,6.1,0.235,1,3,0
10889,A,30,38500.0,11.1,0.169,0,2,0
10890,B,21,26200.0,4.5,0.4,1,1,1
10891,A,28,30300.0,7.8,0.224,1,2,0
10892,A,61,52900.0,5.5,0.245,0,4,0
10893,A,45,39500.0,2.2,0.627,1,3,0
10894,B,40,56500.0,4.2,0.134,0,3,0
10895,B,53,17000.0,5.8,0.368,1,4,0
10896,B,33,41800.0,4.6,0.442,0,5,1
10897,A,53,24500.0,15.3,0.401,0,2,0
10898,B,23,39900.0,12.6,0.242,1,4,0
10899,A,21,61700.0,19.9,0.369,0,3,0
10900,A,52,36200.0,4.4,0.225,0,3,0
10901,B,48,27600.0,2.2,0.281,0,5,0
10902,A,39,39800.0,9.4,0.194,0,3,0
10903,B,53,25400.0,1.8,0.534,0,5,0
10904,A,34,63000.0,3.9,0.365,1,2,0
10905,B,55,24200.0,3.8,0.238,1,2,0
10906,B,22,31100.0,3.1,0.285,0,4,0
10907,A,28,39000.0,6.4,0.104,0,2,0
10908,A,38,28900.0,1.9,0.142,0,4,0
10909,A,30,42300.0,9.9,0.341,1,5,0
10910,B,44,62000.0,1.4,0.189,0,3,1
10911,A,49,44100.0,6.9,0.447,1,3,0
10912,A,36,35300.0,9.7,0.271,0,5,0
10913,A,38,19100.0,10.1,0.173,0,2,0
10914,A,36,63300.0,7.7,0.02,0,1,1
10915,B,31,28300.0,10.9,0.162,0,5,0
10916,A,46,73100.0,6.8,0.31,0,4,0
10917,A,21,35900.0,13.1,0.474,0,1,0
10918,A,21,46000.0,6.7,0.504,0,5,0
10919,A,27,74700.0,11.0,0.438,0,4,0
10920,A,45,31800.0,8.9,0.049,0,4,0
10921,A,38,55100.0,19.0,0.147,0,1,0
10922,A,28,52000.0,14.2,0.232,0,4,0
10923,B,32,28400.0,4.1,0.448,1,3,1
10924,B,46,29700.0,12.7,0.665,0,4,0
10925,B,29,43200.0,4.8,0.371,0,3,0
10926,B,52,30400.0,5.5,0.462,0,3,0
10927,A,41,32400.0,11.2,0.316,1,3,0
10928,A,43,49700.0,15.6,0.459,0,4,0
10929,A,47,20100.0,11.5,0.189,0,1,0
10930,B,22,16600.0,17.7,0.408,1,5,0
10931,A,22,101600.0,18.2,0.292,0,4,0
10932,A,37,31700.0,5.6,0.292,0,3,0
10933,A,39,32600.0,7.9,0.507,0,3,0
10934,A,27,31600.0,6.4,0.305,0,1,0
10935,B,37,23800.0,2.5,0.262,1,4,0
10936,B,49,26700.0,2.7,0.235,0,5,0
10937,A,40,41000.0,10.9,0.234,0,3,0
10938,A,40,34100.0,10.5,0.647,1,2,0
10939,A,59,56200.0,10.1,0.033,0,3,0
10940,B,48,38600.0,2.8,0.507,1,4,0
10941,B,50,22000.0,7.7,0.08,2,5,0
10942,B,30,27500.0,12.9,0.228,0,5,0
10943,B,43,17200.0,5.1,0.309,0,5,0
10944,B,45,32500.0,7.6,0.189,1,5,0
10945,A,21,30700.0,8.2,0.352,0,2,0
10946,A,37,20000.0,12.8,0.308,2,2,0
10947,A,30,28300.0,17.5,0.301,0,4,0
10948,A,40,29300.0,6.3,0.362,0,3,0
10949,A,30,21400.0,13.4,0.437,0,1,0
10950,A,40,36600.0,12.5,0.401,0,1,0
10951,A,41,38500.0,8.9,0.533,0,5,1
10952,A,47,35900.0,9.2,0.194,0,3,0
10953,B,49,32900.0,8.1,0.473,0,5,1
10954,A,54,68100.0,4.3,0.37,0,2,0
10955,B,39,31500.0,5.2,0.295,0,5,0
10956,B,33,32100.0,9.9,0.338,0,4,0
10957,A,28,70100.0,12.8,0.437,0,1,0
10958,A,37,26100.0,8.1,0.401,0,5,0
10959,A,33,43400.0,7.8,0.097,0,3,0
10960,B,32,52200.0,0.7,0.357,1,5,1
10961,A,50,25900.0,12.6,0.399,1,2,1
10962,A,37,84200.0,23.2,0.423,0,1,0
10963,A,49,25700.0,6.5,0.309,2,4,0
10964,B,40,56500.0,1.8,0.349,0,3,0
10965,A,40,51200.0,1.4,0.363,0,1,0
10966,B,59,27500.0,6.3,0.354,0,4,0
10967,A,47,35300.0,8.4,0.432,0,2,0
10968,A,41,34600.0,10.4,0.064,0,3,0
10969,A,44,42200.0,8.6,0.36,0,2,0
10970,A,44,66900.0,10.9,0.02,0,3,0
10971,A,35,28600.0,4.1,0.253,0,2,0
10972,A,56,24400.0,5.7,0.137,0,3,0
10973,A,56,36300.0,9.0,0.366,0,1,0
10974,B,39,30800.0,2.8,0.516,0,5,0
10975,A,21,41100.0,13.4,0.349,0,3,0
10976,A,31,19500.0,11.2,0.264,1,3,0
10977,B,26,22200.0,3.3,0.311,0,5,0
10978,A,21,46100.0,7.1,0.2,1,2,0
10979,B,35,34600.0,3.2,0.282,1,3,0
10980,B,35,27300.0,4.1,0.443,0,3,0
10981,B,58,39300.0,7.0,0.364,1,1,0
10982,A,29,39500.0,9.7,0.394,1,2,1
10983,A,34,34200.0,11.4,0.492,0,3,0
10984,B,28,14400.0,8.3,0.547,0,4,0
10985,A,42,53400.0,8.4,0.47,0,1,0
10986,A,34,37100.0,22.0,0.245,1,3,0
10987,B,27,22900.0,9.9,0.522,0,3,0
10988,A,44,64400.0,5.5,0.204,0,4,0
10989,B,32,21800.0,2.0,0.334,0,4,0
10990,B,29,24600.0,4.8,0.289,0,5,0
10991,A,29,39000.0,11.4,0.435,0,3,1
10992,B,21,29700.0,6.1,0.334,1,3,0
10993,A,53,40200.0,3.9,0.2,0,1,0
10994,A,41,25100.0,6.2,0.31,1,1,0
10995,B,35,18300.0,2.3,0.158,2,5,0
10996,A,21,42000.0,8.5,0.409,0,2,0
10997,A,39,41100.0,1.4,0.338,0,1,0
10998,A,42,32700.0,13.4,0.185,0,4,0
10999,B,28,39800.0,10.2,0.638,1,5,0
11000,B,35,30900.0,5.5,0.372,3,5,0
11001,A,54,43500.0,2.2,0.227,1,1,0
11002,A,31,57000.0,5.9,0.293,0,4,0
11003,B,54,28400.0,6.9,0.379,0,3,0
11004,A,36,62500.0,4.3,0.515,1,1,1
11005,B,41,29900.0,3.2,0.48,1,3,0
11006,B,58,44500.0,5.7,0.516,0,5,0
11007,B,33,32400.0,6.3,0.305,1,2,0
11008,A,50,56300.0,1.0,0.552,0,1,0
11009,B,44,26900.0,8.4,0.32,1,4,0
11010,A,42,28000.0,4.8,0.393,1,2,0
11011,A,40,21500.0,14.6,0.277,0,3,0
11012,B,21,29100.0,4.4,0.532,1,5,0
11013,A,48,26900.0,2.9,0.318,0,2,0
11014,A,38,46400.0,20.6,0.125,0,3,0
11015,A,40,80900.0,9.0,0.29,0,1,0
11016,A,31,50000.0,8.5,0.579,0,5,1
11017,A,41,51800.0,14.5,0.191,1,2,0
11018,A,37,90400.0,11.2,0.316,1,1,0
11019,A,39,58300.0,3.7,0.02,1,1,0
11020,A,46,85900.0,9.6,0.296,0,2,0
11021,B,27,43600.0,6.1,0.396,1,3,0
11022,B,30,49800.0,3.0,0.466,0,4,0
11023,A,21,36000.0,18.1,0.368,0,2,0
11024,B,56,53200.0,19.8,0.502,0,5,0
11025,A,21,42400.0,6.5,0.377,2,2,0
11026,A,31,45000.0,7.1,0.372,0,4,0
11027,A,41,34200.0,5.1,0.241,0,2,0
11028,A,53,27200.0,2.6,0.398,0,4,0
11029,A,21,35800.0,3.5,0.085,1,2,0
11030,A,36,49200.0,10.0,0.303,0,3,1
11031,A,26,40000.0,6.3,0.171,0,1,0
11032,B,39,43700.0,2.8,0.099,0,3,0
11033,A,42,35400.0,12.2,0.133,0,1,0
11034,A,62,27200.0,11.6,0.67,0,1,0
11035,A,59,59800.0,21.5,0.331,0,1,0
11036,A,37,33800.0,8.2,0.402,0,1,0
11037,B,50,20900.0,7.8,0.427,0,5,1
11038,A,36,34300.0,11.3,0.283,0,5,0
11039,A,41,55300.0,14.4,0.458,0,4,0
11040,A,21,21200.0,1.6,0.151,1,1,0
11041,A,39,27500.0,8.5,0.33,2,2,0
11042,B,49,25400.0,3.3,0.297,0,3,0
11043,A,23,14700.0,11.2,0.615,0,4,1
11044,A,33,48300.0,6.5,0.095,0,2,0
11045,B,39,15400.0,3.9,0.445,0,5,0
11046,B,45,71300.0,9.7,0.659,3,4,1
11047,A,51,34400.0,13.8,0.398,0,2,0
11048,A,45,34300.0,4.3,0.349,0,2,0
11049,A,21,24000.0,4.1,0.3,0,2,0
11050,A,50,23500.0,9.9,0.335,0,1,0
11051,A,21,22400.0,7.2,0.297,0,4,1
11052,A,43,20400.0,8.7,0.3,1,1,0
11053,A,50,40500.0,7.9,0.452,0,2,1
11054,A,34,38200.0,4.9,0.277,1,2,1
11055,A,39,22000.0,3.2,0.419,0,2,0
11056,B,32,42700.0,7.6,0.41,0,1,0
11057,B,42,45800.0,1.0,0.29,1,4,1
11058,A,41,54700.0,9.7,0.33,0,5,0
11059,A,44,10600.0,10.3,0.408,0,1,0
11060,A,44,33100.0,14.4,0.144,0,2,0
11061,A,47,51100.0,2.4,0.371,0,4,0
11062,A,52,48000.0,7.6,0.396,1,3,0
11063,A,48,23500.0,6.1,0.147,2,4,0
11064,A,40,48700.0,2.6,0.377,0,3,0
11065,A,40,33400.0,14.0,0.383,0,2,0
11066,A,54,45700.0,9.3,0.385,0,3,0
11067,A,50,38500.0,6.5,0.427,0,1,0
11068,A,21,33000.0,13.0,0.174,0,3,0
11069,A,54,17400.0,19.1,0.549,1,1,1
11070,A,47,45600.0,10.8,0.368,0,1,0
11071,A,44,24300.0,6.6,0.556,0,5,1
11072,A,41,23400.0,11.7,0.064,0,3,0
11073,B,46,38200.0,4.0,0.375,1,4,1
11074,A,43,32200.0,16.2,0.397,1,3,0
11075,A,22,46800.0,6.0,0.354,0,4,0
11076,A,37,18300.0,4.7,0.425,0,1,1
11077,A,27,46800.0,10.5,0.371,0,4,0
11078,A,33,63700.0,8.9,0.451,1,2,0
11079,A,48,52400.0,4.5,0.244,0,1,0
11080,A,24,36700.0,8.2,0.214,0,1,0
11081,A,43,80600.0,9.5,0.289,0,3,0
11082,B,41,23500.0,3.5,0.554,2,5,0
11083,A,38,26300.0,3.0,0.417,0,5,0
11084,A,56,40500.0,5.7,0.496,0,2,0
11085,B,39,31700.0,3.0,0.427,0,4,1
11086,A,44,22600.0,11.9,0.142,0,2,0
11087,A,34,75300.0,3.4,0.213,0,2,0
11088,A,30,46800.0,5.9,0.197,1,1,0
11089,B,34,29400.0,4.3,0.164,0,2,0
11090,A,64,23800.0,2.6,0.513,2,1,1
11091,B,38,39500.0,10.3,0.393,0,2,0
11092,B,43,46800.0,0.8,0.481,0,4,0
11093,A,51,23800.0,16.0,0.149,0,4,0
11094,A,52,48400.0,3.4,0.362,0,2,0
11095,A,36,42300.0,13.5,0.194,0,2,0
11096,A,36,28100.0,8.1,0.192,1,1,0
11097,B,44,10300.0,11.6,0.236,1,5,0
11098,A,52,52400.0,19.8,0.343,0,4,0
11099,A,34,22700.0,10.7,0.404,1,3,0
11100,B,40,24400.0,7.3,0.154,0,3,0
11101,A,24,52300.0,20.4,0.355,1,4,0
11102,A,46,83000.0,13.6,0.357,1,2,0
11103,A,41,49500.0,8.9,0.064,0,2,0
11104,A,27,61900.0,10.3,0.14,0,4,0
11105,A,58,56700.0,3.6,0.338,0,3,0
11106,A,50,42400.0,7.4,0.348,1,1,0
11107,A,45,37800.0,6.5,0.346,0,2,0
11108,A,52,28600.0,12.4,0.119,1,3,0
11109,A,45,62900.0,9.0,0.115,0,1,0
11110,A,45,41100.0,5.7,0.264,0,1,0
11111,A,56,36500.0,18.5,0.216,0,3,0
11112,A,37,32700.0,5.1,0.683,1,1,1
11113,A,41,42300.0,3.6,0.233,2,1,0
11114,A,36,33300.0,7.7,0.266,2,3,0
11115,B,33,31800.0,13.1,0.294,0,4,0
11116,A,46,42100.0,5.2,0.487,0,4,0
11117,A,40,27800.0,17.9,0.385,0,3,0
11118,B,48,29400.0,1.0,0.383,1,4,1
11119,A,39,36600.0,6.4,0.267,0,3,0
11120,B,53,57500.0,13.6,0.324,1,4,0
11121,B,21,21500.0,3.5,0.283,0,5,0
11122,B,21,24200.0,8.8,0.486,0,5,0
11123,A,24,15900.0,7.9,0.129,1,2,0
11124,A,33,66100.0,4.5,0.309,0,2,0
11125,A,29,45800.0,7.6,0.226,0,1,0
11126,B,54,34300.0,4.6,0.344,1,5,1
11127,A,70,37900.0,4.8,0.409,1,2,1
11128,A,33,41600.0,8.4,0.398,2,1,0
11129,A,58,33200.0,7.1,0.349,1,1,1
11130,B,25,34000.0,9.4,0.273,2,4,0
11131,A,35,81800.0,17.2,0.619,1,1,0
11132,A,33,31800.0,7.0,0.403,1,2,0
11133,A,42,33900.0,18.5,0.327,0,4,0
11134,A,21,41700.0,2.3,0.38,2,1,0
11135,B,21,33700.0,13.1,0.761,0,4,1
11136,A,41,35200.0,6.7,0.265,0,1,0
11137,B,61,43600.0,2.1,0.338,0,3,0
11138,A,37,87100.0,9.2,0.3,0,5,0
11139,A,56,28900.0,12.3,0.284,0,4,0
11140,B,43,24300.0,9.5,0.292,1,3,0
11141,A,45,35900.0,11.5,0.517,0,2,0
11142,A,24,22100.0,4.5,0.302,1,1,1
11143,A,31,36100.0,8.0,0.227,1,2,0
11144,A,40,15600.0,9.0,0.418,0,3,0
11145,A,70,31600.0,6.6,0.191,0,2,0
11146,B,46,30300.0,5.7,0.227,0,5,1
11147,B,44,47100.0,12.0,0.21,0,4,0
11148,B,53,68900.0,6.2,0.251,1,5,0
11149,A,38,49600.0,6.5,0.342,0,4,0
11150,A,48,31500.0,6.9,0.432,0,2,0
11151,B,48,15000.0,1.4,0.331,0,4,0
11152,A,32,72700.0,6.1,0.379,0,2,0
11153,A,22,22200.0,4.9,0.582,0,3,1
11154,A,22,67300.0,6.9,0.222,0,3,0
11155,B,22,26900.0,5.8,0.261,0,3,0
11156,A,26,48700.0,4.2,0.278,0,1,0
11157,A,42,26500.0,17.4,0.293,0,2,0
11158,B,33,31800.0,2.7,0.414,0,1,0
11159,A,45,26200.0,7.1,0.323,0,3,0
11160,B,53,38100.0,12.5,0.02,1,5,0
11161,B,47,21400.0,6.9,0.196,1,5,0
11162,A,21,19000.0,1.8,0.192,0,1,0
11163,A,45,34200.0,19.1,0.308,0,1,1
11164,A,47,26600.0,5.4,0.234,0,1,0
11165,A,45,33700.0,10.0,0.21,0,1,0
11166,B,64,22400.0,0.5,0.476,0,4,1
11167,A,40,31400.0,7.2,0.375,2,3,0
11168,A,44,14300.0,4.3,0.604,0,2,1
11169,A,52,11200.0,22.4,0.272,1,2,0
11170,A,27,24900.0,2.4,0.163,0,4,1
11171,A,21,19800.0,11.2,0.307,0,3,0
11172,B,49,25700.0,13.1,0.452,0,4,0
11173,A,46,48200.0,5.2,0.282,1,1,0
11174,A,46,42200.0,7.6,0.113,0,1,0
11175,B,64,28000.0,3.6,0.206,0,3,0
11176,A,26,57600.0,5.4,0.085,0,2,0
11177,A,38,27500.0,13.8,0.188,0,2,0
11178,B,28,39500.0,1.8,0.509,1,1,1
11179,A,35,32900.0,18.5,0.201,0,2,0
11180,A,28,38900.0,13.7,0.383,0,2,0
11181,A,37,53900.0,1.3,0.097,0,1,0
11182,A,55,24900.0,7.4,0.51,1,1,0
11183,A,21,34000.0,12.2,0.28,1,4,0
11184,A,30,25900.0,14.3,0.396,0,2,0
11185,A,46,45700.0,11.0,0.485,0,1,0
11186,B,42,55000.0,7.1,0.27,0,2,0
11187,A,45,44800.0,8.1,0.17,1,4,0
11188,A,57,37200.0,6.8,0.197,0,3,0
11189,A,48,35500.0,15.6,0.241,0,3,0
11190,B,33,40400.0,12.2,0.137,0,5,0
11191,A,33,68000.0,14.6,0.166,0,2,0
11192,B,43,30300.0,14.5,0.542,0,1,0
11193,B,50,15900.0,1.7,0.401,1,1,0
11194,A,29,23300.0,4.1,0.52,2,1,1
11195,A,44,31900.0,8.3,0.255,1,1,0
11196,A,39,22100.0,8.6,0.109,0,4,0
11197,A,33,41100.0,2.6,0.194,0,4,0
11198,A,28,47100.0,4.5,0.308,0,5,0
11199,A,45,44900.0,10.9,0.335,2,3,0
11200,A,55,66200.0,7.7,0.368,0,4,0
11201,A,31,20100.0,17.2,0.213,0,5,0
11202,A,41,39100.0,19.3,0.505,2,2,0
11203,B,54,25100.0,5.8,0.334,0,1,0
11204,A,39,33100.0,7.8,0.446,0,5,1
11205,A,52,20100.0,19.2,0.403,1,2,0
11206,B,55,30700.0,2.0,0.452,1,5,0
11207,A,57,32400.0,7.5,0.342,3,4,0
11208,A,29,31700.0,6.1,0.219,0,1,0
11209,B,47,47200.0,8.7,0.597,0,5,0
11210,A,51,71700.0,10.1,0.182,1,1,0
11211,A,37,37200.0,15.8,0.18,0,3,0
11212,A,68,27600.0,1.0,0.422,2,2,0
11213,B,37,31000.0,12.8,0.248,2,5,1
11214,A,60,45900.0,6.3,0.37,1,3,0
11215,B,45,13500.0,4.4,0.286,1,2,0
11216,A,36,13100.0,1.7,0.266,0,1,0
11217,B,26,23800.0,9.2,0.519,1,4,0
11218,B,38,26400.0,0.6,0.295,1,2,0
11219,A,43,32200.0,3.7,0.44,1,1,1
11220,B,60,60600.0,1.4,0.298,0,3,0
11221,A,44,60200.0,10.4,0.283,0,2,0
11222,A,44,23900.0,5.1,0.142,0,1,0
11223,A,48,31500.0,20.2,0.245,0,1,0
11224,B,46,20600.0,5.9,0.374,0,4,0
11225,B,39,36700.0,4.8,0.241,2,5,0
11226,B,62,53900.0,3.0,0.15,1,3,0
11227,A,55,67100.0,8.0,0.223,0,1,0
11228,A,42,30200.0,16.4,0.184,1,1,0
11229,B,51,22200.0,1.9,0.4,1,4,0
11230,B,54,53900.0,1.3,0.082,0,2,0
11231,A,48,31500.0,8.0,0.392,1,2,0
11232,A,49,60400.0,14.8,0.506,0,1,0
11233,A,21,54700.0,3.6,0.305,0,3,0
11234,A,41,35100.0,1.2,0.382,0,1,1
11235,B,39,24700.0,1.4,0.503,1,4,1
11236,B,34,19600.0,3.4,0.421,1,4,0
11237,A,23,15100.0,5.5,0.545,0,4,1
11238,A,38,21300.0,8.0,0.241,1,5,0
11239,B,37,32200.0,5.4,0.39,1,4,0
11240,A,39,54300.0,7.7,0.068,0,3,0
11241,B,39,36900.0,11.9,0.459,0,4,0
11242,A,28,23300.0,4.7,0.266,1,3,1
11243,A,38,75300.0,4.1,0.165,0,4,0
11244,A,37,41800.0,9.1,0.351,0,2,0
11245,A,34,43000.0,7.3,0.371,0,3,0
11246,A,35,89400.0,13.3,0.466,0,2,0
11247,B,30,16100.0,3.3,0.454,2,3,1
11248,A,32,35200.0,5.9,0.02,0,1,0
11249,A,61,49300.0,6.1,0.259,0,1,0
11250,A,24,70200.0,8.6,0.237,1,1,0
11251,A,21,47300.0,17.8,0.299,0,2,0
11252,A,41,28000.0,9.7,0.41,2,1,1
11253,B,35,39300.0,10.0,0.234,0,4,0
11254,A,31,24200.0,7.5,0.6,1,2,0
11255,A,38,48900.0,18.4,0.3,0,1,0
11256,B,35,50900.0,2.8,0.176,0,3,0
11257,A,25,33100.0,20.2,0.158,0,1,0
11258,B,29,28800.0,1.0,0.431,1,4,0
11259,B,21,36000.0,3.9,0.37,1,1,0
11260,B,48,32000.0,5.3,0.318,1,2,0
11261,B,21,17700.0,2.5,0.599,0,3,0
11262,A,38,71600.0,4.7,0.434,1,3,1
11263,A,52,37800.0,17.4,0.301,0,4,0
11264,A,39,63700.0,11.7,0.504,2,3,1
11265,B,28,22800.0,7.1,0.338,0,3,0
11266,A,42,39900.0,12.1,0.281,1,5,0
11267,A,47,48500.0,6.1,0.337,0,1,1
11268,B,41,21600.0,8.2,0.354,0,4,0
11269,A,42,34900.0,24.8,0.21,0,1,0
11270,A,52,29400.0,3.0,0.253,0,3,0
11271,A,43,58000.0,4.8,0.398,1,1,0
11272,B,50,18300.0,6.1,0.436,0,5,0
11273,A,31,59300.0,6.1,0.388,0,2,0
11274,A,40,26400.0,15.6,0.081,0,5,0
11275,B,44,34100.0,7.0,0.666,1,4,1
11276,A,56,38900.0,9.3,0.148,0,3,0
11277,B,45,57100.0,2.4,0.454,0,3,0
11278,A,51,39000.0,7.5,0.225,0,3,0
11279,A,22,64300.0,8.1,0.211,0,4,0
11280,A,21,27000.0,6.4,0.401,1,2,0
11281,B,24,37000.0,12.2,0.413,0,5,0
11282,A,61,21600.0,11.8,0.369,0,1,0
11283,A,24,32000.0,6.1,0.408,1,1,0
11284,B,43,20600.0,5.7,0.337,1,4,0
11285,A,41,49100.0,9.0,0.199,0,1,0
11286,A,27,55300.0,8.3,0.408,2,1,0
11287,B,38,23600.0,9.1,0.53,0,3,0
11288,A,37,28700.0,25.7,0.357,1,1,0
11289,B,52,29200.0,8.7,0.383,0,4,0
11290,B,45,47500.0,1.9,0.622,0,5,0
11291,A,45,52400.0,11.3,0.466,1,3,1
11292,A,41,23300.0,8.4,0.354,3,2,1
11293,A,30,54800.0,7.0,0.186,0,2,0
11294,A,33,59400.0,4.4,0.319,1,4,0
11295,A,41,42400.0,4.2,0.295,0,1,0
11296,B,35,28700.0,9.0,0.43,1,3,0
11297,A,56,44700.0,8.3,0.259,1,4,0
11298,A,39,110000.0,10.9,0.254,0,1,0
11299,A,26,20400.0,5.8,0.333,0,1,0
11300,A,41,36100.0,7.0,0.363,0,1,0
11301,A,35,62400.0,10.3,0.243,0,1,0
11302,A,24,57000.0,8.5,0.092,0,5,0
11303,A,26,69100.0,15.2,0.241,0,5,0
11304,A,23,15600.0,2.2,0.143,0,4,0
11305,A,34,22600.0,4.1,0.428,1,1,1
11306,A,50,30500.0,7.8,0.309,0,2,0
11307,A,52,35800.0,4.4,0.17,1,1,0
11308,B,34,44200.0,2.6,0.068,1,3,0
11309,A,50,31900.0,2.7,0.288,1,2,0
11310,A,26,61700.0,9.7,0.363,1,1,0
11311,A,24,43300.0,12.3,0.205,1,4,0
11312,A,22,54200.0,7.6,0.368,0,2,0
11313,A,41,45400.0,4.4,0.48,0,3,0
11314,A,38,40700.0,8.1,0.444,0,1,0
11315,A,35,30500.0,6.9,0.311,0,3,0
11316,A,58,27500.0,26.8,0.408,0,3,0
11317,B,35,40700.0,14.8,0.379,1,5,0
11318,A,24,27600.0,21.8,0.374,0,1,0
11319,B,50,32700.0,17.5,0.629,1,4,1
11320,A,40,32600.0,12.4,0.169,0,2,0
11321,A,39,33200.0,10.1,0.452,1,3,0
11322,A,64,26100.0,9.5,0.145,1,3,0
11323,A,39,32900.0,4.5,0.391,0,3,1
11324,A,40,30500.0,22.3,0.368,0,2,0
11325,B,31,17700.0,6.0,0.372,0,4,0
11326,A,21,21400.0,13.9,0.172,0,1,0
11327,A,53,37800.0,3.9,0.503,1,2,0
11328,A,35,61500.0,1.8,0.277,0,2,0
11329,A,31,61600.0,4.2,0.414,1,3,0
11330,A,45,61000.0,5.0,0.26,2,1,0
11331,B,45,49500.0,2.4,0.384,0,3,1
11332,A,22,28700.0,19.4,0.204,1,1,0
11333,A,33,20900.0,17.3,0.401,1,1,1
11334,A,21,60400.0,6.9,0.419,0,2,0
11335,A,40,34500.0,13.4,0.081,0,2,0
11336,A,60,63800.0,4.7,0.275,1,2,0
11337,A,25,23500.0,8.0,0.36,0,3,0
11338,A,29,38000.0,8.7,0.229,1,1,0
11339,A,61,34400.0,5.6,0.05,0,2,0
11340,B,45,17100.0,5.5,0.293,0,3,0
11341,A,44,34300.0,6.4,0.264,2,1,0
11342,B,26,34100.0,2.0,0.23,1,3,0
11343,A,55,33600.0,6.0,0.306,0,1,0
11344,A,39,24600.0,8.6,0.312,0,5,0
11345,A,42,19100.0,6.5,0.139,0,2,0
11346,A,31,19600.0,30.0,0.084,0,1,0
11347,A,32,26400.0,7.5,0.216,1,1,0
11348,A,58,45800.0,5.6,0.207,0,1,0
11349,A,47,37300.0,12.9,0.23,1,2,0
11350,A,34,29200.0,18.8,0.359,0,3,0
11351,A,39,63900.0,13.2,0.333,0,4,0
11352,B,57,32200.0,10.4,0.199,1,5,0
11353,A,63,32700.0,8.4,0.362,1,4,0
11354,B,37,25100.0,1.8,0.333,0,5,1
11355,B,42,40000.0,7.8,0.203,0,4,0
11356,A,58,45400.0,7.9,0.54,0,1,1
11357,B,21,16500.0,10.5,0.269,1,5,0
11358,A,33,82900.0,5.6,0.259,0,5,0
11359,B,44,22900.0,4.3,0.602,0,3,0
11360,A,38,17900.0,7.8,0.433,0,1,0
11361,B,53,20300.0,6.3,0.483,0,5,0
11362,A,39,72200.0,12.6,0.31,0,2,0
11363,B,48,51200.0,7.8,0.284,0,5,0
11364,A,26,77700.0,16.7,0.284,0,4,0
11365,A,40,51900.0,7.8,0.342,1,4,0
11366,A,54,29300.0,4.9,0.25,1,2,0
11367,A,31,25600.0,14.0,0.462,0,3,0
11368,A,32,40900.0,5.1,0.095,0,2,0
11369,B,43,27800.0,15.2,0.342,0,5,0
11370,B,30,35600.0,3.4,0.601,0,5,0
11371,A,53,22500.0,10.0,0.339,1,2,0
11372,A,38,16600.0,5.0,0.567,0,1,1
11373,A,21,33000.0,14.4,0.382,0,1,0
11374,A,45,54900.0,9.8,0.43,0,2,0
11375,A,49,42000.0,11.8,0.349,2,3,1
11376,A,29,58200.0,3.6,0.138,0,1,0
11377,A,30,37500.0,19.5,0.141,0,1,0
11378,A,33,38600.0,7.6,0.32,0,2,0
11379,A,50,44700.0,7.3,0.221,0,2,0
11380,A,22,71100.0,14.4,0.356,0,5,0
11381,A,45,54000.0,3.6,0.13,0,1,0
11382,B,33,55700.0,2.5,0.161,1,3,0
11383,A,70,23500.0,7.6,0.55,0,2,0
11384,B,32,25600.0,11.6,0.284,0,2,0
11385,B,49,49000.0,0.9,0.143,0,2,0
11386,A,21,36700.0,9.0,0.325,0,2,0
11387,A,49,70500.0,5.9,0.296,0,2,0
11388,A,56,26400.0,15.0,0.247,0,3,0
11389,A,42,40800.0,5.0,0.404,0,5,0
11390,B,39,35900.0,9.1,0.239,1,4,0
11391,A,40,28800.0,12.1,0.26,0,3,0
11392,A,46,41700.0,18.9,0.199,0,1,0
11393,A,42,29000.0,7.7,0.409,2,1,1
11394,A,34,35300.0,6.7,0.455,0,1,0
11395,A,47,52000.0,14.5,0.245,1,1,0
11396,B,40,31300.0,2.5,0.254,0,4,0
11397,A,37,25300.0,9.3,0.456,0,1,0
11398,B,38,33300.0,4.3,0.499,0,1,0
11399,A,26,48300.0,11.0,0.233,0,3,0
11400,B,52,32300.0,10.5,0.422,1,4,1
11401,A,51,38300.0,22.0,0.338,1,5,0
11402,A,68,34100.0,7.7,0.33,0,2,0
11403,B,39,55300.0,2.3,0.405,0,4,0
11404,B,38,34100.0,5.9,0.41,0,4,0
11405,B,24,39400.0,5.2,0.344,3,4,0
11406,B,36,16000.0,2.2,0.447,2,3,1
11407,A,45,27200.0,5.2,0.615,0,2,0
11408,A,26,47100.0,9.2,0.257,0,2,0
11409,A,41,38300.0,8.4,0.381,0,1,1
11410,A,39,65400.0,9.9,0.207,0,1,0
11411,A,58,10500.0,15.5,0.243,0,2,0
11412,A,45,27500.0,14.0,0.343,0,4,0
11413,A,46,49400.0,14.2,0.284,1,5,0
11414,A,30,14300.0,12.7,0.239,1,1,0
11415,A,48,41300.0,7.7,0.317,0,1,0
11416,A,42,30600.0,12.0,0.314,1,2,0
11417,A,42,29900.0,19.7,0.374,2,5,0
11418,A,64,41100.0,3.2,0.354,1,2,0
11419,A,27,27400.0,13.9,0.411,0,2,0
11420,A,47,65100.0,18.9,0.063,0,2,0
11421,A,39,60800.0,13.8,0.254,0,3,0
11422,B,39,18800.0,3.8,0.406,1,4,0
11423,B,48,33600.0,4.6,0.408,0,4,0
11424,A,33,38100.0,7.4,0.205,0,1,0
11425,B,21,29700.0,10.8,0.43,1,4,1
11426,A,31,31200.0,6.0,0.598,0,1,0
11427,B,21,48600.0,7.4,0.366,2,2,1
11428,A,41,22100.0,4.8,0.406,1,3,0
11429,B,42,28500.0,9.1,0.451,2,3,1
11430,A,53,35200.0,6.4,0.151,1,1,0
11431,A,41,11600.0,6.7,0.447,0,3,0
11432,A,64,32900.0,4.9,0.484,0,2,1
11433,A,60,39700.0,15.3,0.451,0,2,0
11434,A,52,36700.0,10.8,0.325,0,2,0
11435,A,40,35600.0,11.0,0.329,1,2,1
11436,B,31,30700.0,1.8,0.437,2,3,0
11437,B,67,18500.0,4.3,0.244,2,5,1
11438,A,46,36500.0,11.2,0.43,0,1,0
11439,B,26,14200.0,6.3,0.376,0,2,1
11440,A,32,31700.0,3.9,0.307,1,1,0
11441,B,25,30800.0,9.4,0.19,1,3,0
11442,A,46,41800.0,7.5,0.236,0,1,0
11443,B,47,49800.0,7.7,0.437,0,5,0
11444,B,52,38200.0,1.4,0.423,1,4,0
11445,B,67,46300.0,6.1,0.436,0,5,0
11446,A,37,55100.0,8.9,0.409,1,4,0
11447,A,40,34400.0,4.5,0.309,0,1,0
11448,A,26,27700.0,4.4,0.28,1,1,0
11449,A,30,33600.0,5.0,0.321,0,2,0
11450,A,71,28100.0,8.7,0.276,0,2,0
11451,A,38,19700.0,7.8,0.263,0,2,1
11452,A,49,44500.0,9.9,0.181,1,2,0
11453,A,34,49600.0,12.9,0.527,0,3,0
11454,A,50,82900.0,14.4,0.166,1,1,0
11455,B,41,47300.0,4.7,0.52,0,1,0
11456,A,55,64100.0,4.6,0.258,0,2,0
11457,A,38,47100.0,16.6,0.374,3,1,0
11458,B,29,58800.0,6.8,0.286,0,1,0
11459,A,48,44400.0,5.3,0.215,0,1,0
11460,B,24,35400.0,1.7,0.268,0,1,0
11461,B,44,27300.0,0.5,0.481,0,3,0
11462,A,50,23600.0,25.0,0.028,0,3,0
11463,A,45,38600.0,15.8,0.187,1,3,0
11464,A,53,51100.0,28.0,0.058,2,1,0
11465,A,33,18300.0,5.7,0.133,0,1,0
11466,A,52,21000.0,9.8,0.173,0,1,0
11467,A,41,24100.0,4.4,0.197,1,3,0
11468,A,52,19400.0,12.4,0.236,2,1,0
11469,A,42,33300.0,13.6,0.361,0,2,0
11470,A,45,87300.0,10.5,0.438,0,2,0
11471,A,23,71800.0,7.5,0.277,1,1,0
11472,A,65,18000.0,14.0,0.277,0,2,1
11473,B,32,29700.0,4.5,0.546,0,4,0
11474,B,49,62000.0,4.9,0.562,0,5,1
11475,A,46,18500.0,10.1,0.124,0,3,0
11476,A,23,42500.0,5.5,0.252,0,2,0
11477,A,48,38100.0,9.7,0.276,0,2,0
11478,A,45,29700.0,7.8,0.158,0,1,0
11479,A,41,66800.0,3.8,0.251,0,3,0
11480,A,53,39300.0,5.5,0.439,2,1,0
11481,A,28,17900.0,16.2,0.291,0,1,0
11482,A,39,28800.0,11.1,0.495,0,2,0
11483,B,62,21600.0,3.9,0.556,0,3,1
11484,A,21,66200.0,10.3,0.284,0,2,0
11485,B,31,30800.0,0.8,0.164,0,4,0
11486,B,38,21400.0,5.3,0.347,1,3,1
11487,A,46,36400.0,12.7,0.451,3,2,1
11488,B,51,34600.0,6.3,0.47,0,4,0
11489,A,48,80400.0,7.6,0.242,2,1,0
11490,B,34,45900.0,3.0,0.501,0,2,0
11491,A,41,28100.0,9.0,0.395,0,2,0
11492,B,46,34900.0,5.2,0.431,0,5,0
11493,A,41,40000.0,18.2,0.227,0,2,0
11494,A,51,51300.0,4.2,0.283,0,1,0
11495,A,26,23100.0,5.3,0.169,2,2,0
11496,A,44,39800.0,13.3,0.261,0,2,0
11497,B,40,55700.0,1.7,0.275,0,2,0
11498,A,45,61900.0,5.3,0.252,0,4,0
11499,B,23,43000.0,11.4,0.335,0,4,0
11500,A,39,36200.0,19.9,0.178,0,2,0
11501,B,21,37500.0,3.6,0.513,0,4,0
11502,A,65,19000.0,5.0,0.415,2,1,1
11503,B,21,35900.0,3.1,0.225,1,5,0
11504,A,33,93700.0,11.1,0.109,0,2,0
11505,A,51,66700.0,16.0,0.187,0,5,0
11506,A,32,30400.0,13.1,0.417,0,1,0
11507,A,23,22900.0,9.2,0.02,0,5,0
11508,B,45,49200.0,3.2,0.285,0,4,0
11509,B,48,24600.0,3.9,0.133,1,3,0
11510,A,35,36500.0,16.5,0.359,0,3,0
11511,A,21,54200.0,14.9,0.202,0,2,0
11512,A,47,71500.0,4.4,0.36,0,4,0
11513,B,35,15300.0,8.3,0.084,0,5,0
11514,A,47,17700.0,3.5,0.342,0,4,1
11515,B,24,30200.0,7.1,0.356,0,3,0
11516,A,36,25600.0,9.1,0.386,0,1,1
11517,A,45,20500.0,3.8,0.411,1,1,0
11518,A,43,22500.0,5.8,0.292,0,1,0
11519,B,53,36600.0,1.8,0.215,0,4,0
11520,A,50,39800.0,4.2,0.172,0,2,0
11521,A,42,45000.0,6.8,0.386,0,2,0
11522,B,36,22300.0,5.5,0.31,0,5,1
11523,A,32,20500.0,4.0,0.356,2,1,1
11524,B,37,45300.0,2.6,0.612,2,5,0
11525,A,49,41000.0,7.0,0.391,1,1,0
11526,B,66,36300.0,6.2,0.198,3,3,0
11527,A,39,79200.0,6.1,0.337,0,1,0
11528,A,47,18900.0,11.3,0.118,0,2,0
11529,A,25,32800.0,3.7,0.292,0,2,0
11530,B,44,50700.0,1.6,0.375,0,5,1
11531,A,54,30400.0,8.0,0.327,0,1,1
11532,A,48,35100.0,3.7,0.41,0,4,0
11533,A,36,43400.0,4.4,0.461,0,3,0
11534,A,31,68700.0,5.3,0.369,0,1,0
11535,A,59,19200.0,8.7,0.359,0,2,0
11536,A,56,25300.0,18.3,0.246,0,1,0
11537,A,21,25300.0,5.3,0.282,1,1,1
11538,A,53,36400.0,9.5,0.296,0,4,0
11539,B,43,68200.0,1.3,0.248,1,5,0
11540,A,42,41800.0,12.7,0.444,1,2,0
11541,A,25,38100.0,7.4,0.407,0,2,0
11542,A,42,20700.0,6.9,0.335,0,2,0
11543,A,41,78100.0,8.3,0.446,0,4,0
11544,A,47,28900.0,6.5,0.339,1,2,0
11545,A,57,27200.0,6.1,0.398,0,2,0
11546,A,51,63800.0,5.3,0.342,1,4,0
11547,A,33,27100.0,14.9,0.33,0,5,0
11548,A,43,41700.0,6.2,0.291,0,3,0
11549,B,52,14100.0,3.6,0.302,2,2,0
11550,A,46,66600.0,3.0,0.327,2,3,1
11551,A,42,36000.0,5.5,0.103,0,3,0
11552,A,21,51600.0,4.0,0.501,0,3,0
11553,A,43,44600.0,11.9,0.546,1,2,0
11554,A,39,24300.0,15.9,0.554,1,1,0
11555,A,39,30500.0,11.7,0.157,0,3,0
11556,A,58,50900.0,18.3,0.328,0,3,0
11557,A,32,83200.0,6.3,0.541,0,3,0
11558,B,44,23100.0,4.3,0.559,0,3,0
11559,A,48,39700.0,9.4,0.211,0,3,0
11560,B,47,18100.0,10.4,0.161,1,1,0
11561,A,53,35900.0,2.7,0.359,1,5,0
11562,B,42,46500.0,3.6,0.366,1,2,0
11563,A,34,42400.0,5.2,0.269,0,2,0
11564,A,21,32700.0,22.1,0.472,0,4,1
11565,B,45,22200.0,5.2,0.417,1,4,0
11566,A,42,28400.0,17.0,0.329,0,1,0
11567,A,52,61700.0,17.8,0.211,1,2,0
11568,A,39,29600.0,8.8,0.364,0,1,0
11569,A,40,51100.0,3.2,0.338,0,1,0
11570,A,48,47100.0,6.6,0.216,0,3,0
11571,A,36,13900.0,3.3,0.208,0,2,0
11572,B,43,12600.0,1.5,0.433,0,1,1
11573,A,29,27200.0,6.0,0.281,0,2,0
11574,A,52,48800.0,20.0,0.48,0,5,0
11575,A,36,32700.0,17.3,0.303,0,2,0
11576,A,35,44600.0,6.1,0.288,1,2,0
11577,B,29,29100.0,2.4,0.283,1,4,0
11578,A,38,41200.0,7.6,0.262,0,1,0
11579,B,33,23200.0,7.6,0.403,1,4,0
11580,A,55,35200.0,9.5,0.3,0,2,1
11581,A,40,38500.0,9.2,0.427,0,3,0
11582,B,40,17800.0,4.2,0.412,1,4,1
11583,A,49,41900.0,8.5,0.335,0,3,0
11584,A,44,41000.0,7.9,0.365,0,2,0
11585,B,43,20400.0,13.1,0.159,0,2,0
11586,A,58,16200.0,13.2,0.366,1,2,0
11587,B,62,27700.0,2.8,0.523,2,3,1
11588,A,55,50400.0,10.6,0.482,0,3,0
11589,B,30,47900.0,7.2,0.203,0,5,0
11590,A,21,23200.0,4.0,0.249,0,3,0
11591,A,44,14300.0,3.7,0.325,0,4,0
11592,A,50,43500.0,6.8,0.365,1,4,0
11593,A,51,38000.0,7.2,0.198,0,3,0
11594,A,45,32900.0,4.8,0.386,0,3,1
11595,A,33,52800.0,11.7,0.221,1,1,0
11596,A,29,65400.0,9.5,0.326,0,3,0
11597,A,44,25500.0,2.2,0.323,0,3,0
11598,A,32,47700.0,7.1,0.376,2,2,0
11599,A,54,38900.0,11.9,0.389,0,2,0
11600,B,40,55400.0,1.8,0.275,0,4,0
11601,B,31,32000.0,2.2,0.322,0,3,1
11602,B,38,9400.0,3.4,0.255,0,5,0
11603,A,67,51200.0,16.7,0.261,1,2,0
11604,A,39,54700.0,3.8,0.058,1,3,0
11605,A,57,47200.0,10.5,0.331,1,2,0
11606,A,53,43600.0,11.1,0.205,0,1,0
11607,A,43,45600.0,5.0,0.138,0,1,0
11608,A,59,46300.0,7.9,0.224,1,3,0
11609,B,38,14600.0,1.9,0.205,1,4,0
11610,B,39,15900.0,2.8,0.288,0,1,0
11611,B,48,30800.0,9.0,0.057,0,5,0
11612,A,37,60000.0,6.3,0.441,0,3,0
11613,A,25,23900.0,10.8,0.156,1,2,0
11614,A,48,36800.0,9.9,0.501,0,2,0
11615,A,39,44700.0,8.2,0.179,2,4,0
11616,A,40,44700.0,9.7,0.368,0,2,0
11617,A,42,74900.0,6.6,0.239,1,1,0
11618,A,38,22000.0,11.1,0.407,0,1,0
11619,A,52,31100.0,5.8,0.312,0,2,0
11620,B,41,16300.0,4.0,0.306,1,4,1
11621,A,44,47100.0,7.4,0.216,0,4,0
11622,A,37,27800.0,5.4,0.379,1,4,0
11623,A,50,51500.0,26.5,0.369,0,3,0
11624,B,40,39200.0,2.1,0.6,2,5,0
11625,A,28,37900.0,9.6,0.507,0,2,0
11626,B,44,45100.0,5.5,0.311,1,1,0
11627,B,36,7500.0,2.3,0.153,0,3,1
11628,A,56,25600.0,3.8,0.283,0,3,0
11629,B,33,24800.0,6.1,0.335,0,4,0
11630,A,49,79500.0,2.8,0.258,2,1,0
11631,B,39,20800.0,7.0,0.393,0,3,0
11632,A,40,54800.0,11.2,0.563,0,1,0
11633,A,21,26000.0,6.9,0.162,0,2,0
11634,A,40,26200.0,2.7,0.186,1,3,0
11635,A,21,54100.0,6.0,0.287,0,4,0
11636,A,50,35400.0,22.0,0.211,0,1,0
11637,B,47,41500.0,8.9,0.169,0,5,0
11638,A,37,20400.0,22.5,0.436,0,1,0
11639,B,44,46300.0,3.3,0.34,0,4,0
11640,B,55,22200.0,3.2,0.479,1,3,1
11641,B,24,32000.0,4.1,0.595,0,5,0
11642,A,39,47200.0,8.8,0.02,0,1,0
11643,A,21,59800.0,13.7,0.326,0,3,0
11644,A,55,22100.0,10.0,0.376,1,3,0
11645,B,27,32600.0,2.9,0.246,0,5,0
11646,B,52,30000.0,5.2,0.344,2,2,0
11647,A,51,72400.0,6.2,0.484,0,1,0
11648,A,33,34900.0,9.5,0.345,1,1,0
11649,A,29,36700.0,15.7,0.268,0,3,0
11650,B,32,30900.0,4.0,0.501,1,5,0
11651,B,51,32000.0,4.2,0.168,0,4,0
11652,A,38,51200.0,16.2,0.098,1,3,0
11653,A,53,42900.0,7.7,0.435,0,4,0
11654,A,31,49100.0,4.7,0.27,1,1,0
11655,A,34,55000.0,8.1,0.057,0,4,0
11656,A,42,32300.0,3.1,0.444,0,2,0
11657,A,33,39700.0,16.3,0.123,0,3,0
11658,B,65,40600.0,2.5,0.492,0,2,0
11659,B,24,59500.0,5.8,0.28,1,1,0
11660,B,50,51700.0,3.3,0.401,0,3,0
11661,A,34,59800.0,9.1,0.394,0,2,0
11662,A,25,95200.0,14.2,0.108,0,3,0
11663,B,56,31500.0,4.1,0.518,0,2,0
11664,A,41,45100.0,15.0,0.319,0,2,0
11665,A,33,48400.0,12.2,0.4,0,3,0
11666,B,31,37300.0,5.3,0.538,0,3,0
11667,A,55,33500.0,7.5,0.402,1,3,0
11668,A,34,36600.0,13.4,0.358,0,3,0
11669,B,43,56900.0,8.0,0.476,1,4,0
11670,A,46,36400.0,10.7,0.296,1,2,0
11671,A,36,65900.0,8.5,0.232,0,4,0
11672,B,53,16200.0,4.7,0.418,0,5,0
11673,A,42,91700.0,5.7,0.286,2,3,0
11674,B,35,28000.0,4.7,0.334,0,5,0
11675,A,41,53800.0,10.5,0.211,0,3,0
11676,A,51,62200.0,8.4,0.379,1,3,0
11677,B,41,23600.0,1.4,0.57,1,5,0
11678,B,50,63100.0,5.5,0.261,0,3,0
11679,A,56,48600.0,13.8,0.328,0,1,0
11680,A,45,29800.0,15.7,0.302,1,2,0
11681,A,49,20300.0,13.0,0.408,1,1,0
11682,A,22,35300.0,6.7,0.413,1,2,0
11683,B,25,23400.0,12.7,0.392,1,3,0
11684,A,21,33000.0,8.9,0.202,0,3,0
11685,A,56,45800.0,5.0,0.331,0,1,0
11686,A,42,58700.0,5.5,0.433,0,2,0
11687,A,40,56300.0,7.1,0.376,1,2,0
11688,A,22,29100.0,6.5,0.376,1,1,0
11689,B,37,22400.0,1.7,0.321,2,4,0
11690,A,29,37100.0,7.8,0.111,0,2,0
11691,A,48,55500.0,11.4,0.38,0,3,0
11692,A,29,36100.0,16.6,0.199,0,4,0
11693,A,21,55800.0,16.0,0.471,0,2,0
11694,B,40,43300.0,4.8,0.4,1,3,0
11695,B,24,31000.0,6.8,0.482,1,5,0
11696,B,23,19800.0,9.2,0.287,1,5,0
11697,A,27,31500.0,7.5,0.157,0,4,0
11698,B,42,39400.0,3.5,0.381,0,2,0
11699,A,39,45100.0,9.1,0.44,0,1,0
11700,B,47,10800.0,12.5,0.205,0,4,0
11701,B,33,65100.0,5.3,0.487,1,4,0
11702,A,37,65800.0,20.1,0.47,3,1,0
11703,A,42,53100.0,12.2,0.02,1,1,0
11704,A,30,61900.0,12.9,0.221,1,1,0
11705,B,56,32700.0,2.3,0.573,2,5,1
11706,B,37,18800.0,5.7,0.246,2,5,1
11707,A,29,45400.0,4.5,0.14,0,1,0
11708,B,55,23000.0,2.3,0.296,1,4,0
11709,A,44,51100.0,5.9,0.481,1,1,1
11710,B,46,35800.0,1.5,0.388,1,5,1
11711,A,41,59800.0,6.0,0.346,2,4,0
11712,B,28,26000.0,5.6,0.255,0,3,0
11713,A,37,29100.0,3.8,0.457,0,3,0
11714,A,70,93400.0,12.5,0.232,0,1,0
11715,A,21,18900.0,6.0,0.25,2,3,0
11716,A,53,48300.0,7.5,0.254,0,2,0
11717,A,33,43000.0,5.2,0.514,0,4,0
11718,B,37,30400.0,3.0,0.345,1,4,0
11719,B,33,25200.0,0.3,0.34,0,5,1
11720,B,45,22600.0,6.3,0.492,1,5,1
11721,B,21,17900.0,13.9,0.267,0,1,0
11722,A,39,58500.0,4.4,0.557,1,5,0
11723,A,23,22900.0,7.4,0.476,0,4,0
11724,A,21,14100.0,9.7,0.392,1,1,1
11725,B,39,31900.0,2.1,0.289,1,4,1
11726,B,21,38000.0,17.0,0.234,0,4,0
11727,A,59,37600.0,14.4,0.32,1,2,0
11728,B,40,66500.0,5.2,0.326,0,5,0
11729,A,44,73100.0,11.5,0.178,1,1,0
11730,B,47,30700.0,2.7,0.282,1,3,1
11731,A,31,64100.0,19.4,0.245,1,3,0
11732,A,37,36100.0,17.5,0.622,0,3,0
11733,A,38,25600.0,3.5,0.301,1,1,0
11734,A,39,29300.0,13.0,0.187,0,5,0
11735,A,42,16900.0,8.4,0.582,1,3,1
11736,A,53,90800.0,24.8,0.153,0,3,0
11737,A,48,63400.0,12.0,0.391,0,3,0
11738,B,37,48700.0,4.8,0.055,0,5,0
11739,A,33,38500.0,2.9,0.165,0,4,0
11740,A,38,21600.0,5.8,0.435,0,2,1
11741,A,66,21200.0,7.9,0.243,0,4,0
11742,A,52,24900.0,20.5,0.637,0,1,0
11743,A,35,39600.0,9.4,0.148,0,3,0
11744,A,29,24300.0,16.0,0.178,0,1,0
11745,B,35,30500.0,2.1,0.171,0,3,0
11746,A,22,34200.0,8.9,0.542,1,3,0
11747,A,36,40200.0,5.3,0.191,0,1,0
11748,B,59,52100.0,7.4,0.288,2,3,0
11749,B,45,29500.0,9.1,0.508,3,2,0
11750,A,46,19400.0,5.3,0.472,1,5,1
11751,A,40,58400.0,10.2,0.515,0,1,0
11752,A,35,48000.0,3.9,0.315,0,1,0
11753,A,44,22700.0,9.7,0.327,0,2,0
11754,A,29,88600.0,9.3,0.155,0,4,0
11755,A,46,104300.0,14.0,0.214,0,3,0
11756,B,35,65500.0,10.0,0.551,2,2,1
11757,A,37,24200.0,20.6,0.415,0,2,0
11758,B,31,21300.0,11.2,0.37,1,4,1
11759,A,25,41700.0,3.9,0.303,1,3,0
11760,A,29,37700.0,8.0,0.02,0,2,0
11761,A,44,52700.0,9.1,0.2,1,1,0
11762,A,54,54200.0,6.6,0.171,1,4,0
11763,A,55,30900.0,2.0,0.249,1,4,0
11764,A,44,78500.0,13.2,0.387,0,1,0
11765,A,48,44200.0,11.2,0.129,0,4,0
11766,A,35,40000.0,7.5,0.515,1,3,1
11767,A,49,39700.0,13.2,0.372,0,3,0
11768,A,35,23700.0,19.1,0.483,2,1,0
11769,A,26,23900.0,6.3,0.413,0,1,1
11770,A,38,20800.0,8.8,0.227,0,4,1
11771,A,45,140800.0,19.6,0.231,1,3,0
11772,B,45,22100.0,3.0,0.406,0,2,0
11773,A,53,65900.0,4.7,0.178,0,3,0
11774,B,46,33600.0,2.9,0.367,1,2,0
11775,A,36,36400.0,6.9,0.164,0,1,0
11776,A,55,37800.0,4.8,0.396,0,2,0
11777,B,39,34800.0,12.8,0.512,0,3,0
11778,A,46,39000.0,8.5,0.311,0,1,0
11779,A,44,49800.0,5.8,0.334,0,2,0
11780,A,51,23500.0,4.4,0.463,1,5,1
11781,A,35,26500.0,5.6,0.327,0,5,0
11782,B,73,34200.0,11.2,0.527,1,5,0
11783,A,40,17500.0,14.4,0.252,0,5,0
11784,A,28,39700.0,6.3,0.229,0,4,0
11785,A,43,40700.0,2.7,0.378,1,2,0
11786,A,41,34600.0,15.8,0.307,0,1,0
11787,A,48,33700.0,4.6,0.418,0,4,0
11788,A,46,27700.0,8.1,0.39,1,1,0
11789,A,40,37300.0,10.9,0.393,0,1,0
11790,B,34,67100.0,5.8,0.458,0,4,0
11791,A,51,91600.0,4.8,0.375,0,2,0
11792,B,29,39000.0,6.1,0.597,0,3,1
11793,B,23,21400.0,10.5,0.24,1,2,0
11794,A,42,32600.0,6.9,0.264,0,1,0
11795,B,58,25100.0,9.7,0.457,0,4,1
11796,A,29,28100.0,7.0,0.358,0,3,1
11797,A,46,32900.0,13.2,0.309,0,2,0
11798,B,47,41600.0,1.8,0.289,0,2,0
11799,A,30,30100.0,17.2,0.218,2,2,0
11800,A,52,63100.0,9.9,0.254,1,3,0
11801,A,48,61600.0,2.8,0.213,0,1,1
11802,B,34,69500.0,1.6,0.176,0,2,0
11803,B,57,26600.0,6.2,0.266,0,4,0
11804,A,30,16300.0,10.3,0.373,0,3,0
11805,A,34,65700.0,7.2,0.297,0,1,0
11806,A,40,28000.0,11.6,0.245,1,1,0
11807,A,24,35200.0,7.9,0.603,1,2,0
11808,B,36,33400.0,13.2,0.31,2,5,0
11809,B,37,32300.0,3.6,0.238,1,5,0
11810,A,42,36800.0,11.0,0.439,0,4,0
11811,B,21,19800.0,4.5,0.28,1,4,1
11812,B,36,27000.0,2.0,0.291,0,5,0
11813,A,21,83500.0,4.7,0.093,0,2,0
11814,A,28,137500.0,7.4,0.412,1,2,0
11815,B,40,35700.0,3.6,0.232,0,2,0
11816,A,56,23800.0,5.4,0.285,0,3,0
11817,A,35,63700.0,3.6,0.384,1,4,0
11818,A,43,21900.0,10.9,0.198,0,3,0
11819,A,21,35300.0,14.1,0.182,0,3,0
11820,B,25,37300.0,9.8,0.227,0,5,0
11821,A,42,52500.0,11.8,0.447,0,2,0
11822,A,31,30900.0,4.2,0.451,0,3,1
11823,B,38,19700.0,2.9,0.387,0,1,0
11824,B,23,20100.0,5.7,0.221,0,5,0
11825,A,59,15700.0,6.7,0.322,1,2,1
11826,A,46,31200.0,8.4,0.164,0,1,0
11827,A,25,72700.0,5.0,0.407,0,1,0
11828,A,41,66300.0,4.5,0.117,0,1,0
11829,B,59,26100.0,6.8,0.198,1,5,0
11830,A,21,36500.0,7.4,0.128,0,4,0
11831,A,34,32100.0,8.1,0.318,0,3,0
11832,A,50,33300.0,5.3,0.454,0,1,0
11833,A,31,33900.0,5.5,0.434,0,4,0
11834,A,24,63900.0,14.4,0.572,0,1,0
11835,B,51,54900.0,2.2,0.355,0,5,0
11836,A,46,49400.0,12.3,0.502,0,3,0
11837,A,32,46300.0,9.1,0.253,1,3,0
11838,A,48,75300.0,10.1,0.453,1,3,0
11839,A,72,21600.0,12.9,0.407,0,2,0
11840,A,21,31100.0,10.0,0.456,0,3,0
11841,B,56,13700.0,5.0,0.488,0,5,1
11842,A,50,69500.0,3.1,0.314,2,2,1
11843,A,21,45000.0,6.4,0.377,0,4,0
11844,A,26,22900.0,15.3,0.384,0,2,0
11845,B,27,56500.0,11.0,0.266,0,5,0
11846,A,41,34900.0,11.3,0.309,0,4,0
11847,A,21,102700.0,10.4,0.449,0,2,0
11848,A,31,34500.0,5.3,0.242,1,2,0
11849,A,44,14000.0,7.4,0.118,0,2,0
11850,A,36,57200.0,30.0,0.574,0,1,0
11851,A,37,31300.0,11.4,0.463,0,5,0
11852,B,53,37800.0,2.9,0.342,2,5,0
11853,B,67,19900.0,9.5,0.351,0,1,1
11854,A,47,53500.0,5.9,0.02,0,1,0
11855,A,66,75100.0,5.6,0.19,0,4,0
11856,A,48,54300.0,6.6,0.302,1,1,1
11857,A,21,53400.0,3.0,0.38,0,2,1
11858,A,49,38900.0,3.8,0.134,0,1,0
11859,A,51,86300.0,13.1,0.28,0,3,0
11860,A,41,29900.0,13.5,0.489,0,2,0
11861,B,21,40900.0,9.5,0.403,2,5,1
11862,A,55,73000.0,6.9,0.135,1,3,0
11863,A,61,66200.0,18.9,0.335,0,2,0
11864,B,21,37300.0,1.2,0.453,0,4,0
11865,A,60,39500.0,4.0,0.473,1,3,0
11866,A,29,57000.0,5.9,0.297,0,3,0
11867,A,38,55200.0,11.6,0.207,0,5,0
11868,A,41,27200.0,15.5,0.44,0,2,0
11869,B,22,68700.0,7.6,0.54,1,5,0
11870,A,21,17600.0,3.4,0.266,0,1,0
11871,A,36,15000.0,13.9,0.415,0,1,1
11872,A,36,43200.0,4.4,0.425,1,1,1
11873,A,46,12100.0,3.4,0.392,1,5,0
11874,A,45,83100.0,6.9,0.299,1,5,0
11875,B,36,36200.0,2.9,0.254,0,4,0
11876,A,49,21400.0,11.1,0.398,0,3,0
11877,A,26,22300.0,1.1,0.317,0,5,0
11878,B,36,42900.0,4.5,0.45,0,5,1
11879,A,36,41100.0,9.5,0.523,0,1,0
11880,B,44,10600.0,5.6,0.211,1,4,0
11881,A,50,58600.0,8.4,0.348,0,1,0
11882,B,55,65700.0,2.9,0.499,0,4,0
11883,B,31,46700.0,5.3,0.399,0,3,0
11884,B,31,30100.0,13.6,0.299,0,4,0
11885,A,39,49600.0,7.2,0.161,0,3,0
11886,A,43,40200.0,9.3,0.261,0,1,0
11887,B,53,43400.0,2.6,0.173,0,4,0
11888,A,48,35300.0,7.0,0.247,1,3,0
11889,A,52,39100.0,4.8,0.289,0,3,0
11890,B,41,23500.0,18.8,0.32,1,5,0
11891,B,51,38300.0,3.8,0.359,0,4,0
11892,A,35,56100.0,8.1,0.216,0,3,0
11893,A,43,84300.0,8.1,0.234,0,2,0
11894,A,54,140100.0,9.1,0.358,0,3,0
11895,B,48,37800.0,4.0,0.237,1,4,0
11896,A,44,49600.0,11.3,0.481,1,1,0
11897,A,49,36700.0,6.7,0.275,0,2,0
11898,A,54,41700.0,5.2,0.178,0,5,0
11899,A,45,34400.0,8.3,0.512,0,2,1
11900,A,40,67000.0,6.5,0.508,0,4,0
11901,A,43,35700.0,7.3,0.409,1,5,0
11902,A,43,46000.0,8.6,0.165,0,2,0
11903,A,49,19200.0,4.9,0.26,1,2,0
11904,A,34,24900.0,7.1,0.242,1,2,0
11905,A,41,54100.0,7.8,0.327,0,1,0
11906,A,45,36600.0,4.4,0.195,0,1,0
11907,A,38,26900.0,11.6,0.416,0,2,0
11908,A,36,36800.0,10.0,0.378,0,2,0
11909,A,28,43500.0,2.4,0.362,1,2,0
11910,A,43,27500.0,5.3,0.333,0,1,0
11911,A,47,31200.0,11.7,0.137,1,2,0
11912,A,46,37700.0,4.9,0.22,0,2,0
11913,A,31,19900.0,5.4,0.351,0,2,0
11914,A,42,37900.0,4.3,0.335,0,1,0
11915,A,50,34500.0,7.4,0.373,0,2,1
11916,A,48,19500.0,5.1,0.255,2,4,0
11917,A,36,40300.0,9.8,0.137,0,4,0
11918,B,53,17500.0,1.4,0.509,0,5,1
11919,A,48,95900.0,11.7,0.171,0,1,0
11920,B,33,21300.0,2.1,0.482,2,4,1
11921,A,37,42800.0,14.5,0.296,0,3,0
11922,A,30,30300.0,11.0,0.43,0,2,0
11923,A,41,38400.0,14.4,0.241,1,1,0
11924,B,63,44300.0,6.4,0.451,1,5,0
11925,A,41,35500.0,14.1,0.437,0,2,0
11926,A,33,36700.0,11.2,0.069,0,1,0
11927,A,32,26900.0,8.8,0.148,1,1,0
11928,A,33,21600.0,4.1,0.373,0,3,0
11929,A,54,55600.0,3.5,0.19,0,3,0
11930,B,46,30600.0,2.3,0.385,0,4,0
11931,A,51,28600.0,9.6,0.206,1,1,0
11932,A,34,41300.0,2.9,0.389,0,1,0
11933,A,51,47300.0,17.3,0.258,0,5,0
11934,A,35,20600.0,6.2,0.398,0,3,1
11935,A,36,78600.0,8.9,0.483,0,4,0
11936,A,27,20800.0,3.3,0.045,0,1,0
11937,A,40,44100.0,8.2,0.357,0,3,0
11938,A,45,31700.0,15.6,0.132,0,2,0
11939,A,40,30600.0,3.7,0.239,2,3,1
11940,A,46,25000.0,9.5,0.304,0,3,0
11941,A,36,50600.0,7.2,0.309,0,2,0
11942,A,39,18400.0,3.3,0.353,0,3,0
11943,A,55,19900.0,6.2,0.264,1,1,1
11944,A,35,40200.0,15.3,0.357,0,3,0
11945,A,33,44400.0,12.5,0.258,0,2,0
11946,A,58,96500.0,2.9,0.191,1,3,0
11947,A,49,85400.0,9.8,0.373,0,1,0
11948,A,51,28100.0,8.0,0.303,0,1,0
11949,A,61,60700.0,4.5,0.248,1,2,0
11950,B,31,34800.0,7.5,0.308,1,4,0
11951,A,44,42900.0,12.1,0.188,1,5,0
11952,A,45,40800.0,7.0,0.263,0,1,0
11953,A,42,43600.0,14.7,0.371,0,3,0
11954,B,44,21400.0,7.5,0.272,0,3,0
11955,A,21,25700.0,6.8,0.3,1,1,0
11956,B,56,20300.0,8.9,0.022,1,5,0
11957,A,48,32000.0,3.9,0.406,0,1,0
11958,B,74,35000.0,5.0,0.601,1,3,0
11959,A,50,27000.0,18.4,0.549,0,3,0
11960,A,40,31800.0,10.8,0.27,2,1,1
11961,A,32,78000.0,13.0,0.347,0,1,0
11962,A,35,25600.0,5.6,0.529,0,5,0
11963,A,30,27900.0,6.6,0.259,0,1,0
11964,A,31,31800.0,8.6,0.472,1,4,1
11965,A,65,32200.0,14.8,0.329,1,1,0
11966,A,41,37600.0,7.1,0.185,0,1,0
11967,B,33,28200.0,6.9,0.316,0,5,0
11968,A,21,24600.0,8.6,0.335,2,4,1
11969,B,43,33900.0,15.5,0.524,3,5,1
11970,B,47,26200.0,17.1,0.205,1,5,0
11971,A,53,88100.0,6.7,0.277,1,1,0
11972,A,21,30900.0,7.8,0.114,0,2,0
11973,A,34,33300.0,9.7,0.306,0,1,0
11974,A,33,72500.0,5.1,0.02,0,1,0
11975,A,43,35000.0,2.8,0.18,0,2,0
11976,A,42,17600.0,2.4,0.377,0,1,1
11977,A,53,29500.0,14.9,0.095,1,2,0
11978,A,54,40700.0,2.4,0.289,1,4,0
11979,B,37,13800.0,1.0,0.332,0,4,1
11980,A,51,18400.0,4.7,0.301,0,1,0
11981,A,36,49400.0,16.4,0.469,0,1,0
11982,A,38,31900.0,12.4,0.132,2,1,0
11983,A,43,73700.0,9.3,0.177,0,2,0
11984,A,46,27700.0,7.5,0.02,0,3,0
11985,A,39,58000.0,10.7,0.334,0,1,0
11986,B,54,25000.0,3.1,0.615,0,2,0
11987,A,74,54300.0,9.0,0.381,0,3,0
11988,B,45,30200.0,2.5,0.336,0,5,0
11989,A,52,103600.0,2.5,0.355,0,3,0
11990,A,21,35300.0,2.2,0.333,0,3,0
11991,A,41,16100.0,20.3,0.416,1,5,1
11992,B,50,31600.0,9.3,0.271,1,2,0
11993,B,31,74100.0,1.6,0.448,0,3,0
11994,B,53,25200.0,1.6,0.61,1,4,1
11995,A,32,30800.0,7.5,0.228,1,1,0
11996,A,21,80700.0,8.6,0.167,0,4,1
11997,A,49,40300.0,6.2,0.336,1,2,0
11998,B,54,18400.0,4.1,0.153,0,4,0
11999,A,35,32000.0,10.2,0.305,1,1,1
12000,A,23,18300.0,26.0,0.368,0,5,0
12001,A,23,17000.0,9.1,0.236,0,2,0
12002,A,45,47200.0,23.0,0.059,1,3,0
12003,A,49,32100.0,11.5,0.279,1,2,0
12004,B,26,28100.0,5.4,0.309,2,5,1
12005,B,22,28700.0,5.8,0.289,1,3,0
12006,A,44,26800.0,8.4,0.302,3,2,0
12007,A,42,47800.0,6.4,0.076,0,4,0
12008,A,33,36900.0,4.1,0.294,0,2,0
12009,A,50,41500.0,1.9,0.259,1,1,0
12010,A,59,46400.0,4.5,0.279,0,1,1
12011,A,50,31800.0,14.1,0.266,0,2,0
12012,A,22,25400.0,10.8,0.197,0,2,0
12013,A,36,85800.0,2.9,0.334,0,1,0
12014,A,31,75000.0,6.7,0.052,0,1,0
12015,A,21,41100.0,10.2,0.32,0,3,1
12016,A,60,36100.0,13.9,0.328,0,4,1
12017,B,32,21600.0,3.9,0.428,1,4,1
12018,B,42,28700.0,7.4,0.27,0,4,0
12019,A,34,42700.0,6.4,0.445,1,3,1
12020,A,43,37300.0,5.7,0.292,0,3,0
12021,B,44,37000.0,5.5,0.205,1,3,1
12022,A,52,61000.0,12.1,0.71,0,1,0
12023,B,39,20200.0,5.3,0.369,1,3,1
12024,A,22,56100.0,10.2,0.399,1,1,0
12025,A,36,48600.0,12.1,0.257,0,1,0
12026,A,28,31700.0,4.0,0.15,0,3,0
12027,B,42,47600.0,4.5,0.462,2,3,0
12028,A,32,57500.0,19.3,0.344,0,4,0
12029,B,25,40600.0,4.4,0.326,1,4,0
12030,B,31,43000.0,0.4,0.275,1,5,0
12031,B,56,33300.0,6.1,0.196,2,2,0
12032,A,21,46100.0,13.4,0.395,0,1,0
12033,B,38,36800.0,9.8,0.513,0,4,0
12034,A,21,56300.0,5.9,0.284,1,1,0
12035,A,59,18600.0,5.1,0.104,0,1,0
12036,B,44,36000.0,6.2,0.443,3,2,0
12037,A,39,34000.0,9.2,0.334,2,2,0
12038,A,37,37500.0,14.6,0.02,4,4,0
12039,A,41,79100.0,12.4,0.27,1,4,0
12040,A,49,50900.0,4.1,0.432,0,1,0
12041,A,56,29300.0,7.6,0.129,0,2,0
12042,B,61,26200.0,4.8,0.464,1,5,0
12043,B,49,19800.0,3.0,0.277,1,3,0
12044,A,44,51700.0,7.3,0.196,0,3,0
12045,B,54,42600.0,4.5,0.173,0,5,0
12046,A,47,55900.0,6.7,0.211,0,2,0
12047,B,51,29600.0,3.9,0.335,0,2,0
12048,A,37,16900.0,12.4,0.149,1,2,0
12049,B,59,55900.0,3.6,0.263,0,3,0
12050,A,27,55600.0,8.3,0.376,2,4,0
12051,A,69,43200.0,8.9,0.291,0,1,0
12052,A,55,68500.0,5.9,0.067,1,3,0
12053,A,43,62200.0,3.8,0.404,1,1,0
12054,A,21,59300.0,8.1,0.283,1,3,0
12055,A,25,33800.0,13.7,0.355,1,2,0
12056,A,37,50500.0,11.8,0.199,0,1,0
12057,A,31,57200.0,2.5,0.251,1,1,0
12058,A,45,39900.0,7.9,0.11,2,1,0
12059,A,52,34500.0,2.5,0.394,0,3,0
12060,A,38,58200.0,4.0,0.459,0,1,0
12061,B,57,26500.0,5.1,0.487,0,4,0
12062,A,47,30500.0,11.3,0.62,0,2,0
12063,A,55,39700.0,10.8,0.276,0,2,1
12064,A,30,35400.0,13.3,0.267,0,5,0
12065,A,30,59100.0,8.4,0.344,0,1,0
12066,A,33,29100.0,5.5,0.562,0,3,0
12067,A,33,34100.0,11.2,0.209,0,1,0
12068,B,35,43200.0,7.6,0.345,0,4,0
12069,A,48,27300.0,5.4,0.226,0,3,0
12070,A,47,58400.0,8.1,0.249,0,2,0
12071,A,37,47400.0,2.0,0.363,1,2,1
12072,A,49,18000.0,7.2,0.482,0,3,1
12073,A,57,14900.0,7.3,0.16,0,2,0
12074,A,21,27400.0,9.5,0.386,0,4,0
12075,A,55,40100.0,7.8,0.067,0,3,0
12076,B,36,13700.0,3.2,0.21,1,5,1
12077,A,48,70300.0,11.4,0.111,0,2,0
12078,A,44,45900.0,12.4,0.365,0,1,0
12079,A,38,29600.0,9.0,0.391,0,2,0
12080,A,47,20900.0,9.8,0.547,1,2,0
12081,A,38,29000.0,7.9,0.439,1,1,1
12082,A,39,43600.0,7.7,0.204,0,3,0
12083,B,34,38500.0,11.3,0.311,1,3,0
12084,A,43,42800.0,15.9,0.44,0,4,0
12085,A,37,21000.0,5.5,0.299,0,5,0
12086,A,64,33600.0,6.6,0.304,0,1,0
12087,A,49,33000.0,10.2,0.423,2,1,0
12088,A,54,44200.0,4.8,0.318,1,1,0
12089,A,67,19900.0,5.8,0.311,2,5,0
12090,A,33,46500.0,11.9,0.464,1,2,0
12091,B,35,28600.0,6.7,0.636,0,5,0
12092,B,39,46700.0,2.3,0.48,0,3,0
12093,A,29,86900.0,13.5,0.2,0,3,0
12094,A,34,89300.0,11.9,0.407,1,3,0
12095,A,35,46400.0,2.2,0.406,1,4,1
12096,A,52,27300.0,8.6,0.301,1,2,0
12097,A,42,41300.0,10.4,0.355,0,1,0
12098,A,25,29500.0,4.3,0.357,1,2,0
12099,A,35,36600.0,11.4,0.506,0,4,0
12100,A,37,33000.0,16.5,0.409,1,3,0
12101,A,48,20900.0,3.7,0.179,0,5,1
12102,A,58,40000.0,6.9,0.09,2,5,0
12103,A,46,53000.0,7.9,0.056,1,2,0
12104,A,36,67400.0,14.5,0.124,0,2,0
12105,A,43,42300.0,11.0,0.399,1,1,0
12106,A,49,32200.0,15.0,0.543,1,5,0
12107,A,27,36200.0,7.2,0.413,0,1,0
12108,A,24,106700.0,5.7,0.389,0,3,0
12109,B,21,28100.0,22.5,0.506,1,3,0
12110,A,46,41000.0,9.6,0.343,0,1,0
12111,A,38,47700.0,12.9,0.495,1,3,0
12112,B,33,21900.0,8.4,0.341,2,5,0
12113,B,28,23400.0,3.9,0.378,0,5,0
12114,B,35,21700.0,3.0,0.414,0,4,0
12115,B,36,34300.0,1.4,0.376,1,4,0
12116,A,63,40400.0,12.8,0.344,0,2,0
12117,A,35,48700.0,8.1,0.194,0,5,0
12118,B,49,43400.0,9.8,0.239,1,3,0
12119,A,48,31700.0,1.9,0.33,0,1,0
12120,B,31,35600.0,4.7,0.315,0,4,0
12121,A,42,33500.0,12.1,0.23,0,1,0
12122,A,51,33100.0,7.2,0.312,0,1,0
12123,A,37,99700.0,10.3,0.414,0,2,0
12124,A,27,42200.0,4.8,0.323,0,2,0
12125,A,51,48100.0,5.6,0.37,2,1,1
12126,A,43,15600.0,12.0,0.428,0,5,0
12127,A,41,92000.0,16.5,0.493,0,2,1
12128,B,58,34200.0,2.6,0.249,0,5,0
12129,A,28,36600.0,5.7,0.264,0,1,0
12130,A,51,35700.0,11.2,0.09,0,3,0
12131,A,44,54500.0,8.7,0.62,0,1,0
12132,A,35,35600.0,3.8,0.368,0,2,0
12133,A,43,22100.0,13.2,0.168,0,3,0
12134,B,35,67700.0,15.0,0.299,0,3,0
12135,A,45,26500.0,6.4,0.176,1,4,0
12136,A,30,60100.0,13.5,0.42,1,1,0
12137,A,34,22400.0,15.8,0.164,0,1,0
12138,A,43,81600.0,15.8,0.206,1,2,0
12139,B,43,25300.0,10.6,0.533,0,5,0
12140,A,21,70800.0,11.1,0.195,2,2,1
12141,A,28,59200.0,4.8,0.02,0,3,0
12142,A,34,19600.0,6.6,0.304,0,3,0
12143,A,54,31200.0,11.7,0.421,0,1,0
12144,A,50,22800.0,15.0,0.536,0,1,0
12145,A,46,53500.0,7.6,0.227,1,1,0
12146,A,46,43100.0,19.5,0.188,0,3,0
12147,A,32,35200.0,13.4,0.402,0,4,0
12148,A,21,46900.0,9.7,0.275,0,2,0
12149,A,34,44100.0,5.2,0.229,1,1,0
12150,A,25,55000.0,4.0,0.481,1,2,0
12151,A,50,85600.0,6.3,0.264,1,1,0
12152,B,39,32900.0,1.3,0.361,0,4,0
12153,A,43,84500.0,11.6,0.346,2,4,0
12154,B,34,49100.0,4.1,0.249,1,5,1
12155,B,41,32800.0,2.0,0.39,1,4,0
12156,A,31,30800.0,4.3,0.556,1,2,1
12157,A,45,49500.0,6.9,0.383,0,5,0
12158,A,74,44000.0,3.8,0.224,0,2,0
12159,B,24,23900.0,4.6,0.347,1,4,1
12160,A,39,19800.0,12.6,0.329,1,1,0
12161,A,52,38200.0,4.9,0.358,0,2,0
12162,A,39,55700.0,12.6,0.205,1,3,0
12163,A,25,37500.0,8.6,0.223,0,4,0
12164,A,58,53200.0,4.7,0.268,1,3,0
12165,B,49,29600.0,13.7,0.495,0,5,0
12166,A,42,72400.0,9.3,0.334,0,4,0
12167,B,33,20300.0,1.3,0.266,0,2,0
12168,A,38,25000.0,11.2,0.082,0,3,0
12169,B,37,27800.0,6.5,0.572,0,4,0
12170,A,35,17700.0,14.2,0.144,0,3,0
12171,A,38,23800.0,7.1,0.308,0,3,0
12172,A,46,22500.0,2.3,0.29,0,2,1
12173,A,34,34400.0,3.2,0.308,0,1,0
12174,A,54,48300.0,7.4,0.02,0,1,0
12175,A,44,76200.0,7.8,0.235,0,4,0
12176,A,39,29100.0,6.1,0.302,0,1,0
12177,B,71,58900.0,1.7,0.517,3,4,1
12178,A,46,29600.0,3.5,0.545,0,2,0
12179,A,30,53900.0,11.6,0.376,0,1,0
12180,A,21,46200.0,3.5,0.106,0,4,0
12181,B,41,49100.0,1.5,0.47,1,5,0
12182,A,28,25400.0,5.9,0.483,1,3,0
12183,B,57,32700.0,9.0,0.433,0,4,0
12184,A,36,67900.0,14.9,0.302,1,4,0
12185,A,35,36200.0,17.7,0.121,2,2,0
12186,B,53,32000.0,1.5,0.359,0,4,1
12187,B,49,30300.0,8.4,0.272,0,4,1
12188,B,38,37700.0,3.8,0.295,0,3,0
12189,A,53,47300.0,12.2,0.39,0,5,0
12190,A,54,44800.0,6.6,0.363,0,2,0
12191,A,36,16500.0,5.3,0.409,0,4,0
12192,A,49,40800.0,12.4,0.451,0,2,0
12193,B,63,57700.0,2.1,0.244,1,5,0
12194,A,31,33400.0,4.7,0.382,0,5,0
12195,B,31,23100.0,1.0,0.369,0,5,0
12196,A,21,82100.0,9.7,0.131,0,3,0
12197,B,51,34900.0,2.5,0.583,0,3,1
12198,A,36,75900.0,6.5,0.353,0,3,0
12199,A,33,42800.0,3.7,0.083,0,1,0
12200,B,40,20900.0,7.2,0.435,1,4,1
12201,A,36,24100.0,15.9,0.298,0,3,0
12202,A,30,43700.0,7.2,0.218,1,1,0
12203,B,32,33500.0,11.7,0.165,0,2,0
12204,A,43,33900.0,4.5,0.345,0,1,0
12205,B,52,36900.0,3.0,0.415,1,4,0
12206,B,21,32700.0,3.4,0.319,0,5,0
12207,B,61,38700.0,0.2,0.353,1,4,0
12208,A,55,10600.0,11.2,0.294,0,3,0
12209,A,41,47300.0,16.8,0.169,0,4,0
12210,A,61,35100.0,13.3,0.293,0,1,0
12211,A,57,23300.0,22.5,0.348,0,4,0
12212,B,45,41900.0,5.3,0.571,1,5,1
12213,A,43,66000.0,6.6,0.557,1,3,1
12214,A,45,51300.0,7.4,0.747,1,2,0
12215,A,34,46300.0,15.2,0.126,0,5,0
12216,A,25,57100.0,3.3,0.405,0,3,0
12217,A,35,29000.0,11.7,0.173,0,1,0
12218,A,21,22100.0,21.5,0.221,0,1,0
12219,B,41,45000.0,5.1,0.528,1,2,0
12220,A,25,36900.0,9.0,0.333,0,3,0
12221,B,56,49300.0,1.3,0.307,1,2,0
12222,A,33,39900.0,0.7,0.306,0,2,0
12223,A,54,32000.0,5.2,0.264,0,2,0
12224,A,37,65800.0,4.4,0.33,0,1,0
12225,B,59,41500.0,0.8,0.305,1,5,0
12226,B,37,44500.0,2.5,0.614,0,5,0
12227,A,23,26900.0,3.6,0.44,0,2,0
12228,B,42,32000.0,6.6,0.218,0,1,0
12229,A,27,54900.0,2.0,0.238,2,2,0
12230,A,51,35000.0,5.7,0.35,1,5,1
12231,A,44,42100.0,2.7,0.353,1,4,0
12232,A,57,55200.0,10.6,0.2,0,1,0
12233,A,55,56900.0,5.6,0.45,0,1,0
12234,B,33,40500.0,2.4,0.385,1,5,1
12235,A,30,70900.0,8.1,0.349,0,1,0
12236,A,31,35400.0,6.5,0.101,0,3,0
12237,A,27,70300.0,13.3,0.22,1,1,0
12238,A,33,24200.0,9.2,0.186,1,3,0
12239,A,21,40500.0,3.2,0.165,1,2,0
12240,B,40,80400.0,11.3,0.114,2,5,0
12241,B,27,21700.0,10.5,0.447,1,2,1
12242,A,31,13900.0,5.7,0.413,0,2,0
12243,A,45,32400.0,8.5,0.235,0,2,0
12244,B,30,34300.0,5.2,0.3,0,3,0
12245,A,48,21800.0,11.7,0.403,0,2,0
12246,A,34,22900.0,13.4,0.37,2,2,1
12247,A,44,45300.0,3.7,0.225,1,1,0
12248,B,48,30700.0,12.6,0.221,0,4,0
12249,B,54,19200.0,4.2,0.509,0,5,0
12250,A,50,36000.0,7.1,0.347,0,1,0
12251,A,36,18200.0,17.2,0.184,0,3,0
12252,A,50,70800.0,7.6,0.035,0,4,0
12253,A,32,35500.0,13.6,0.305,1,2,0
12254,A,51,56100.0,8.0,0.299,0,1,0
12255,B,46,26900.0,4.6,0.396,0,4,0
12256,A,38,49600.0,11.3,0.277,0,1,0
12257,A,27,53900.0,10.0,0.02,2,1,0
12258,A,45,48200.0,3.6,0.493,1,3,0
12259,A,36,82600.0,9.3,0.376,0,4,0
12260,B,25,31900.0,1.7,0.467,0,5,1
12261,A,44,26800.0,7.2,0.45,1,5,0
12262,A,35,130400.0,8.5,0.277,1,2,0
12263,A,47,33800.0,13.9,0.27,0,1,0
12264,B,40,36200.0,3.6,0.515,0,4,1
12265,A,29,35600.0,14.7,0.454,0,1,0
12266,A,67,31900.0,12.7,0.259,0,3,0
12267,A,46,47500.0,9.5,0.274,0,3,0
12268,A,67,108300.0,13.6,0.419,2,3,1
12269,A,41,12700.0,13.7,0.433,0,2,0
12270,A,37,23400.0,11.9,0.518,0,4,0
12271,A,27,42400.0,4.3,0.316,0,2,1
12272,A,31,34900.0,11.3,0.368,0,3,0
12273,A,37,83400.0,5.0,0.268,0,1,0
12274,B,28,14700.0,2.2,0.392,3,2,1
12275,A,51,50100.0,10.0,0.524,1,4,0
12276,A,42,52600.0,11.4,0.285,2,2,0
12277,A,33,42600.0,11.4,0.32,0,1,0
12278,A,22,24800.0,6.2,0.252,0,3,0
12279,A,51,21000.0,12.8,0.313,0,1,0
12280,B,35,32600.0,14.1,0.423,0,4,0
12281,A,29,47200.0,3.5,0.322,0,3,0
12282,A,56,34600.0,10.0,0.393,1,2,0
12283,A,24,34100.0,11.9,0.187,0,1,0
12284,B,44,48600.0,3.1,0.267,1,3,0
12285,A,47,38200.0,24.0,0.569,1,1,0
12286,A,40,57300.0,16.7,0.289,0,4,0
12287,A,46,67800.0,9.7,0.463,0,1,0
12288,A,35,33900.0,12.4,0.334,1,2,0
12289,A,27,44000.0,17.6,0.385,1,5,0
12290,A,25,49000.0,11.5,0.314,0,3,0
12291,B,48,22100.0,0.9,0.464,0,4,0
12292,B,26,27300.0,3.1,0.294,1,5,0
12293,A,43,43100.0,7.7,0.041,0,2,0
12294,B,55,24400.0,2.9,0.307,0,4,1
12295,A,47,33500.0,4.2,0.322,1,3,1
12296,B,37,26300.0,3.5,0.408,1,1,0
12297,A,25,10400.0,7.0,0.346,0,3,0
12298,B,27,28000.0,5.0,0.202,1,4,0
12299,B,27,46600.0,6.7,0.13,0,5,0
12300,A,30,61100.0,4.8,0.299,1,1,0
12301,A,43,60300.0,5.6,0.305,0,1,0
12302,A,55,46200.0,12.2,0.297,2,4,0
12303,B,45,40700.0,16.9,0.317,0,4,0
12304,A,41,51800.0,6.4,0.307,1,2,0
12305,A,38,30100.0,2.9,0.358,1,4,1
12306,B,59,31800.0,5.9,0.495,2,5,0
12307,B,39,30300.0,4.5,0.366,0,4,0
12308,A,42,49900.0,17.4,0.269,0,2,0
12309,A,51,27800.0,4.1,0.583,1,5,0
12310,B,49,22200.0,3.8,0.506,1,4,1
12311,A,40,11300.0,3.9,0.411,0,3,0
12312,A,29,63800.0,6.6,0.485,0,2,1
12313,B,37,42200.0,2.8,0.32,1,3,0
12314,B,27,58600.0,5.1,0.486,2,5,0
12315,B,41,32600.0,3.7,0.406,0,2,0
12316,A,50,45500.0,7.9,0.374,1,1,1
12317,B,36,29200.0,4.0,0.171,1,5,0
12318,A,55,32300.0,14.5,0.116,1,1,0
12319,A,26,51100.0,19.5,0.424,0,2,0
12320,A,59,18100.0,14.3,0.193,0,2,0
12321,B,37,54100.0,4.5,0.442,2,5,1
12322,B,34,28400.0,5.2,0.45,2,4,0
12323,B,23,19200.0,5.9,0.336,3,4,0
12324,B,48,57200.0,7.5,0.317,1,2,0
12325,A,32,54400.0,11.7,0.242,0,3,0
12326,B,56,16200.0,6.3,0.302,0,4,0
12327,A,46,27600.0,10.0,0.251,0,3,0
12328,A,28,39700.0,7.5,0.264,1,2,0
12329,A,32,18500.0,16.0,0.385,0,2,0
12330,A,34,37000.0,3.1,0.398,0,2,0
12331,A,28,50800.0,7.4,0.45,1,2,0
12332,A,40,43800.0,16.7,0.389,0,3,0
12333,B,60,21600.0,2.0,0.183,2,5,0
12334,B,54,38200.0,10.6,0.49,0,3,0
12335,A,31,39000.0,7.7,0.382,1,3,0
12336,B,26,61900.0,4.2,0.225,1,5,0
12337,A,42,50100.0,2.3,0.367,1,2,1
12338,B,49,38000.0,1.6,0.38,1,4,1
12339,A,52,42600.0,4.7,0.246,0,2,0
12340,A,33,22600.0,5.2,0.093,0,4,0
12341,A,42,28300.0,4.0,0.456,0,3,0
12342,A,23,30100.0,7.6,0.421,1,1,1
12343,A,44,67200.0,4.8,0.113,0,2,0
12344,A,54,59600.0,8.7,0.346,1,3,0
12345,A,21,34400.0,13.9,0.319,0,3,0
12346,B,61,35800.0,15.3,0.272,0,3,0
12347,A,37,24100.0,17.2,0.247,1,3,0
12348,B,21,60900.0,2.9,0.236,2,5,0
12349,B,47,16800.0,3.0,0.578,0,3,1
12350,A,53,19700.0,4.2,0.605,1,1,1
12351,A,52,20700.0,2.6,0.552,0,1,0
12352,B,44,45300.0,0.8,0.562,1,5,1
12353,A,43,41800.0,18.7,0.532,0,4,0
12354,B,53,30600.0,2.2,0.301,1,4,0
12355,A,23,27500.0,2.9,0.098,0,3,0
12356,A,32,47500.0,8.6,0.384,0,1,0
12357,A,32,20700.0,3.8,0.248,0,3,0
12358,A,49,24700.0,13.3,0.405,0,4,0
12359,B,32,19800.0,6.0,0.279,3,4,0
12360,A,47,44200.0,5.3,0.266,1,4,0
12361,B,54,20300.0,8.3,0.357,1,1,0
12362,B,21,55100.0,1.1,0.393,0,5,0
12363,A,24,56400.0,6.6,0.365,1,5,0
12364,A,43,41300.0,4.6,0.213,0,4,0
12365,B,75,37300.0,7.3,0.104,0,5,0
12366,A,39,21400.0,4.4,0.319,1,1,0
12367,B,42,49300.0,10.2,0.241,0,4,0
12368,A,48,61200.0,2.3,0.308,0,3,0
12369,B,40,50300.0,3.2,0.349,1,4,0
12370,A,26,55300.0,9.7,0.286,0,2,0
12371,A,62,22400.0,23.4,0.356,0,5,0
12372,A,44,46700.0,12.3,0.227,1,2,0
12373,A,54,79100.0,5.3,0.368,0,4,0
12374,A,36,31200.0,12.0,0.251,0,5,0
12375,A,54,67800.0,8.2,0.5,0,3,0
12376,A,45,38200.0,7.9,0.365,0,1,1
12377,A,38,45400.0,16.2,0.375,0,5,0
12378,A,36,38400.0,4.6,0.312,0,3,0
12379,A,40,25700.0,8.4,0.199,0,3,0
12380,B,40,16300.0,5.7,0.45,0,2,1
12381,A,33,50100.0,11.3,0.347,0,1,0
12382,A,26,24100.0,4.4,0.387,0,1,0
12383,A,63,22600.0,6.6,0.219,0,1,1
12384,A,40,77600.0,10.3,0.465,0,4,0
12385,B,25,50800.0,1.1,0.417,0,5,1
12386,A,67,51700.0,6.4,0.499,0,2,0
12387,A,40,54000.0,9.9,0.479,0,3,0
12388,B,49,37100.0,7.6,0.083,1,4,0
12389,A,49,25100.0,13.2,0.454,1,5,0
12390,A,41,21900.0,7.4,0.203,1,3,0
12391,A,45,32200.0,12.8,0.272,0,2,0
12392,A,35,38600.0,8.9,0.39,0,1,0
12393,A,47,27900.0,3.2,0.589,2,3,1
12394,B,26,26500.0,3.9,0.452,0,5,0
12395,A,51,50800.0,10.8,0.307,0,1,0
12396,B,37,20900.0,5.4,0.523,1,3,0
12397,A,46,26300.0,15.4,0.02,1,3,0
12398,B,63,23800.0,7.8,0.429,0,4,0
12399,A,41,54000.0,8.9,0.433,1,2,0
12400,B,34,42100.0,10.2,0.504,1,4,0
12401,A,41,21200.0,11.1,0.566,0,3,0
12402,A,55,50900.0,2.1,0.343,0,1,1
12403,A,48,12700.0,13.0,0.191,0,3,0
12404,A,56,31100.0,5.8,0.246,0,4,0
12405,A,37,46500.0,7.9,0.324,0,4,0
12406,A,34,60600.0,11.4,0.306,1,1,0
12407,B,32,34000.0,9.5,0.393,1,4,0
12408,A,37,35800.0,5.2,0.622,0,2,1
12409,A,29,27300.0,19.9,0.384,0,3,0
12410,A,37,68800.0,8.9,0.499,0,4,0
12411,A,30,53300.0,8.7,0.458,1,3,0
12412,A,53,84900.0,4.5,0.234,1,2,0
12413,A,25,42000.0,9.2,0.305,1,1,1
12414,B,62,34000.0,3.5,0.02,0,4,0
12415,B,37,23900.0,2.0,0.338,1,5,1
12416,A,31,18900.0,4.6,0.301,1,2,0
12417,B,44,11900.0,13.1,0.268,1,5,0
12418,A,41,38300.0,5.1,0.085,0,2,0
12419,A,56,38900.0,10.3,0.437,0,1,0
12420,B,39,28300.0,3.9,0.157,0,3,0
12421,A,46,32800.0,4.2,0.28,0,3,0
12422,A,21,48800.0,19.4,0.296,0,3,0
12423,A,37,46600.0,5.0,0.356,0,3,1
12424,A,34,28700.0,8.2,0.373,1,4,0
12425,B,25,28100.0,3.5,0.323,1,5,0
12426,A,21,55500.0,6.4,0.378,0,2,0
12427,B,21,32800.0,3.3,0.229,0,5,0
12428,A,50,45200.0,16.7,0.301,0,4,0
12429,B,37,38000.0,10.5,0.426,0,3,0
12430,B,47,45600.0,9.2,0.494,0,2,0
12431,A,43,38600.0,4.9,0.375,1,1,1
12432,B,39,41800.0,5.5,0.355,0,1,1
12433,B,31,35100.0,5.3,0.547,0,4,0
12434,A,35,22100.0,12.8,0.182,0,4,0
12435,A,26,20400.0,7.6,0.421,0,1,0
12436,A,21,39400.0,7.3,0.305,0,5,0
12437,A,33,25200.0,5.4,0.455,0,5,0
12438,A,35,44000.0,5.0,0.235,1,1,0
12439,A,24,41000.0,13.5,0.431,0,2,0
12440,B,31,23300.0,3.3,0.348,1,2,0
12441,B,30,30400.0,2.8,0.281,0,3,0
12442,B,61,27800.0,6.0,0.355,0,5,0
12443,A,75,28500.0,7.2,0.2,0,4,0
12444,A,21,31200.0,9.5,0.302,0,1,0
12445,B,46,24100.0,4.2,0.208,0,5,0
12446,B,44,19900.0,6.2,0.395,0,5,1
12447,B,60,28700.0,7.7,0.183,0,4,0
12448,A,45,43100.0,4.4,0.419,0,3,0
12449,A,37,45000.0,3.8,0.136,0,2,0
12450,B,29,50900.0,11.4,0.185,1,2,0
12451,B,36,15900.0,3.8,0.353,1,3,1
12452,A,50,51000.0,15.5,0.371,0,3,0
12453,A,58,50300.0,9.6,0.24,0,1,0
12454,A,51,32300.0,7.7,0.566,0,2,0
12455,A,33,44100.0,11.5,0.378,0,2,0
12456,A,33,18500.0,13.2,0.333,1,4,0
12457,A,26,50500.0,11.0,0.44,1,3,0
12458,A,21,21000.0,12.3,0.272,0,4,0
12459,B,50,18300.0,19.3,0.183,0,1,0
12460,A,33,19600.0,13.9,0.285,0,5,0
12461,A,36,20900.0,10.9,0.36,1,2,0
12462,A,44,31100.0,5.6,0.44,1,2,0
12463,A,52,41500.0,5.9,0.537,0,5,1
12464,A,30,24200.0,3.1,0.404,0,2,0
12465,A,30,36200.0,5.0,0.272,0,3,0
12466,A,32,38600.0,8.1,0.345,0,2,1
12467,A,57,26100.0,14.1,0.469,0,2,0
12468,B,56,56000.0,9.0,0.286,0,4,0
12469,B,21,31600.0,1.2,0.487,0,5,1
12470,A,27,73200.0,5.8,0.47,2,2,1
12471,A,26,27000.0,13.3,0.308,1,2,0
12472,A,35,42600.0,4.6,0.218,0,1,0
12473,A,28,46300.0,2.4,0.358,0,1,1
12474,A,54,54300.0,16.6,0.402,0,3,0
12475,A,31,59500.0,9.6,0.275,1,1,0
12476,B,32,50300.0,2.6,0.41,0,3,1
12477,A,41,33800.0,2.9,0.32,0,1,0
12478,A,61,25400.0,8.2,0.233,0,2,0
12479,A,53,69400.0,8.0,0.427,0,2,0
12480,A,31,31100.0,7.6,0.216,2,1,0
12481,A,45,24300.0,7.2,0.691,0,2,0
12482,A,25,31300.0,11.9,0.188,0,1,0
12483,A,40,16700.0,4.7,0.382,0,2,1
12484,A,42,48900.0,3.2,0.369,0,1,1
12485,A,28,33100.0,8.7,0.288,0,3,0
12486,A,40,15000.0,10.5,0.486,0,1,0
12487,A,47,11700.0,21.8,0.485,1,5,0
12488,A,54,37800.0,3.8,0.203,1,3,0
12489,A,52,46400.0,5.6,0.421,1,2,0
12490,B,40,55700.0,4.3,0.378,1,3,0
12491,A,73,67700.0,8.2,0.324,0,3,0
12492,A,53,56600.0,25.9,0.186,0,1,0
12493,B,47,57100.0,8.4,0.474,0,5,0
12494,A,33,57900.0,19.0,0.431,1,2,0
12495,A,35,47500.0,9.8,0.219,1,5,0
12496,A,47,54800.0,4.9,0.337,1,1,1
12497,B,32,41900.0,4.7,0.226,0,5,0
12498,B,31,79300.0,2.0,0.353,0,5,0
12499,A,29,28200.0,2.1,0.416,0,2,1
12500,A,44,34300.0,10.3,0.476,1,1,0
12501,A,55,29100.0,29.5,0.248,0,2,0
12502,A,39,27300.0,4.1,0.378,0,5,1
12503,A,61,39900.0,8.3,0.224,2,1,0
12504,A,38,37600.0,20.2,0.194,1,2,0
12505,A,30,20100.0,11.5,0.24,1,1,0
12506,A,57,53800.0,5.6,0.217,0,3,0
12507,A,42,32100.0,15.1,0.136,0,3,0
12508,A,43,33700.0,10.9,0.392,1,2,0
12509,A,34,54400.0,10.4,0.43,0,1,0
12510,A,27,27300.0,11.8,0.246,0,1,0
12511,A,42,21300.0,6.0,0.647,0,1,0
12512,B,34,50900.0,4.4,0.407,1,1,0
12513,A,36,55000.0,14.0,0.282,0,4,0
12514,A,43,28600.0,4.7,0.328,0,3,0
12515,A,49,28300.0,4.7,0.23,0,4,0
12516,B,45,24500.0,9.6,0.108,1,2,0
12517,B,50,30400.0,3.8,0.337,0,3,0
12518,A,44,54800.0,4.5,0.24,2,1,0
12519,A,36,21800.0,12.8,0.368,0,5,0
12520,B,33,19200.0,4.7,0.428,0,3,0
12521,A,38,36100.0,15.4,0.16,1,3,0
12522,A,40,27000.0,7.5,0.345,0,1,0
12523,A,36,44100.0,17.0,0.116,0,3,0
12524,A,33,48800.0,6.4,0.248,0,2,0
12525,A,44,43900.0,5.3,0.287,0,2,0
12526,B,41,17600.0,4.5,0.32,0,5,0
12527,A,39,37800.0,4.7,0.574,0,1,1
12528,A,29,27000.0,8.6,0.304,0,2,0
12529,B,26,58600.0,3.5,0.233,1,4,0
12530,B,58,48100.0,7.9,0.457,1,3,0
12531,A,32,92300.0,13.3,0.316,1,1,0
12532,A,29,56300.0,19.3,0.412,0,1,0
12533,B,41,22900.0,11.8,0.342,1,4,0
12534,A,28,32700.0,3.9,0.219,1,2,0
12535,A,48,40800.0,4.1,0.407,0,1,0
12536,A,45,58900.0,10.3,0.303,0,4,0
12537,A,42,60700.0,15.2,0.132,0,5,0
12538,A,39,76100.0,17.5,0.154,0,5,0
12539,A,38,38800.0,21.5,0.565,0,3,0
12540,A,42,66900.0,8.2,0.403,0,4,0
12541,B,52,51100.0,3.5,0.186,0,4,0
12542,A,46,49200.0,26.6,0.408,0,1,0
12543,A,52,41500.0,6.9,0.507,0,3,1
12544,A,36,68900.0,10.6,0.452,0,4,0
12545,A,49,47100.0,8.8,0.379,0,3,0
12546,A,38,21800.0,17.3,0.237,0,2,0
12547,B,40,46800.0,5.0,0.213,0,3,0
12548,A,64,23600.0,9.2,0.472,0,3,0
12549,A,44,42000.0,10.1,0.249,0,1,0
12550,A,32,22700.0,8.0,0.193,0,3,0
12551,A,40,32200.0,7.5,0.457,1,3,0
12552,B,23,29700.0,7.1,0.498,0,4,1
12553,B,22,21500.0,3.1,0.474,0,4,1
12554,B,39,52200.0,2.6,0.69,0,3,0
12555,B,28,34500.0,5.5,0.299,2,2,1
12556,A,55,33600.0,14.6,0.331,1,1,0
12557,A,47,20900.0,6.9,0.35,0,1,0
12558,B,30,14400.0,19.5,0.372,1,5,0
12559,B,43,34300.0,7.4,0.348,1,5,0
12560,A,45,41600.0,9.4,0.373,0,5,0
12561,A,54,25400.0,7.2,0.37,0,2,0
12562,A,37,56600.0,9.8,0.47,0,3,0
12563,A,30,56400.0,10.5,0.101,0,5,0
12564,A,58,39100.0,10.4,0.333,1,3,0
12565,A,39,60400.0,5.4,0.376,1,3,0
12566,B,31,42700.0,7.6,0.352,0,3,0
12567,A,33,43700.0,8.6,0.095,1,3,0
12568,B,28,25700.0,4.2,0.457,0,2,1
12569,A,21,38200.0,4.9,0.236,0,1,0
12570,A,35,44800.0,10.2,0.364,1,4,0
12571,B,23,23900.0,4.4,0.551,0,1,0
12572,A,41,46300.0,9.4,0.398,0,2,0
12573,A,65,29900.0,5.3,0.216,0,3,0
12574,B,34,28000.0,2.0,0.368,1,4,1
12575,A,41,18700.0,4.3,0.292,0,2,0
12576,A,55,43800.0,23.9,0.464,0,3,0
12577,A,30,46200.0,4.8,0.294,0,4,1
12578,A,36,34800.0,7.3,0.378,0,2,0
12579,A,21,23300.0,8.2,0.283,1,1,0
12580,B,34,60800.0,1.1,0.344,1,3,0
12581,A,31,24300.0,4.1,0.216,2,3,0
12582,A,28,66200.0,8.4,0.374,1,1,0
12583,B,30,20400.0,5.2,0.394,0,5,1
12584,A,37,76400.0,10.9,0.377,0,2,0
12585,B,47,21500.0,1.7,0.294,0,5,0
12586,B,40,29400.0,12.0,0.435,2,4,1
12587,A,37,33400.0,6.3,0.246,0,3,0
12588,A,62,15100.0,12.1,0.02,1,5,0
12589,A,26,74200.0,9.8,0.445,0,3,0
12590,A,27,46600.0,11.5,0.531,1,2,0
12591,A,56,54800.0,8.7,0.199,0,1,0
12592,A,33,30400.0,6.9,0.281,0,2,0
12593,A,63,26900.0,13.3,0.46,0,1,0
12594,A,34,69200.0,11.5,0.29,1,1,0
12595,A,31,23400.0,6.7,0.169,1,3,0
12596,A,52,32300.0,12.4,0.231,1,1,0
12597,A,35,32700.0,3.9,0.479,0,1,0
12598,B,39,54600.0,4.7,0.212,4,5,0
12599,B,48,30400.0,7.4,0.315,0,4,0
12600,B,46,33600.0,7.0,0.427,1,4,0
12601,A,33,34600.0,3.8,0.287,0,2,0
12602,A,36,31600.0,4.3,0.174,0,5,0
12603,A,49,50500.0,5.1,0.543,0,1,0
12604,A,54,112900.0,5.7,0.303,2,3,0
12605,A,31,45600.0,10.3,0.542,0,4,0
12606,B,26,19700.0,2.7,0.372,0,4,0
12607,A,48,52700.0,5.7,0.322,0,3,0
12608,A,31,78800.0,5.9,0.412,1,3,1
12609,A,54,32200.0,11.0,0.266,0,5,0
12610,A,37,63400.0,9.6,0.18,0,1,0
12611,A,53,40500.0,9.7,0.131,0,2,0
12612,A,35,45700.0,16.8,0.36,0,1,0
12613,A,36,30700.0,17.7,0.303,0,1,0
12614,A,33,38500.0,17.1,0.384,2,2,0
12615,A,61,67800.0,9.8,0.28,0,3,0
12616,A,39,119000.0,11.7,0.401,3,1,0
12617,B,22,30100.0,9.8,0.526,2,3,0
12618,B,45,30300.0,3.9,0.217,0,3,0
12619,B,44,29200.0,5.9,0.242,1,4,0
12620,B,48,32300.0,4.3,0.229,0,5,0
12621,A,25,34400.0,4.7,0.492,1,1,0
12622,B,27,31700.0,5.6,0.432,3,2,0
12623,B,46,37100.0,7.5,0.351,0,4,0
12624,B,21,23700.0,1.1,0.451,0,1,1
12625,A,29,51000.0,4.9,0.315,0,3,0
12626,A,49,22200.0,12.8,0.303,1,2,0
12627,A,21,42700.0,3.6,0.288,0,3,1
12628,B,41,46100.0,9.1,0.348,0,5,0
12629,B,51,39700.0,18.6,0.354,0,3,0
12630,B,24,49200.0,2.6,0.299,0,3,0
12631,A,53,48200.0,14.9,0.581,1,4,1
12632,A,39,20500.0,10.2,0.293,0,1,1
12633,B,39,52000.0,3.3,0.296,1,5,0
12634,B,32,41700.0,5.3,0.364,0,3,0
12635,A,52,44700.0,20.0,0.095,0,3,0
12636,B,67,19200.0,2.5,0.295,0,1,1
12637,B,48,29400.0,13.3,0.26,0,4,0
12638,A,58,22800.0,7.0,0.076,0,2,0
12639,A,44,31100.0,7.4,0.129,1,3,0
12640,A,51,28600.0,24.7,0.291,0,4,0
12641,A,49,67200.0,15.1,0.325,0,1,0
12642,A,36,67300.0,6.0,0.368,2,3,0
12643,A,38,23300.0,6.2,0.235,0,2,0
12644,A,58,30600.0,14.3,0.397,0,2,0
12645,B,47,61300.0,5.2,0.323,0,5,0
12646,A,68,77800.0,18.0,0.465,0,2,0
12647,A,56,38500.0,13.8,0.286,0,3,0
12648,A,26,36700.0,8.0,0.406,0,3,0
12649,A,45,64400.0,11.7,0.137,0,2,0
12650,A,49,33200.0,11.5,0.513,0,5,0
12651,A,30,25500.0,5.6,0.295,0,2,0
12652,A,49,11900.0,9.6,0.454,0,2,1
12653,A,37,24800.0,5.7,0.213,1,5,0
12654,A,53,73300.0,2.3,0.279,0,3,0
12655,B,42,20000.0,5.1,0.402,1,5,1
12656,A,21,49100.0,6.5,0.223,0,3,0
12657,A,21,78900.0,6.4,0.26,0,3,0
12658,A,36,41900.0,12.2,0.321,0,4,0
12659,A,30,44900.0,9.7,0.298,0,1,0
12660,A,36,102500.0,8.7,0.265,0,3,0
12661,A,23,35300.0,4.7,0.167,2,2,0
12662,A,49,31200.0,8.3,0.497,1,4,0
12663,A,40,27300.0,7.0,0.392,2,2,1
12664,A,26,37600.0,8.3,0.205,0,2,0
12665,B,38,20600.0,8.1,0.429,0,3,0
12666,A,40,36700.0,13.0,0.482,0,3,0
12667,A,49,29300.0,4.9,0.314,1,1,1
12668,A,37,46200.0,4.2,0.49,0,2,0
12669,B,21,38600.0,11.2,0.02,0,5,0
12670,A,54,64200.0,12.2,0.495,0,3,0
12671,A,35,17500.0,7.5,0.177,0,1,0
12672,A,49,38500.0,8.0,0.376,0,1,1
12673,A,41,43800.0,11.8,0.212,0,2,0
12674,A,61,33600.0,11.2,0.117,0,1,0
12675,B,49,17000.0,0.9,0.29,0,5,0
12676,A,26,56100.0,5.3,0.352,0,3,0
12677,A,50,29600.0,13.2,0.256,0,2,0
12678,B,41,38000.0,2.7,0.324,0,3,1
12679,A,29,46400.0,11.6,0.208,0,1,0
12680,B,42,67100.0,2.3,0.225,0,4,0
12681,A,55,36600.0,6.8,0.395,0,2,0
12682,A,37,32400.0,20.2,0.294,0,3,1
12683,A,39,29500.0,12.8,0.33,0,4,1
12684,B,33,52200.0,2.7,0.557,1,2,1
12685,B,39,32000.0,8.2,0.268,0,2,0
12686,B,59,45100.0,13.3,0.39,0,3,0
12687,A,49,66500.0,6.4,0.209,0,2,0
12688,A,60,53400.0,9.6,0.184,0,2,0
12689,A,48,44800.0,12.8,0.267,0,4,0
12690,A,75,54300.0,10.0,0.426,0,2,0
12691,A,47,13500.0,12.0,0.381,0,1,0
12692,B,31,71800.0,6.0,0.171,1,5,0
12693,A,23,101300.0,9.8,0.467,0,1,0
12694,B,39,28700.0,4.7,0.48,0,5,1
12695,A,34,22300.0,7.4,0.087,0,2,0
12696,A,38,46900.0,9.8,0.311,0,4,0
12697,B,24,50400.0,4.8,0.237,1,3,0
12698,B,29,28200.0,10.6,0.289,1,3,0
12699,A,53,27700.0,8.0,0.403,0,2,0
12700,A,34,57800.0,2.6,0.37,0,1,0
12701,A,23,37500.0,18.3,0.51,1,3,1
12702,A,61,22400.0,11.8,0.457,1,3,0
12703,A,59,23100.0,12.6,0.44,0,1,0
12704,B,46,16600.0,2.4,0.315,0,4,0
12705,A,26,51000.0,3.1,0.469,1,4,1
12706,B,45,45000.0,1.9,0.309,0,5,0
12707,A,57,48900.0,5.6,0.296,0,2,0
12708,A,34,38500.0,4.2,0.244,1,2,0
12709,B,29,52100.0,6.1,0.287,1,5,0
12710,A,51,58500.0,5.8,0.584,1,3,0
12711,A,48,26200.0,6.1,0.287,1,1,0
12712,A,52,53700.0,7.9,0.246,0,3,1
12713,A,33,34300.0,10.9,0.317,1,3,0
12714,A,43,28200.0,7.4,0.176,1,3,0
12715,A,38,38000.0,6.2,0.304,1,3,0
12716,A,30,56500.0,8.0,0.131,0,4,0
12717,A,37,56600.0,4.6,0.553,0,3,0
12718,A,40,61700.0,12.2,0.204,0,3,0
12719,B,52,32300.0,5.3,0.32,1,4,0
12720,A,45,27100.0,4.4,0.263,0,5,0
12721,B,46,27800.0,6.2,0.269,0,1,0
12722,B,43,47300.0,14.7,0.285,0,4,0
12723,A,21,44700.0,7.4,0.205,1,1,0
12724,A,30,36400.0,13.4,0.355,0,1,0
12725,B,39,102700.0,4.4,0.485,1,2,1
12726,A,47,27000.0,8.6,0.314,0,3,0
12727,A,40,30700.0,1.6,0.227,1,2,0
12728,B,51,33400.0,1.6,0.378,0,3,0
12729,B,61,19600.0,3.2,0.361,0,5,0
12730,A,21,34900.0,5.8,0.242,2,2,1
12731,A,53,40300.0,4.1,0.5,0,2,0
12732,A,48,55300.0,16.6,0.345,1,5,0
12733,B,23,26400.0,2.6,0.406,0,3,0
12734,A,27,67400.0,7.5,0.449,0,1,0
12735,B,38,26500.0,5.4,0.37,1,4,0
12736,A,51,45300.0,14.4,0.19,0,1,0
12737,A,50,81300.0,7.1,0.336,0,2,0
12738,A,45,47700.0,12.2,0.405,0,2,0
12739,A,63,37000.0,6.5,0.309,1,4,0
12740,B,32,15700.0,16.4,0.362,0,5,0
12741,B,26,44900.0,3.7,0.596,0,4,0
12742,A,34,16800.0,11.0,0.02,0,2,0
12743,B,34,43000.0,2.7,0.28,0,2,0
12744,A,22,36500.0,6.9,0.05,0,2,0
12745,A,35,66200.0,5.3,0.234,1,1,0
12746,A,30,66500.0,6.1,0.376,1,2,0
12747,A,56,20800.0,8.3,0.405,0,4,0
12748,A,57,32400.0,12.8,0.192,0,3,0
12749,A,21,29700.0,4.1,0.272,0,3,0
12750,B,42,19600.0,2.1,0.562,3,5,1
12751,B,57,21400.0,5.5,0.398,1,5,1
12752,A,45,13600.0,6.5,0.246,0,2,0
12753,B,21,56500.0,11.2,0.342,0,3,0
12754,B,21,16500.0,10.3,0.326,0,1,0
12755,B,47,18100.0,3.6,0.452,1,3,0
12756,B,33,21200.0,14.6,0.405,0,3,0
12757,A,58,23300.0,10.1,0.433,0,3,0
12758,A,32,26000.0,6.5,0.29,0,2,0
12759,A,21,34200.0,9.1,0.173,0,1,1
12760,B,61,27600.0,9.7,0.421,0,5,0
12761,A,44,41300.0,6.1,0.305,1,1,0
12762,A,46,23600.0,9.1,0.528,0,1,0
12763,B,49,42700.0,6.7,0.402,0,5,0
12764,A,39,28900.0,7.4,0.292,1,4,0
12765,A,47,31400.0,30.0,0.371,2,2,0
12766,B,32,43000.0,2.9,0.349,1,1,0
12767,A,21,33800.0,3.9,0.14,1,2,1
12768,A,45,89200.0,2.2,0.458,0,2,0
12769,B,21,36600.0,3.4,0.403,0,3,0
12770,A,52,46800.0,4.0,0.319,1,1,0
12771,A,35,63100.0,9.4,0.383,1,3,0
12772,A,50,27500.0,26.8,0.255,0,2,0
12773,A,44,46000.0,13.3,0.147,1,2,0
12774,A,28,38500.0,7.9,0.569,0,3,0
12775,A,70,33000.0,8.6,0.249,0,4,0
12776,A,68,35100.0,8.5,0.442,1,3,0
12777,A,46,87600.0,6.2,0.347,0,1,0
12778,B,57,33000.0,3.1,0.403,0,5,0
12779,A,46,81700.0,6.5,0.383,1,3,1
12780,B,51,67200.0,5.3,0.302,0,4,0
12781,A,56,27100.0,11.5,0.573,1,4,0
12782,B,37,34600.0,4.0,0.219,0,3,1
12783,A,33,45000.0,8.5,0.169,0,4,0
12784,A,36,38300.0,19.5,0.27,0,2,0
12785,B,39,35700.0,3.5,0.483,0,4,1
12786,A,44,37100.0,4.7,0.304,0,3,0
12787,A,35,36300.0,7.9,0.318,0,4,0
12788,B,35,36900.0,2.8,0.375,1,5,0
12789,A,35,52900.0,23.3,0.157,1,1,0
12790,A,35,18000.0,6.7,0.281,0,1,0
12791,A,52,18900.0,19.8,0.486,0,3,0
12792,A,41,77400.0,7.8,0.154,0,2,0
12793,B,41,37900.0,9.2,0.285,0,5,0
12794,A,21,42500.0,4.2,0.336,0,4,0
12795,A,51,19200.0,8.4,0.435,0,3,0
12796,A,61,31000.0,5.7,0.183,3,5,0
12797,A,47,82200.0,7.8,0.473,1,1,1
12798,A,47,47200.0,4.1,0.252,0,2,0
12799,A,47,82600.0,8.6,0.503,0,1,0
12800,B,44,13600.0,9.0,0.608,1,2,1
12801,B,37,55400.0,5.3,0.51,0,5,0
12802,B,26,37700.0,4.3,0.246,0,4,0
12803,A,48,51500.0,11.5,0.377,1,3,0
12804,B,21,36900.0,0.5,0.193,0,4,0
12805,B,29,46900.0,7.8,0.494,1,5,0
12806,A,41,26100.0,6.5,0.297,0,5,0
12807,A,38,35900.0,13.1,0.543,0,1,1
12808,A,34,32200.0,7.2,0.02,1,1,0
12809,A,22,30100.0,9.1,0.291,1,4,0
12810,A,44,36600.0,5.9,0.167,0,2,0
12811,A,29,49400.0,11.2,0.34,1,4,0
12812,B,27,27300.0,5.7,0.443,2,5,0
12813,A,44,51500.0,8.2,0.333,0,2,0
12814,A,54,27600.0,15.0,0.363,0,3,0
12815,B,48,61100.0,1.6,0.44,0,5,0
12816,A,46,26800.0,14.8,0.285,1,5,0
12817,A,48,45100.0,4.9,0.531,0,3,0
12818,A,50,86000.0,7.0,0.318,0,3,1
12819,A,58,43100.0,11.5,0.406,1,1,0
12820,A,21,41200.0,10.6,0.196,0,3,0
12821,B,49,33700.0,6.2,0.351,0,2,0
12822,A,25,37700.0,2.3,0.324,1,2,0
12823,A,56,20400.0,8.1,0.02,0,3,0
12824,B,34,34800.0,9.0,0.279,0,2,0
12825,A,21,55400.0,11.2,0.406,2,1,0
12826,A,47,67000.0,8.4,0.453,0,1,0
12827,A,47,74300.0,6.2,0.246,0,3,0
12828,A,49,77700.0,6.2,0.436,1,3,0
12829,B,40,12800.0,4.5,0.299,0,5,1
12830,A,36,38700.0,9.6,0.486,0,1,1
12831,A,54,25100.0,7.9,0.506,1,5,1
12832,A,46,32000.0,1.8,0.35,1,2,0
12833,B,50,21700.0,5.3,0.269,0,2,0
12834,A,66,37300.0,4.6,0.073,0,1,0
12835,B,44,21000.0,11.7,0.551,1,5,0
12836,A,46,25300.0,16.5,0.381,1,2,0
12837,A,52,44700.0,5.2,0.328,0,1,0
12838,A,44,22700.0,5.9,0.437,0,3,1
12839,A,33,28700.0,20.1,0.02,0,1,0
12840,A,31,38900.0,9.9,0.02,0,1,0
12841,A,46,62300.0,5.9,0.087,0,3,0
12842,A,34,39500.0,21.5,0.325,0,1,0
12843,A,38,34400.0,15.5,0.345,0,1,0
12844,B,21,38100.0,10.1,0.094,1,4,0
12845,A,58,20300.0,7.3,0.483,0,1,1
12846,B,56,26700.0,1.9,0.495,0,4,0
12847,B,38,34400.0,3.6,0.18,0,3,0
12848,A,59,17300.0,7.3,0.097,3,2,1
12849,A,53,43700.0,2.8,0.362,2,2,0
12850,B,62,23700.0,4.1,0.502,0,4,0
12851,B,39,27200.0,9.2,0.389,0,2,0
12852,A,39,34000.0,8.5,0.287,0,1,0
12853,A,42,35800.0,9.5,0.411,1,1,0
12854,A,50,55300.0,16.1,0.395,2,2,0
12855,A,41,38100.0,9.9,0.143,1,1,0
12856,B,64,47300.0,5.2,0.294,0,4,0
12857,B,21,41800.0,11.0,0.42,1,5,0
12858,A,55,54800.0,9.3,0.195,1,3,1
12859,A,65,18100.0,7.8,0.039,0,2,0
12860,A,33,24100.0,20.4,0.358,0,1,0
12861,A,63,45300.0,10.6,0.444,0,3,0
12862,A,43,31200.0,6.2,0.412,4,1,1
12863,A,28,59600.0,19.3,0.429,0,1,0
12864,A,32,114300.0,17.5,0.239,1,2,0
12865,B,45,29500.0,8.1,0.242,0,4,0
12866,A,39,51900.0,9.2,0.131,0,3,0
12867,A,38,48600.0,6.2,0.186,1,3,0
12868,A,21,43700.0,9.9,0.594,1,1,0
12869,A,32,24400.0,3.9,0.241,0,2,0
12870,A,38,24300.0,3.7,0.255,0,2,0
12871,A,43,45800.0,7.2,0.399,0,2,0
12872,A,41,58400.0,9.1,0.266,0,5,0
12873,A,46,34400.0,5.3,0.316,1,1,1
12874,A,26,95600.0,8.9,0.26,0,1,0
12875,A,75,76800.0,2.6,0.482,1,1,1
12876,B,58,45500.0,3.7,0.376,0,2,0
12877,A,42,31300.0,7.4,0.261,0,4,0
12878,A,40,79400.0,8.3,0.306,1,5,0
12879,A,59,47100.0,6.9,0.552,1,1,0
12880,B,34,58600.0,1.0,0.314,2,5,0
12881,A,36,12800.0,10.3,0.33,0,1,0
12882,A,25,32000.0,4.0,0.408,0,1,0
12883,A,49,70100.0,24.7,0.317,1,3,0
12884,A,49,20500.0,10.7,0.347,0,2,1
12885,A,55,32400.0,10.4,0.25,0,3,0
12886,A,54,45000.0,10.1,0.504,0,4,0
12887,A,35,25300.0,15.2,0.581,0,4,0
12888,B,37,21200.0,7.4,0.277,0,4,0
12889,A,36,46800.0,11.2,0.489,0,2,0
12890,A,46,42500.0,8.0,0.335,0,5,0
12891,B,25,15200.0,6.4,0.292,2,5,0
12892,A,51,25800.0,6.7,0.234,0,3,0
12893,A,47,16500.0,11.2,0.483,1,2,1
12894,A,49,31700.0,18.5,0.264,1,3,0
12895,A,34,37600.0,7.4,0.214,0,2,0
12896,A,31,25000.0,15.0,0.467,0,5,0
12897,A,28,46400.0,7.0,0.274,1,2,0
12898,A,31,60100.0,9.8,0.3,1,1,0
12899,A,46,27500.0,4.4,0.324,0,4,0
12900,A,30,38900.0,2.6,0.155,0,4,0
12901,A,34,42000.0,2.7,0.249,0,3,0
12902,A,31,32200.0,7.1,0.41,0,1,0
12903,A,37,52300.0,10.0,0.52,1,4,0
12904,A,21,35000.0,5.3,0.405,0,2,0
12905,A,58,52700.0,12.5,0.314,0,1,0
12906,A,22,64300.0,3.4,0.275,1,3,0
12907,B,62,41300.0,2.8,0.346,0,5,0
12908,A,21,32000.0,8.0,0.041,0,1,0
12909,A,21,61500.0,15.9,0.265,0,3,0
12910,A,37,40600.0,8.5,0.219,0,4,0
12911,A,48,49900.0,13.0,0.343,0,3,0
12912,B,63,23000.0,6.1,0.422,1,5,1
12913,B,24,28300.0,4.4,0.366,2,5,0
12914,A,48,46400.0,5.5,0.02,1,3,0
12915,A,29,20500.0,6.8,0.331,1,1,0
12916,A,47,42600.0,9.8,0.345,1,4,0
12917,A,32,13500.0,22.1,0.171,0,1,0
12918,B,43,31400.0,2.0,0.401,1,2,0
12919,A,46,26100.0,8.5,0.337,0,2,0
12920,A,65,29400.0,6.3,0.223,1,3,0
12921,A,45,46100.0,11.4,0.175,0,1,0
12922,A,45,35100.0,6.2,0.326,1,5,0
12923,A,32,32600.0,7.9,0.156,1,3,0
12924,A,62,80100.0,4.1,0.34,1,3,0
12925,A,46,47000.0,6.5,0.308,0,4,0
12926,A,38,23100.0,17.7,0.17,0,2,0
12927,A,23,23500.0,7.8,0.349,0,3,0
12928,B,59,20800.0,4.3,0.356,1,4,0
12929,A,31,30300.0,7.3,0.056,1,1,0
12930,A,58,58300.0,5.5,0.37,0,3,0
12931,A,31,48000.0,9.8,0.408,0,3,0
12932,A,43,54200.0,13.3,0.308,1,1,0
12933,A,30,25700.0,14.0,0.351,0,2,0
12934,A,24,35300.0,4.6,0.121,0,4,0
12935,B,41,38300.0,3.1,0.518,0,3,0
12936,B,51,25000.0,14.0,0.288,0,3,0
12937,B,40,15800.0,2.7,0.33,1,4,0
12938,B,33,50700.0,6.1,0.025,2,3,0
12939,A,25,47900.0,15.4,0.391,0,2,0
12940,B,42,44000.0,8.8,0.51,0,3,1
12941,A,22,96800.0,7.1,0.336,0,3,0
12942,A,40,24800.0,5.9,0.511,0,2,0
12943,A,36,48700.0,8.2,0.243,0,2,0
12944,A,47,58500.0,2.8,0.18,0,3,0
12945,B,43,29500.0,3.5,0.376,1,3,0
12946,A,39,30300.0,14.1,0.179,0,3,0
12947,A,29,56200.0,19.0,0.278,2,2,0
12948,A,54,24400.0,4.4,0.605,0,2,0
12949,A,36,54000.0,4.9,0.527,1,2,0
12950,A,28,29000.0,4.9,0.264,0,1,0
12951,A,50,76200.0,9.2,0.2,0,1,0
12952,B,30,45900.0,2.6,0.345,0,5,0
12953,A,33,65200.0,7.6,0.233,0,1,0
12954,A,45,58200.0,14.9,0.384,0,3,0
12955,B,27,37300.0,1.1,0.319,1,3,0
12956,A,37,29600.0,2.9,0.243,0,4,0
12957,A,27,52400.0,16.5,0.022,0,2,0
12958,A,41,22400.0,1.9,0.25,0,3,0
12959,A,42,75200.0,4.8,0.095,1,1,0
12960,A,53,26500.0,9.5,0.522,0,3,0
12961,A,46,39300.0,6.5,0.241,0,1,0
12962,A,46,32100.0,10.0,0.292,0,2,0
12963,A,58,41100.0,4.9,0.448,2,3,0
12964,A,48,31400.0,10.2,0.32,0,1,0
12965,A,49,53400.0,12.5,0.312,1,1,0
12966,A,56,28200.0,8.9,0.344,0,2,0
12967,A,51,25600.0,4.2,0.062,0,4,0
12968,A,42,41400.0,5.7,0.309,0,4,0
12969,A,55,60600.0,7.8,0.182,0,5,0
12970,A,32,39600.0,9.4,0.229,0,1,0
12971,B,33,23900.0,3.8,0.384,0,5,0
12972,A,52,42000.0,19.6,0.406,0,4,0
12973,A,34,50900.0,15.3,0.286,1,5,0
12974,A,34,13900.0,3.4,0.279,0,1,0
12975,A,21,45600.0,9.0,0.344,1,1,0
12976,B,52,19500.0,5.2,0.453,0,4,0
12977,A,66,32300.0,2.9,0.43,0,1,0
12978,A,31,28000.0,6.5,0.31,0,4,1
12979,A,44,63400.0,3.5,0.273,0,3,0
12980,A,47,60600.0,7.3,0.324,0,1,0
12981,A,44,26000.0,19.5,0.332,0,2,0
12982,A,39,17200.0,4.5,0.329,0,5,1
12983,A,36,44200.0,23.5,0.428,0,1,0
12984,A,40,62300.0,8.7,0.273,0,2,0
12985,B,48,28800.0,2.0,0.272,0,5,0
12986,A,45,77400.0,7.5,0.297,0,5,0
12987,A,50,35600.0,10.3,0.289,0,1,0
12988,A,21,37600.0,13.0,0.096,0,2,0
12989,A,38,20900.0,12.8,0.374,0,1,0
12990,A,48,62800.0,7.2,0.36,0,1,0
12991,A,33,43000.0,9.7,0.344,0,2,0
12992,A,45,58600.0,3.6,0.56,1,2,1
12993,A,51,72200.0,3.8,0.514,0,1,1
12994,A,59,35600.0,17.6,0.541,1,5,0
12995,A,29,41100.0,17.4,0.26,0,3,0
12996,B,48,27500.0,2.8,0.192,0,5,0
12997,A,34,29000.0,14.3,0.46,0,4,0
12998,A,50,26900.0,14.5,0.21,2,1,0
12999,B,26,46100.0,3.1,0.137,0,4,0
13000,B,43,34000.0,1.3,0.567,1,5,1
13001,A,31,34300.0,7.6,0.132,0,1,0
13002,A,39,26900.0,13.2,0.41,0,1,0
13003,A,57,20200.0,14.8,0.032,1,1,1
13004,B,42,25400.0,3.6,0.223,1,3,0
13005,B,33,19100.0,2.9,0.451,1,3,0
13006,A,32,83700.0,6.7,0.402,0,3,0
13007,A,48,71800.0,5.4,0.45,1,2,0
13008,A,50,35500.0,9.5,0.591,1,2,0
13009,A,64,29800.0,19.2,0.444,0,1,0
13010,A,43,92200.0,7.7,0.317,0,2,0
13011,A,39,19700.0,17.9,0.387,1,1,0
13012,A,48,49200.0,20.4,0.218,0,3,0
13013,A,34,77800.0,8.0,0.172,1,1,0
13014,A,26,46500.0,8.8,0.112,0,2,0
13015,B,27,37600.0,10.1,0.468,2,3,1
13016,B,45,46700.0,1.5,0.26,1,3,0
13017,A,34,31600.0,4.4,0.214,1,5,0
13018,A,46,33900.0,9.2,0.426,0,2,0
13019,B,39,39800.0,17.9,0.452,0,5,0
13020,B,66,24300.0,11.9,0.442,0,5,1
13021,B,40,28400.0,7.3,0.332,0,5,0
13022,A,56,39100.0,4.3,0.263,0,4,0
13023,A,39,37400.0,22.1,0.24,0,1,0
13024,A,36,38900.0,1.8,0.229,0,1,0
13025,A,29,30300.0,12.7,0.118,0,2,0
13026,A,21,41000.0,13.2,0.454,0,3,0
13027,A,38,20600.0,16.0,0.131,0,2,0
13028,B,46,32200.0,1.0,0.268,0,1,1
13029,A,36,43100.0,8.3,0.295,0,4,0
13030,A,44,37500.0,12.5,0.02,1,2,0
13031,A,49,34400.0,11.6,0.357,2,2,1
13032,A,43,48600.0,11.1,0.123,0,1,0
13033,A,37,44800.0,11.0,0.284,0,1,0
13034,B,34,14500.0,0.8,0.356,0,5,0
13035,A,36,65400.0,3.0,0.236,0,2,0
13036,A,26,50800.0,11.5,0.489,0,2,0
13037,A,36,44300.0,8.7,0.519,1,3,1
13038,A,33,59600.0,11.2,0.02,0,2,0
13039,A,37,38200.0,6.3,0.149,0,5,0
13040,A,35,41500.0,18.7,0.394,1,1,0
13041,A,43,46500.0,3.4,0.39,0,4,0
13042,A,49,27800.0,14.9,0.246,1,5,0
13043,B,39,39400.0,5.1,0.378,0,3,0
13044,A,35,33000.0,4.5,0.537,0,2,0
13045,B,42,21900.0,6.2,0.405,1,3,0
13046,A,33,49200.0,3.4,0.317,0,3,0
13047,A,46,37800.0,7.0,0.199,1,5,0
13048,A,53,37500.0,5.3,0.433,0,2,1
13049,B,54,50000.0,4.7,0.448,0,3,0
13050,A,48,16900.0,11.2,0.348,0,2,0
13051,A,54,54200.0,13.0,0.318,1,1,0
13052,B,69,50800.0,7.3,0.393,0,3,0
13053,A,43,62700.0,13.5,0.17,1,3,0
13054,A,52,50800.0,9.7,0.304,1,2,0
13055,A,39,16700.0,20.4,0.194,0,1,0
13056,B,23,26800.0,4.7,0.26,0,4,0
13057,A,27,36400.0,6.9,0.319,1,1,0
13058,A,29,19000.0,7.1,0.292,0,2,0
13059,A,56,26200.0,18.4,0.116,0,4,0
13060,B,27,69600.0,4.2,0.469,0,2,0
13061,B,43,27800.0,7.4,0.184,0,3,0
13062,A,44,72900.0,10.5,0.289,0,3,0
13063,A,21,28400.0,5.7,0.363,0,2,0
13064,B,32,56100.0,10.2,0.703,1,2,1
13065,B,36,20400.0,7.3,0.159,1,1,0
13066,A,46,15300.0,17.2,0.161,0,2,0
13067,A,49,46000.0,5.9,0.338,0,4,0
13068,B,39,15700.0,11.9,0.322,0,4,0
13069,A,30,21700.0,13.6,0.189,1,1,0
13070,A,45,22000.0,11.8,0.28,0,5,0
13071,A,27,43400.0,14.6,0.347,0,1,0
13072,A,48,35800.0,11.8,0.265,1,1,0
13073,B,46,45600.0,0.6,0.129,1,5,0
13074,A,42,19000.0,8.8,0.277,0,1,0
13075,A,54,85700.0,21.2,0.345,1,2,0
13076,B,30,25300.0,4.1,0.444,0,4,0
13077,A,46,30500.0,3.6,0.255,1,2,0
13078,A,40,32000.0,5.1,0.262,0,3,0
13079,B,36,23900.0,9.5,0.445,2,4,1
13080,A,21,35100.0,6.1,0.381,0,3,0
13081,A,36,49800.0,14.0,0.414,0,2,0
13082,B,43,39100.0,2.2,0.567,1,4,0
13083,A,53,27800.0,6.5,0.529,0,2,1
13084,A,43,30600.0,9.9,0.386,1,3,0
13085,A,25,33700.0,3.2,0.038,1,5,0
13086,A,32,11100.0,5.6,0.159,0,5,0
13087,B,41,39900.0,3.4,0.224,0,4,0
13088,A,48,36000.0,4.9,0.538,0,3,0
13089,A,42,46200.0,8.0,0.137,1,1,0
13090,A,21,33300.0,7.6,0.331,1,3,0
13091,A,58,33100.0,5.3,0.21,0,2,0
13092,A,24,47200.0,5.9,0.282,0,2,0
13093,A,27,56600.0,15.4,0.344,0,4,0
13094,A,48,24700.0,3.6,0.357,0,3,0
13095,A,42,45000.0,12.8,0.309,0,2,0
13096,A,49,71000.0,6.9,0.441,0,1,0
13097,A,42,24900.0,9.9,0.506,0,3,0
13098,A,34,19100.0,3.7,0.364,0,1,0
13099,A,49,37300.0,10.0,0.095,0,4,0
13100,A,30,36400.0,4.7,0.276,1,1,0
13101,A,60,38700.0,5.4,0.163,0,3,0
13102,A,52,47000.0,3.9,0.246,2,5,0
13103,A,53,30900.0,5.1,0.473,0,3,1
13104,B,36,66100.0,5.8,0.443,0,4,1
13105,A,36,45300.0,8.7,0.02,1,2,0
13106,A,45,46800.0,4.8,0.313,0,4,0
13107,A,36,46100.0,6.9,0.296,0,1,0
13108,A,55,16800.0,22.2,0.324,0,5,0
13109,A,50,35100.0,6.4,0.245,0,2,0
13110,A,48,23000.0,4.9,0.443,1,1,1
13111,B,31,25000.0,3.9,0.186,1,3,0
13112,A,56,14300.0,4.3,0.315,0,1,0
13113,A,50,24800.0,5.8,0.272,0,4,0
13114,B,33,38400.0,10.4,0.287,0,3,0
13115,B,59,34900.0,7.3,0.66,1,5,1
13116,A,36,30300.0,21.8,0.222,0,1,0
13117,B,65,52000.0,0.8,0.259,0,4,0
13118,B,21,23800.0,3.3,0.386,0,2,0
13119,B,49,23900.0,0.9,0.409,0,4,1
13120,A,45,32700.0,9.5,0.314,0,3,0
13121,A,53,32500.0,7.3,0.149,0,4,0
13122,A,38,38100.0,5.6,0.368,2,4,1
13123,A,53,28500.0,3.6,0.038,0,4,0
13124,A,55,22400.0,3.8,0.187,0,3,0
13125,B,69,48700.0,5.0,0.358,2,5,1
13126,A,24,51400.0,2.5,0.486,1,1,0
13127,A,38,35300.0,13.5,0.415,0,1,0
13128,B,49,38900.0,14.5,0.272,0,4,0
13129,A,51,32500.0,6.7,0.215,0,5,0
13130,A,42,29700.0,4.7,0.083,1,1,0
13131,A,32,29400.0,3.8,0.172,1,3,0
13132,A,41,38300.0,9.2,0.188,1,4,0
13133,A,49,19900.0,16.7,0.499,0,1,0
13134,A,51,33800.0,9.5,0.63,0,5,0
13135,A,39,39800.0,9.4,0.039,0,1,0
13136,A,43,26200.0,10.1,0.325,0,2,0
13137,B,41,19300.0,2.6,0.348,0,5,0
13138,A,50,21400.0,1.3,0.359,0,2,0
13139,A,57,32300.0,11.6,0.37,0,2,0
13140,A,37,73200.0,13.1,0.098,0,3,0
13141,A,34,19300.0,5.4,0.393,0,4,0
13142,B,46,26700.0,4.4,0.353,2,4,1
13143,A,44,26400.0,17.4,0.344,0,1,0
13144,B,35,15100.0,12.6,0.438,0,3,0
13145,A,51,49300.0,11.1,0.305,0,2,0
13146,A,54,27200.0,11.8,0.209,1,2,0
13147,B,44,23800.0,10.0,0.374,1,2,0
13148,B,37,35100.0,11.3,0.334,0,3,0
13149,B,51,21900.0,7.2,0.509,1,4,1
13150,A,53,34100.0,6.9,0.273,1,1,1
13151,A,21,31500.0,5.2,0.489,0,2,1
13152,A,47,29800.0,22.3,0.327,0,1,0
13153,A,31,35700.0,21.9,0.488,0,4,0
13154,B,45,29800.0,4.2,0.404,1,4,1
13155,B,22,20700.0,1.6,0.247,0,4,0
13156,A,35,29800.0,4.0,0.262,1,1,0
13157,B,69,43300.0,2.7,0.377,1,4,0
13158,A,38,38100.0,3.6,0.395,0,5,0
13159,B,45,31800.0,5.4,0.203,0,2,0
13160,B,49,22500.0,4.0,0.268,0,4,0
13161,A,45,36400.0,16.3,0.604,0,2,0
13162,B,35,49700.0,4.6,0.437,1,1,0
13163,B,28,44500.0,2.7,0.466,1,5,0
13164,A,48,30900.0,9.4,0.109,0,5,0
13165,A,39,46200.0,3.6,0.273,1,1,0
13166,A,43,32100.0,11.3,0.37,2,1,0
13167,A,30,18500.0,5.7,0.299,1,4,0
13168,A,27,42300.0,6.6,0.108,0,2,0
13169,A,36,36600.0,5.3,0.129,0,3,0
13170,A,47,54800.0,14.4,0.397,1,2,0
13171,B,55,27000.0,9.8,0.276,1,3,0
13172,B,42,57900.0,1.8,0.317,1,5,0
13173,B,42,33500.0,11.1,0.174,1,4,0
13174,A,58,48600.0,16.4,0.186,0,4,0
13175,B,53,13800.0,3.4,0.606,0,4,1
13176,B,48,37600.0,5.5,0.11,2,5,0
13177,B,43,77900.0,3.8,0.464,0,5,0
13178,A,41,56400.0,4.8,0.372,0,2,0
13179,A,55,42600.0,4.9,0.349,0,2,0
13180,A,26,34600.0,4.0,0.362,0,2,0
13181,A,21,46100.0,11.6,0.174,0,2,0
13182,A,23,37400.0,5.8,0.47,0,1,0
13183,B,33,14800.0,5.4,0.367,1,2,0
13184,A,41,29700.0,2.2,0.293,1,5,1
13185,B,39,92500.0,4.1,0.162,0,1,0
13186,A,48,26800.0,11.8,0.064,0,4,0
13187,A,49,74400.0,9.5,0.176,1,1,0
13188,A,28,33900.0,13.8,0.286,0,4,0
13189,A,47,32600.0,10.3,0.402,0,1,0
13190,A,38,36700.0,10.1,0.185,0,1,0
13191,B,52,33000.0,4.8,0.468,0,5,1
13192,A,27,15400.0,2.6,0.147,0,5,0
13193,A,25,72700.0,4.9,0.205,0,3,0
13194,A,40,49200.0,4.5,0.307,0,1,0
13195,B,44,19000.0,2.8,0.453,0,1,1
13196,B,46,61600.0,5.2,0.274,0,3,0
13197,A,29,35600.0,6.0,0.411,3,1,1
13198,B,38,32900.0,9.6,0.552,0,5,0
13199,A,36,43900.0,4.5,0.35,0,5,0
13200,A,68,38700.0,11.5,0.22,0,2,0
13201,A,33,36000.0,5.7,0.457,0,4,1
13202,A,39,35900.0,15.6,0.332,0,1,0
13203,A,29,42200.0,3.4,0.433,2,1,0
13204,A,55,16000.0,1.6,0.256,1,1,0
13205,B,57,20300.0,5.8,0.616,1,5,0
13206,A,55,71800.0,4.8,0.15,1,3,0
13207,A,52,35800.0,6.7,0.276,1,2,0
13208,A,57,32700.0,6.8,0.376,1,3,0
13209,A,45,94400.0,2.6,0.353,2,2,0
13210,A,58,55400.0,7.1,0.032,0,1,0
13211,A,21,23100.0,5.5,0.11,0,1,0
13212,B,40,45900.0,4.0,0.46,0,4,1
13213,B,31,19900.0,3.8,0.245,1,5,1
13214,B,57,24100.0,1.4,0.503,3,3,1
13215,A,31,83800.0,7.7,0.498,0,3,0
13216,A,21,24100.0,2.3,0.248,2,3,1
13217,A,21,30400.0,8.1,0.187,1,2,0
13218,A,56,33400.0,25.8,0.23,1,2,0
13219,B,55,16000.0,4.5,0.465,0,5,1
13220,A,46,27800.0,11.0,0.301,0,4,0
13221,A,54,44000.0,6.4,0.364,1,2,0
13222,B,54,40500.0,6.9,0.403,0,5,0
13223,B,38,25700.0,3.3,0.329,0,4,0
13224,A,43,58600.0,11.9,0.084,2,5,0
13225,A,46,15000.0,7.2,0.303,1,2,1
13226,A,45,19800.0,5.1,0.299,1,1,1
13227,A,23,58000.0,6.3,0.122,0,1,0
13228,A,46,26000.0,7.2,0.562,0,2,0
13229,A,48,14800.0,9.0,0.232,0,1,1
13230,A,33,27800.0,4.3,0.228,0,2,0
13231,A,45,67700.0,19.9,0.387,0,2,0
13232,A,46,31000.0,5.0,0.389,0,5,1
13233,A,35,51100.0,6.5,0.097,1,3,0
13234,A,49,37100.0,5.8,0.393,2,1,1
13235,B,47,28800.0,3.3,0.274,1,4,0
13236,A,53,15600.0,25.9,0.395,0,2,0
13237,B,51,27800.0,2.3,0.403,1,4,0
13238,B,59,38000.0,4.6,0.27,0,5,0
13239,A,45,9500.0,13.8,0.589,0,3,0
13240,B,28,16200.0,5.7,0.3,1,4,0
13241,A,56,55600.0,12.9,0.291,1,3,0
13242,A,39,46700.0,5.5,0.338,0,2,0
13243,A,21,74400.0,4.4,0.38,0,1,0
13244,B,39,34700.0,6.5,0.285,0,4,0
13245,B,29,54800.0,7.3,0.518,2,4,0
13246,A,42,54000.0,10.4,0.347,0,2,0
13247,A,44,36200.0,7.2,0.156,0,3,0
13248,A,46,54500.0,5.8,0.429,0,4,0
13249,A,38,61600.0,4.0,0.36,0,4,0
13250,A,23,32600.0,4.5,0.141,0,2,0
13251,A,40,18400.0,5.2,0.181,0,1,0
13252,A,52,45200.0,2.1,0.373,1,2,0
13253,A,53,32200.0,9.3,0.442,1,2,0
13254,B,39,40300.0,0.1,0.313,0,5,0
13255,A,31,78300.0,11.9,0.121,0,2,0
13256,A,33,83000.0,24.0,0.095,0,2,0
13257,A,46,43800.0,29.8,0.266,0,2,0
13258,A,49,23800.0,8.6,0.55,0,3,0
13259,A,21,42200.0,6.5,0.235,0,4,0
13260,B,54,35200.0,3.8,0.554,0,4,0
13261,A,58,24000.0,21.2,0.4,0,1,0
13262,A,52,28600.0,7.0,0.267,1,4,0
13263,B,21,30700.0,5.0,0.148,0,4,0
13264,B,22,26000.0,1.9,0.336,0,3,1
13265,A,50,29300.0,5.6,0.254,0,1,0
13266,B,39,31200.0,8.5,0.221,0,2,0
13267,B,43,35400.0,7.2,0.361,0,5,0
13268,A,68,86100.0,8.3,0.265,1,1,0
13269,B,47,28300.0,8.2,0.47,1,3,1
13270,A,53,29500.0,7.1,0.262,0,4,1
13271,B,39,37800.0,3.9,0.422,0,5,0
13272,A,21,18800.0,11.2,0.433,0,2,0
13273,A,44,34900.0,6.4,0.399,0,3,0
13274,A,46,58000.0,3.4,0.361,0,1,0
13275,B,43,28900.0,13.0,0.209,0,5,0
13276,A,60,33600.0,7.0,0.182,0,2,0
13277,A,38,36800.0,10.3,0.248,0,4,0
13278,B,47,34300.0,7.2,0.199,2,5,0
13279,B,37,69600.0,3.7,0.073,0,4,0
13280,A,39,35900.0,17.4,0.395,0,3,0
13281,A,40,27700.0,7.0,0.22,0,4,0
13282,B,34,57400.0,6.0,0.487,0,2,0
13283,A,35,39600.0,9.9,0.394,1,2,0
13284,A,44,65700.0,18.5,0.284,0,3,0
13285,A,44,31900.0,3.6,0.5,0,2,1
13286,A,44,35800.0,13.9,0.22,0,1,0
13287,B,51,36100.0,10.9,0.18,2,1,0
13288,B,40,36600.0,7.6,0.278,0,2,0
13289,A,68,21900.0,7.7,0.145,0,5,0
13290,B,21,20600.0,2.1,0.429,1,2,0
13291,A,51,59300.0,3.2,0.31,1,4,0
13292,A,53,30100.0,5.7,0.331,1,5,0
13293,A,39,41100.0,3.7,0.215,1,1,0
13294,A,33,33800.0,5.9,0.359,0,2,0
13295,A,39,49500.0,11.8,0.309,0,1,0
13296,A,29,34800.0,5.2,0.081,1,1,0
13297,A,30,23900.0,9.3,0.354,1,3,0
13298,B,38,32400.0,3.5,0.457,1,5,0
13299,B,35,21200.0,5.2,0.144,0,5,0
13300,A,30,49800.0,13.5,0.351,1,1,0
13301,A,36,31100.0,4.6,0.28,1,3,0
13302,A,30,36200.0,8.1,0.54,0,2,0
13303,A,51,25300.0,9.0,0.428,0,3,0
13304,A,31,69700.0,5.5,0.223,0,2,0
13305,A,34,23200.0,2.5,0.103,0,2,0
13306,A,30,42200.0,10.1,0.438,0,1,0
13307,A,51,29100.0,5.9,0.315,1,2,0
13308,A,41,43800.0,4.7,0.02,0,2,0
13309,A,57,74900.0,9.5,0.254,0,3,0
13310,A,44,25800.0,4.3,0.481,0,4,0
13311,A,65,17900.0,5.9,0.418,1,1,1
13312,A,66,65500.0,2.8,0.346,0,3,0
13313,A,49,50800.0,9.5,0.304,1,1,0
13314,A,66,62700.0,6.0,0.174,0,2,0
13315,A,48,50000.0,3.2,0.338,0,1,0
13316,A,35,35500.0,9.1,0.553,1,1,0
13317,A,36,40800.0,16.5,0.425,0,2,0
13318,A,32,53700.0,8.0,0.351,0,4,0
13319,A,39,20700.0,4.1,0.156,1,2,0
13320,B,22,36900.0,1.9,0.526,1,2,0
13321,B,45,18100.0,5.5,0.36,1,5,0
13322,B,37,16800.0,2.8,0.304,0,4,0
13323,A,24,33800.0,3.8,0.407,1,1,0
13324,B,37,27900.0,7.3,0.558,0,5,0
13325,A,44,55800.0,5.4,0.373,0,2,0
13326,A,38,55000.0,7.4,0.241,0,2,0
13327,B,53,56700.0,1.9,0.26,0,3,0
13328,A,46,44900.0,8.8,0.305,0,2,0
13329,B,62,46600.0,8.6,0.365,0,2,0
13330,A,46,35000.0,5.1,0.395,0,3,0
13331,A,30,52100.0,8.4,0.361,0,2,0
13332,A,30,20000.0,5.0,0.292,2,1,0
13333,B,33,29500.0,5.9,0.322,0,5,0
13334,A,48,26400.0,8.9,0.373,0,3,0
13335,A,40,23000.0,15.3,0.352,0,3,0
13336,B,43,28500.0,1.4,0.46,1,4,1
13337,B,50,30600.0,1.3,0.28,1,5,0
13338,A,51,83000.0,4.4,0.13,0,1,0
13339,B,36,53200.0,4.2,0.347,0,4,1
13340,A,38,28100.0,10.8,0.615,1,4,0
13341,A,36,138600.0,8.9,0.257,0,2,0
13342,A,45,56200.0,14.4,0.302,0,1,0
13343,A,60,61200.0,3.3,0.331,1,5,0
13344,B,44,23000.0,8.2,0.193,1,4,0
13345,B,25,30900.0,3.4,0.387,2,5,0
13346,A,47,27500.0,4.6,0.291,1,3,0
13347,A,56,26900.0,8.4,0.287,1,1,0
13348,A,50,99500.0,5.0,0.181,0,1,0
13349,A,36,26800.0,4.9,0.474,0,2,0
13350,A,27,12800.0,6.7,0.393,0,3,0
13351,A,21,32100.0,7.2,0.477,1,3,0
13352,A,50,32500.0,17.3,0.381,1,2,0
13353,B,34,30100.0,9.1,0.515,1,5,1
13354,A,65,28300.0,9.3,0.151,1,2,0
13355,A,27,30300.0,5.6,0.479,0,4,0
13356,B,29,14200.0,1.4,0.392,0,5,1
13357,A,42,22200.0,6.0,0.401,0,1,0
13358,B,23,49700.0,9.9,0.357,1,4,1
13359,A,45,62800.0,2.8,0.266,1,2,0
13360,A,39,37000.0,10.7,0.479,0,2,0
13361,B,48,61100.0,5.9,0.366,0,4,0
13362,B,32,39500.0,2.6,0.253,1,3,0
13363,B,34,81500.0,0.5,0.332,0,5,0
13364,B,49,20200.0,1.6,0.272,1,3,0
13365,A,44,63200.0,12.4,0.565,0,3,0
13366,B,47,20400.0,5.0,0.309,1,3,0
13367,A,53,34300.0,6.3,0.279,0,1,0
13368,A,60,40500.0,16.3,0.181,0,1,0
13369,B,47,48900.0,12.6,0.5,0,4,0
13370,A,53,45200.0,15.1,0.563,0,1,0
13371,A,39,29800.0,11.4,0.297,1,2,0
13372,A,49,19800.0,4.6,0.37,0,5,0
13373,A,42,23000.0,8.5,0.61,0,5,0
13374,A,43,47600.0,6.3,0.167,1,2,0
13375,B,58,15900.0,7.7,0.184,0,4,1
13376,B,55,70400.0,2.2,0.326,0,4,0
13377,B,33,26700.0,2.4,0.504,0,5,1
13378,B,43,16400.0,11.1,0.348,0,5,1
13379,A,34,38300.0,3.5,0.293,0,2,0
13380,B,41,76100.0,8.4,0.418,0,3,0
13381,A,32,34600.0,11.3,0.02,1,4,0
13382,A,21,27600.0,5.3,0.02,1,4,0
13383,A,28,21400.0,4.6,0.369,0,2,0
13384,A,56,49900.0,11.5,0.494,0,2,0
13385,B,52,77600.0,4.9,0.484,1,4,1
13386,B,22,31600.0,2.7,0.249,3,3,1
13387,B,27,43600.0,4.9,0.347,1,4,0
13388,A,53,28900.0,12.3,0.321,1,2,0
13389,A,27,53400.0,3.6,0.237,1,3,0
13390,A,31,57500.0,26.3,0.324,1,1,0
13391,A,21,31300.0,9.3,0.492,1,1,0
13392,A,23,53000.0,10.1,0.321,1,2,0
13393,B,30,19100.0,4.7,0.297,1,5,0
13394,B,38,25600.0,18.9,0.35,0,4,0
13395,A,48,28700.0,2.1,0.562,0,4,1
13396,A,56,56600.0,6.1,0.161,1,2,0
13397,A,31,61700.0,20.0,0.357,0,1,0
13398,B,36,14900.0,3.6,0.335,0,3,0
13399,A,41,20700.0,4.9,0.24,1,5,0
13400,A,32,26600.0,13.6,0.452,0,1,0
13401,B,38,20800.0,5.8,0.183,0,3,0
13402,A,36,27100.0,6.7,0.35,0,3,0
13403,A,43,37400.0,7.8,0.29,0,2,0
13404,A,46,76200.0,9.9,0.369,0,2,0
13405,A,35,19100.0,11.6,0.219,0,1,0
13406,A,28,28400.0,5.0,0.426,0,2,0
13407,A,56,29600.0,9.4,0.197,0,1,1
13408,A,45,36100.0,5.9,0.328,0,2,0
13409,A,25,53300.0,5.6,0.397,0,5,0
13410,A,36,41900.0,10.1,0.242,0,1,0
13411,A,40,45100.0,2.2,0.134,0,3,0
13412,A,26,58500.0,19.3,0.387,1,4,0
13413,B,35,16100.0,9.7,0.208,1,4,0
13414,A,38,29400.0,7.2,0.178,0,1,0
13415,B,56,70000.0,5.5,0.393,1,1,0
13416,A,40,61600.0,8.9,0.503,0,2,0
13417,A,51,127000.0,12.2,0.601,0,1,0
13418,A,36,73800.0,5.4,0.395,0,4,0
13419,A,31,33200.0,15.0,0.114,0,2,0
13420,A,38,29700.0,11.9,0.38,0,4,0
13421,A,63,33400.0,8.1,0.072,0,3,0
13422,A,46,31200.0,6.6,0.607,1,1,0
13423,A,33,16300.0,10.2,0.321,1,3,0
13424,B,38,55200.0,3.8,0.225,0,4,0
13425,B,42,16100.0,4.2,0.346,1,3,0
13426,B,58,49300.0,4.8,0.396,0,4,0
13427,A,42,34500.0,14.5,0.375,0,4,0
13428,B,40,40300.0,14.7,0.261,1,5,0
13429,B,46,22600.0,1.8,0.237,0,4,0
13430,B,31,44200.0,6.5,0.171,0,3,0
13431,A,49,49600.0,8.5,0.282,0,2,0
13432,A,52,69300.0,7.4,0.437,0,4,0
13433,B,35,30900.0,7.4,0.402,0,5,0
13434,A,50,27100.0,13.9,0.336,0,2,0
13435,B,46,21700.0,7.4,0.133,0,5,0
13436,A,33,28100.0,20.0,0.075,0,1,0
13437,B,27,24100.0,9.0,0.045,1,4,0
13438,A,22,47100.0,9.0,0.46,1,4,0
13439,A,37,70200.0,2.7,0.125,0,5,0
13440,A,40,26900.0,3.0,0.477,0,4,0
13441,A,27,23200.0,6.9,0.445,0,1,0
13442,A,21,53600.0,3.3,0.02,0,3,0
13443,A,46,22400.0,9.9,0.323,0,3,0
13444,A,36,68100.0,12.2,0.341,0,3,0
13445,A,21,33400.0,6.6,0.619,0,2,0
13446,A,30,30100.0,3.0,0.263,0,3,0
13447,A,28,32500.0,3.4,0.497,0,2,0
13448,A,44,51500.0,11.6,0.223,0,2,0
13449,B,48,34700.0,3.6,0.382,0,4,0
13450,A,59,21200.0,8.0,0.444,0,1,0
13451,B,56,39800.0,3.6,0.262,1,3,0
13452,B,24,37200.0,5.7,0.401,0,5,0
13453,B,37,37600.0,2.8,0.832,1,5,1
13454,B,48,33400.0,11.4,0.359,3,2,0
13455,A,48,81800.0,25.8,0.376,0,3,0
13456,B,38,57500.0,2.1,0.554,0,5,1
13457,A,41,34500.0,7.4,0.424,1,3,0
13458,A,60,49000.0,10.4,0.337,1,2,0
13459,A,39,63000.0,7.4,0.223,0,3,0
13460,B,53,49500.0,10.1,0.504,1,4,0
13461,B,30,32600.0,2.2,0.278,0,4,0
13462,A,53,35700.0,15.1,0.329,0,3,0
13463,B,41,38100.0,4.6,0.478,0,5,0
13464,A,26,28000.0,6.4,0.493,0,4,1
13465,B,45,43000.0,5.3,0.275,1,2,0
13466,B,26,19600.0,9.7,0.13,3,3,0
13467,A,62,78800.0,5.1,0.219,0,1,0
13468,B,21,26900.0,5.0,0.31,0,5,0
13469,B,52,44900.0,1.4,0.187,0,5,0
13470,A,55,48300.0,16.2,0.534,2,3,0
13471,A,35,48000.0,1.5,0.02,1,3,0
13472,B,42,55400.0,1.0,0.201,1,1,0
13473,B,39,16400.0,8.9,0.443,1,4,1
13474,A,28,54700.0,5.4,0.202,1,1,0
13475,A,62,94800.0,5.8,0.465,0,2,0
13476,B,28,23600.0,2.5,0.177,0,1,0
13477,A,52,26400.0,9.8,0.236,0,1,0
13478,A,31,62000.0,13.9,0.267,0,3,0
13479,B,21,41200.0,1.8,0.417,0,4,0
13480,A,41,48700.0,19.0,0.037,0,2,0
13481,A,32,45800.0,10.6,0.458,0,1,0
13482,A,37,40600.0,5.9,0.555,0,1,1
13483,B,38,49200.0,6.2,0.305,0,4,0
13484,A,33,23400.0,10.2,0.441,0,1,0
13485,A,30,38900.0,8.1,0.555,0,2,0
13486,A,59,46600.0,10.6,0.427,1,3,0
13487,B,48,19200.0,2.9,0.587,0,3,0
13488,A,38,37100.0,10.0,0.174,0,2,0
13489,A,43,71600.0,6.1,0.278,0,3,0
13490,A,63,51400.0,14.9,0.26,0,1,0
13491,A,30,49400.0,15.1,0.315,0,4,0
13492,A,54,60400.0,6.9,0.371,0,2,0
13493,A,46,35300.0,8.6,0.217,0,2,0
13494,B,69,18800.0,3.3,0.347,0,4,1
13495,A,49,49800.0,6.9,0.331,0,4,0
13496,A,62,25500.0,7.4,0.227,0,1,0
13497,A,39,73400.0,26.9,0.727,0,2,0
13498,A,21,48800.0,5.4,0.02,0,4,0
13499,B,40,31100.0,14.1,0.209,0,4,0
13500,A,43,56500.0,5.3,0.212,0,3,0
13501,A,46,26000.0,7.9,0.438,2,1,1
13502,A,44,27700.0,2.8,0.272,1,1,0
13503,B,48,27800.0,16.2,0.424,0,5,0
13504,A,58,29800.0,13.6,0.187,1,5,0
13505,A,31,23600.0,5.3,0.24,0,1,1
13506,A,29,22500.0,3.0,0.324,0,2,1
13507,B,33,29800.0,3.1,0.428,0,5,0
13508,A,43,72100.0,12.5,0.458,1,2,0
13509,B,61,24400.0,3.4,0.245,1,4,0
13510,B,63,24600.0,2.9,0.368,1,2,0
13511,B,56,14900.0,2.2,0.391,1,3,1
13512,A,35,39900.0,21.3,0.42,0,2,0
13513,A,33,55800.0,19.3,0.24,1,3,0
13514,B,47,22800.0,1.7,0.469,0,3,0
13515,A,32,39300.0,21.4,0.404,0,4,0
13516,A,58,24700.0,6.1,0.255,1,1,0
13517,B,49,20000.0,6.4,0.386,2,3,1
13518,B,56,35200.0,2.8,0.429,1,4,0
13519,A,39,53500.0,6.8,0.27,0,3,0
13520,A,27,35100.0,3.9,0.35,0,3,0
13521,A,34,93000.0,5.1,0.454,0,1,0
13522,B,33,24800.0,1.0,0.129,1,3,0
13523,A,40,66100.0,8.9,0.201,0,3,0
13524,A,48,29800.0,3.9,0.207,0,1,0
13525,B,41,35500.0,9.8,0.164,1,1,0
13526,A,44,45400.0,8.8,0.469,0,5,0
13527,A,45,42200.0,11.1,0.214,1,1,0
13528,A,33,26100.0,11.5,0.203,0,2,0
13529,A,50,14000.0,7.3,0.106,0,3,0
13530,B,51,35000.0,4.1,0.371,0,3,0
13531,B,28,39700.0,4.8,0.513,0,5,0
13532,A,34,26600.0,19.4,0.175,1,2,0
13533,A,43,51900.0,3.7,0.301,0,3,0
13534,A,52,15800.0,14.8,0.07,0,2,0
13535,B,35,39500.0,10.9,0.417,0,1,0
13536,B,43,16000.0,5.1,0.335,0,5,0
13537,A,41,23700.0,7.5,0.153,0,4,0
13538,A,36,73700.0,14.7,0.421,0,2,0
13539,B,32,58600.0,5.9,0.433,2,5,0
13540,A,48,36800.0,20.2,0.214,0,2,0
13541,A,33,57700.0,5.2,0.234,1,3,0
13542,A,49,21700.0,10.4,0.433,2,3,1
13543,B,37,48600.0,4.2,0.583,0,4,0
13544,A,41,33400.0,6.7,0.284,1,4,0
13545,B,28,31900.0,6.6,0.297,2,1,0
13546,A,50,21600.0,5.1,0.247,1,1,0
13547,B,40,23400.0,15.8,0.438,0,4,0
13548,A,35,28700.0,5.2,0.312,0,1,0
13549,B,29,47700.0,8.3,0.244,0,2,0
13550,B,48,20800.0,0.4,0.4,0,3,0
13551,A,43,27900.0,6.1,0.142,0,2,1
13552,B,46,40400.0,5.4,0.344,0,5,0
13553,A,29,21700.0,18.3,0.285,0,2,0
13554,A,53,27700.0,11.3,0.456,1,2,0
13555,A,59,47300.0,8.3,0.447,3,5,1
13556,B,26,18200.0,5.7,0.594,0,4,1
13557,B,39,19000.0,6.9,0.226,1,3,0
13558,A,34,35700.0,7.9,0.417,0,4,0
13559,B,74,31700.0,7.2,0.544,0,4,0
13560,A,44,35100.0,15.3,0.376,1,2,0
13561,B,51,22000.0,1.9,0.305,2,4,1
13562,A,44,23800.0,5.1,0.27,1,1,0
13563,B,40,21700.0,3.6,0.276,0,1,0
13564,A,45,36800.0,7.5,0.297,0,1,0
13565,A,46,27900.0,2.7,0.339,0,3,0
13566,A,32,53400.0,8.4,0.246,0,1,0
13567,A,35,45000.0,3.2,0.33,1,1,0
13568,A,49,29200.0,16.4,0.268,0,2,0
13569,A,21,22500.0,13.2,0.092,0,4,0
13570,A,21,37900.0,4.0,0.487,0,5,0
13571,B,34,18300.0,7.2,0.327,0,1,0
13572,A,48,29600.0,19.8,0.545,0,1,0
13573,A,30,48700.0,12.6,0.262,0,2,0
13574,A,49,19800.0,4.0,0.303,1,2,1
13575,A,48,26200.0,4.0,0.213,2,1,0
13576,B,36,17200.0,4.9,0.46,0,3,1
13577,A,38,35900.0,14.0,0.157,1,4,0
13578,B,28,23100.0,1.3,0.187,0,5,1
13579,A,41,16800.0,11.7,0.254,1,1,0
13580,B,48,20800.0,1.8,0.312,0,4,0
13581,A,62,69400.0,20.8,0.365,0,3,0
13582,A,33,35800.0,15.9,0.248,1,2,0
13583,A,25,64900.0,2.4,0.204,1,1,0
13584,A,42,42000.0,12.7,0.394,0,2,0
13585,B,27,42600.0,13.8,0.26,1,4,0
13586,A,54,39100.0,2.2,0.504,0,1,0
13587,B,32,34900.0,1.3,0.232,0,4,0
13588,A,43,25600.0,14.8,0.351,0,3,0
13589,A,23,22900.0,7.1,0.203,1,2,0
13590,A,31,36200.0,21.0,0.348,0,2,0
13591,A,42,88800.0,10.5,0.371,0,1,0
13592,A,65,60700.0,4.1,0.366,0,1,0
13593,A,64,47900.0,8.7,0.312,0,1,0
13594,B,27,44900.0,1.3,0.276,2,3,1
13595,A,40,35100.0,9.9,0.174,1,3,0
13596,B,57,56600.0,5.7,0.591,0,1,0
13597,A,21,19700.0,10.0,0.502,0,2,0
13598,A,45,20800.0,11.7,0.333,0,1,0
13599,B,32,33900.0,9.6,0.517,0,4,0
13600,A,41,39700.0,5.7,0.375,1,4,0
13601,B,28,40100.0,3.2,0.408,1,3,0
13602,A,73,44200.0,10.6,0.379,1,5,0
13603,A,54,44100.0,5.3,0.091,1,4,0
13604,A,25,22300.0,11.1,0.203,0,3,0
13605,A,48,32500.0,4.6,0.207,0,4,0
13606,B,30,24200.0,10.7,0.523,0,4,1
13607,A,24,46700.0,10.4,0.41,0,2,0
13608,A,49,22200.0,5.0,0.296,0,1,0
13609,B,44,40800.0,3.6,0.167,0,5,0
13610,A,30,129700.0,13.1,0.137,0,5,0
13611,A,45,44100.0,12.4,0.24,0,2,0
13612,B,55,42100.0,4.7,0.462,2,2,1
13613,B,58,52200.0,5.2,0.515,0,5,0
13614,B,38,14300.0,1.1,0.327,0,4,0
13615,B,38,32400.0,5.5,0.209,0,2,0
13616,A,39,40200.0,14.6,0.435,0,1,0
13617,A,48,31400.0,11.9,0.451,0,2,0
13618,B,45,68300.0,8.5,0.17,0,5,0
13619,A,28,54300.0,6.1,0.464,0,4,0
13620,B,47,21400.0,3.0,0.255,0,5,0
13621,B,38,26100.0,7.1,0.397,0,4,0
13622,B,35,29000.0,8.4,0.107,0,2,0
13623,A,64,91300.0,12.4,0.112,0,2,0
13624,A,63,28600.0,11.7,0.367,0,1,0
13625,A,46,25600.0,6.0,0.422,0,1,0
13626,A,46,66800.0,3.2,0.455,1,1,0
13627,A,55,37000.0,9.7,0.26,1,2,0
13628,B,39,18900.0,8.9,0.356,1,4,0
13629,A,25,39200.0,20.9,0.201,0,1,0
13630,A,21,62800.0,4.9,0.363,0,3,0
13631,A,57,36100.0,15.6,0.41,0,1,0
13632,B,62,26900.0,11.7,0.379,0,3,0
13633,B,55,20300.0,2.8,0.347,0,2,0
13634,A,55,32200.0,17.8,0.315,0,1,0
13635,B,43,29200.0,9.1,0.532,1,5,0
13636,A,41,26000.0,13.0,0.234,0,5,0
13637,A,37,28000.0,10.2,0.334,1,2,0
13638,A,29,38600.0,11.0,0.231,0,1,0
13639,A,47,31300.0,13.7,0.387,0,2,0
13640,A,42,38800.0,6.7,0.243,0,2,0
13641,A,52,44900.0,6.2,0.574,0,2,0
13642,A,67,23600.0,22.8,0.35,1,1,0
13643,A,29,24500.0,17.9,0.376,0,1,0
13644,A,53,23100.0,10.3,0.311,0,3,0
13645,A,30,24900.0,10.7,0.369,0,1,0
13646,A,42,40100.0,12.7,0.199,0,2,0
13647,A,52,30800.0,5.7,0.299,0,1,0
13648,A,38,53300.0,14.1,0.237,0,3,0
13649,A,39,85000.0,9.3,0.395,1,2,0
13650,A,39,38300.0,17.7,0.256,1,5,0
13651,A,31,36000.0,8.4,0.367,0,3,0
13652,A,71,18800.0,2.2,0.232,3,1,0
13653,A,43,53700.0,6.9,0.251,0,1,0
13654,B,26,11400.0,4.0,0.378,0,4,1
13655,A,34,28700.0,12.6,0.159,0,2,0
13656,A,37,64800.0,8.2,0.295,0,3,0
13657,A,49,37500.0,11.7,0.268,0,3,0
13658,A,43,39900.0,10.0,0.266,0,2,0
13659,B,24,34100.0,5.5,0.29,0,3,0
13660,A,48,54300.0,12.3,0.351,0,1,0
13661,B,54,47900.0,1.3,0.421,0,3,0
13662,A,50,24200.0,22.5,0.296,0,2,0
13663,A,67,27300.0,10.6,0.491,1,4,1
13664,A,39,62200.0,7.5,0.369,0,3,0
13665,A,61,36000.0,5.5,0.425,0,4,0
13666,A,54,25900.0,1.2,0.166,0,5,0
13667,A,30,63100.0,4.7,0.475,0,1,0
13668,A,23,34000.0,18.5,0.363,0,2,0
13669,A,44,31600.0,2.8,0.2,0,4,0
13670,B,40,11400.0,3.6,0.307,1,5,0
13671,A,25,52600.0,7.3,0.42,1,1,1
13672,A,38,52800.0,4.2,0.382,0,2,0
13673,A,45,48500.0,9.5,0.402,0,2,1
13674,A,36,42500.0,13.9,0.242,0,4,0
13675,A,49,29000.0,7.1,0.448,0,2,1
13676,B,37,36000.0,4.3,0.287,0,5,0
13677,A,21,74500.0,9.5,0.4,0,1,0
13678,A,39,35100.0,12.6,0.201,0,1,0
13679,A,40,43200.0,21.7,0.393,0,1,0
13680,A,66,51500.0,15.9,0.272,0,1,0
13681,A,32,28800.0,11.3,0.335,0,3,0
13682,B,48,25200.0,9.7,0.427,2,5,0
13683,B,53,66000.0,1.1,0.404,1,5,0
13684,A,51,24600.0,18.1,0.204,0,2,0
13685,B,38,20600.0,9.1,0.077,1,5,0
13686,A,36,67700.0,6.6,0.092,0,3,0
13687,B,43,13600.0,10.9,0.422,1,5,0
13688,A,39,29300.0,5.8,0.279,0,1,0
13689,B,22,29800.0,7.2,0.381,0,4,0
13690,A,28,63200.0,13.0,0.02,0,2,0
13691,A,48,81000.0,19.0,0.294,0,5,0
13692,B,40,56700.0,2.4,0.504,1,5,0
13693,A,49,36200.0,17.0,0.224,1,1,0
13694,A,37,16500.0,3.8,0.338,0,3,0
13695,B,21,24900.0,16.3,0.511,1,5,0
13696,A,44,49900.0,3.5,0.367,0,5,1
13697,A,43,47800.0,9.1,0.307,2,4,1
13698,A,48,28700.0,6.9,0.42,0,1,1
13699,A,34,70800.0,7.3,0.158,1,1,0
13700,A,46,33500.0,6.6,0.546,1,1,1
13701,A,29,45700.0,3.5,0.327,2,3,0
13702,A,45,32200.0,6.4,0.513,0,4,1
13703,A,43,38200.0,17.2,0.135,0,1,0
13704,A,51,24700.0,24.3,0.551,0,2,0
13705,B,46,53800.0,5.1,0.121,1,5,0
13706,A,47,34000.0,5.4,0.382,1,4,0
13707,A,21,31100.0,8.9,0.366,1,2,1
13708,A,21,39700.0,6.5,0.331,0,3,0
13709,A,21,36700.0,7.0,0.141,0,1,0
13710,B,40,35100.0,1.6,0.587,1,3,1
13711,B,35,30400.0,2.3,0.167,1,1,0
13712,B,63,28200.0,1.7,0.4,0,3,1
13713,A,53,31600.0,10.3,0.385,1,3,0
13714,A,38,49700.0,13.4,0.393,0,2,0
13715,B,21,25400.0,3.3,0.242,1,3,0
13716,B,55,30600.0,3.3,0.23,0,2,0
13717,B,43,26600.0,2.9,0.554,0,5,0
13718,B,51,26700.0,1.4,0.305,1,2,0
13719,B,33,22200.0,0.9,0.227,2,3,1
13720,A,47,85400.0,8.5,0.443,0,3,0
13721,A,52,22100.0,4.8,0.193,0,3,0
13722,A,39,52200.0,5.5,0.274,0,3,0
13723,A,26,56900.0,12.7,0.282,0,2,0
13724,A,28,21100.0,5.4,0.188,0,2,0
13725,B,43,58300.0,4.4,0.426,2,1,0
13726,B,27,27600.0,6.4,0.122,1,3,1
13727,B,41,17900.0,7.0,0.341,1,5,1
13728,A,58,36900.0,5.0,0.351,0,1,0
13729,A,30,129100.0,11.1,0.426,1,1,0
13730,A,49,51400.0,12.2,0.249,1,2,0
13731,A,51,36900.0,6.3,0.103,0,3,0
13732,A,21,33300.0,15.5,0.28,1,1,0
13733,A,45,62500.0,9.3,0.278,0,2,0
13734,B,48,20100.0,5.5,0.322,0,5,1
13735,A,38,46200.0,7.7,0.157,1,1,0
13736,B,27,46800.0,1.7,0.513,0,3,0
13737,A,39,18600.0,13.4,0.23,0,1,0
13738,A,64,81200.0,14.2,0.168,0,2,0
13739,B,63,30000.0,8.9,0.457,1,2,0
13740,A,63,13000.0,3.6,0.453,1,3,0
13741,B,46,24000.0,2.2,0.581,0,3,1
13742,A,45,85900.0,12.5,0.104,0,1,0
13743,A,33,46900.0,8.6,0.246,0,3,0
13744,B,43,34100.0,9.2,0.472,0,3,0
13745,B,41,29300.0,14.9,0.275,1,5,0
13746,B,41,37500.0,0.7,0.17,0,4,0
13747,A,35,51600.0,9.1,0.359,3,3,1
13748,A,24,30200.0,20.9,0.304,0,2,0
13749,A,44,44500.0,9.7,0.054,0,2,0
13750,A,42,74600.0,6.0,0.311,1,3,0
13751,B,24,54500.0,4.0,0.359,1,2,1
13752,A,46,37600.0,10.7,0.02,0,2,0
13753,B,21,36600.0,0.8,0.467,1,4,1
13754,B,21,61900.0,4.2,0.449,0,3,1
13755,B,58,22900.0,3.1,0.325,1,2,0
13756,A,35,37400.0,5.1,0.447,0,5,0
13757,A,21,27500.0,17.5,0.199,0,2,0
13758,A,34,26600.0,6.0,0.064,0,2,0
13759,A,43,32500.0,12.3,0.164,0,1,0
13760,B,60,29500.0,11.6,0.393,1,2,0
13761,A,29,44800.0,9.4,0.236,0,5,0
13762,B,34,20700.0,14.1,0.46,1,4,1
13763,A,61,13800.0,11.9,0.199,0,3,0
13764,A,31,29000.0,6.9,0.473,1,2,0
13765,A,35,35300.0,21.8,0.086,1,1,0
13766,A,25,32200.0,13.7,0.208,0,2,0
13767,A,29,32300.0,8.9,0.52,0,4,0
13768,A,27,37000.0,4.6,0.307,0,3,0
13769,A,60,23400.0,18.2,0.275,1,1,0
13770,A,21,23900.0,13.6,0.512,0,2,0
13771,A,40,50000.0,17.4,0.502,0,2,0
13772,A,33,46400.0,4.2,0.157,0,5,0
13773,A,43,54800.0,7.9,0.139,0,1,0
13774,A,46,38500.0,13.3,0.607,3,3,1
13775,B,44,29200.0,3.6,0.39,0,4,0
13776,A,49,22600.0,11.5,0.26,0,2,0
13777,A,30,42200.0,2.0,0.174,0,4,0
13778,A,21,46300.0,20.3,0.327,0,2,0
13779,A,38,37800.0,6.2,0.221,1,1,0
13780,A,54,44900.0,5.2,0.378,0,3,0
13781,A,39,22000.0,23.1,0.282,0,3,0
13782,A,41,27400.0,8.5,0.552,0,2,0
13783,B,46,55100.0,8.6,0.356,1,5,0
13784,A,42,46900.0,6.5,0.374,1,5,0
13785,B,35,21500.0,1.8,0.398,0,1,1
13786,B,35,18300.0,8.7,0.38,0,2,1
13787,B,52,20500.0,7.8,0.449,2,4,0
13788,B,31,16900.0,5.4,0.449,0,1,1
13789,A,46,31500.0,14.0,0.479,0,1,0
13790,A,40,36600.0,10.6,0.215,1,4,0
13791,B,46,50400.0,1.5,0.408,1,5,0
13792,A,35,24500.0,9.0,0.24,0,2,0
13793,B,29,10900.0,19.3,0.311,1,4,0
13794,B,37,54800.0,4.6,0.364,1,4,0
13795,A,38,63200.0,4.4,0.301,0,3,0
13796,B,38,26500.0,8.0,0.286,2,4,0
13797,A,49,12100.0,4.2,0.387,1,1,0
13798,A,52,81500.0,13.7,0.175,1,1,0
13799,B,39,31300.0,5.7,0.298,1,1,0
13800,A,31,41200.0,3.1,0.217,2,1,0
13801,A,28,39900.0,7.9,0.409,0,2,0
13802,B,21,27300.0,10.6,0.435,1,5,0
13803,A,23,50200.0,5.7,0.204,0,3,0
13804,A,25,20800.0,20.9,0.15,0,1,0
13805,A,67,49200.0,3.0,0.166,0,2,0
13806,B,22,17600.0,10.5,0.336,1,5,1
13807,A,39,35800.0,22.4,0.203,0,5,0
13808,A,57,45600.0,5.1,0.184,1,1,0
13809,B,25,36300.0,7.1,0.496,0,5,0
13810,A,41,17900.0,10.2,0.355,0,4,0
13811,B,41,60300.0,11.0,0.182,0,3,0
13812,A,39,38300.0,10.1,0.359,0,1,0
13813,A,45,30100.0,6.8,0.233,1,2,0
13814,A,21,35900.0,6.7,0.214,0,3,0
13815,B,35,21500.0,5.4,0.463,1,1,0
13816,A,43,23000.0,5.2,0.378,0,1,0
13817,A,47,12300.0,8.5,0.222,0,1,0
13818,A,24,41900.0,8.3,0.475,0,3,0
13819,A,28,21900.0,9.9,0.316,0,3,0
13820,A,38,43900.0,9.1,0.128,0,3,0
13821,A,41,46900.0,12.3,0.213,0,3,0
13822,A,37,48000.0,3.5,0.304,0,1,0
13823,B,50,38400.0,7.5,0.299,2,5,0
13824,A,45,25000.0,7.0,0.24,0,2,0
13825,A,32,53400.0,8.6,0.371,0,3,0
13826,A,23,36900.0,3.9,0.408,0,1,0
13827,B,40,40000.0,3.4,0.366,2,5,1
13828,B,45,42200.0,6.1,0.379,0,2,0
13829,A,33,35700.0,2.5,0.427,1,4,1
13830,A,27,23900.0,13.0,0.162,0,2,0
13831,A,29,27000.0,13.3,0.459,0,1,0
13832,B,24,50200.0,1.1,0.375,0,4,0
13833,A,35,34300.0,5.3,0.092,0,1,0
13834,B,66,43100.0,4.7,0.203,0,5,0
13835,B,31,33400.0,2.5,0.305,0,4,0
13836,B,29,30900.0,14.6,0.324,2,4,0
13837,A,47,49700.0,16.9,0.438,0,5,0
13838,A,24,64000.0,8.0,0.363,0,3,0
13839,A,51,41700.0,8.3,0.29,0,4,0
13840,A,43,35900.0,19.2,0.165,3,4,0
13841,A,21,50500.0,2.7,0.293,1,5,1
13842,A,38,25500.0,5.7,0.359,0,4,0
13843,B,42,32200.0,2.0,0.266,1,1,0
13844,A,30,25200.0,19.1,0.379,0,2,0
13845,B,25,46900.0,6.1,0.397,0,5,0
13846,B,27,22000.0,3.7,0.312,0,5,1
13847,A,39,42000.0,5.4,0.393,0,4,0
13848,A,58,40900.0,5.1,0.283,0,1,0
13849,A,31,55100.0,8.7,0.206,1,1,0
13850,B,32,28900.0,2.2,0.098,0,3,0
13851,B,39,30000.0,6.2,0.568,0,5,1
13852,A,25,34400.0,4.4,0.349,0,1,0
13853,A,39,21400.0,5.2,0.365,0,3,1
13854,A,43,39500.0,10.2,0.395,0,2,0
13855,B,41,34200.0,5.3,0.281,0,2,1
13856,A,40,48600.0,9.4,0.527,2,1,0
13857,A,25,15500.0,3.3,0.412,1,1,0
13858,A,23,21600.0,9.5,0.311,0,3,0
13859,A,32,42000.0,12.4,0.161,0,2,0
13860,A,65,73600.0,18.8,0.392,0,2,0
13861,A,42,25100.0,22.7,0.615,0,5,0
13862,A,24,26200.0,15.7,0.443,0,3,0
13863,A,24,48400.0,8.7,0.195,1,1,0
13864,B,34,21900.0,4.0,0.162,0,5,0
13865,B,36,29700.0,5.7,0.233,0,4,0
13866,B,26,20500.0,4.1,0.084,0,1,1
13867,B,52,37800.0,6.1,0.167,1,2,0
13868,A,52,40700.0,2.3,0.256,1,1,0
13869,A,46,41600.0,10.7,0.193,0,2,0
13870,B,51,33800.0,14.5,0.443,1,5,0
13871,A,53,42900.0,14.4,0.191,0,4,0
13872,B,21,27900.0,7.7,0.146,0,3,0
13873,B,50,52800.0,3.9,0.5,0,2,0
13874,A,37,20000.0,11.9,0.467,0,4,0
13875,A,47,21100.0,8.2,0.319,0,2,0
13876,A,30,46700.0,9.6,0.252,0,3,0
13877,A,64,28800.0,8.2,0.37,0,3,1
13878,A,49,51900.0,4.9,0.519,0,3,0
13879,A,28,51300.0,7.9,0.346,0,1,0
13880,A,36,31200.0,10.1,0.446,0,1,0
13881,B,35,19300.0,2.4,0.329,1,4,0
13882,B,22,35600.0,3.3,0.432,0,3,0
13883,A,21,51300.0,8.9,0.297,1,2,0
13884,A,64,41600.0,5.0,0.549,1,3,1
13885,A,44,17500.0,5.9,0.194,2,1,0
13886,A,51,35300.0,18.7,0.523,0,1,0
13887,B,31,29200.0,2.0,0.106,0,5,0
13888,B,67,24100.0,11.2,0.426,1,4,0
13889,A,41,41100.0,14.6,0.449,1,3,1
13890,B,43,26500.0,9.5,0.323,1,5,0
13891,A,48,45100.0,2.8,0.476,1,4,1
13892,A,51,28900.0,3.3,0.279,0,4,0
13893,B,32,25700.0,3.8,0.392,1,1,1
13894,A,58,46700.0,22.6,0.421,1,4,0
13895,B,51,33300.0,7.6,0.218,1,4,0
13896,A,51,23900.0,6.5,0.5,2,5,1
13897,B,43,17500.0,11.9,0.163,1,4,0
13898,A,21,23500.0,5.7,0.376,0,2,0
13899,A,46,40900.0,11.6,0.282,1,3,0
13900,B,31,29800.0,9.0,0.321,0,1,0
13901,A,46,28700.0,12.6,0.544,1,5,0
13902,B,33,22700.0,3.9,0.397,0,4,0
13903,A,57,29500.0,11.5,0.384,0,3,0
13904,A,43,22000.0,10.4,0.443,0,1,0
13905,B,33,21600.0,5.1,0.469,0,5,0
13906,A,51,33000.0,2.8,0.519,0,2,0
13907,A,35,52100.0,8.1,0.023,1,2,0
13908,A,26,38300.0,4.3,0.223,1,2,0
13909,A,36,73400.0,6.3,0.705,0,5,0
13910,A,23,52100.0,8.4,0.392,0,2,0
13911,A,40,61300.0,11.6,0.02,0,1,0
13912,B,48,56100.0,4.9,0.251,1,1,0
13913,A,45,34000.0,10.2,0.226,1,2,0
13914,A,50,47100.0,9.6,0.39,0,1,0
13915,A,47,36000.0,16.8,0.422,0,3,0
13916,A,45,25100.0,7.6,0.339,0,1,0
13917,A,34,27100.0,5.7,0.228,0,4,0
13918,A,21,36000.0,7.5,0.257,0,2,0
13919,A,24,27900.0,4.1,0.236,0,1,0
13920,B,39,26900.0,19.9,0.362,0,4,0
13921,B,30,61900.0,10.1,0.489,0,5,0
13922,B,36,27000.0,3.6,0.436,2,2,1
13923,A,39,81600.0,2.5,0.399,0,1,0
13924,A,32,29700.0,2.3,0.227,1,4,0
13925,A,43,9700.0,5.1,0.549,1,4,1
13926,A,28,36800.0,6.8,0.322,0,3,0
13927,A,63,16900.0,7.8,0.211,1,1,0
13928,A,47,55500.0,8.6,0.482,0,3,0
13929,A,21,26600.0,12.1,0.49,0,2,0
13930,A,21,17100.0,11.6,0.14,0,3,0
13931,B,53,63500.0,8.6,0.392,0,2,0
13932,B,51,29600.0,12.6,0.272,0,4,0
13933,A,41,26700.0,10.6,0.165,1,3,0
13934,B,40,48700.0,18.1,0.388,0,5,0
13935,A,21,20800.0,16.2,0.337,1,1,0
13936,A,44,50200.0,6.1,0.368,0,5,0
13937,B,50,37500.0,4.0,0.417,0,3,0
13938,A,61,33200.0,13.0,0.348,1,3,0
13939,A,62,36900.0,4.0,0.284,0,3,0
13940,A,47,75600.0,8.0,0.247,0,2,0
13941,A,59,24000.0,4.7,0.112,1,1,0
13942,A,29,34100.0,6.8,0.458,0,3,0
13943,B,44,36700.0,7.2,0.456,0,5,0
13944,A,21,30400.0,4.2,0.101,0,2,0
13945,A,37,22300.0,15.0,0.297,1,3,0
13946,A,27,75700.0,15.9,0.524,0,5,0
13947,A,21,31800.0,6.9,0.466,0,1,0
13948,A,35,38800.0,3.0,0.196,0,2,0
13949,A,60,41800.0,7.1,0.307,0,2,0
13950,A,43,36200.0,14.9,0.27,1,5,0
13951,A,49,87800.0,4.0,0.248,0,4,0
13952,A,54,47300.0,10.1,0.462,0,1,0
13953,A,35,35700.0,6.4,0.382,1,1,0
13954,A,23,48500.0,17.2,0.496,0,2,0
13955,A,36,28500.0,7.3,0.441,1,4,0
13956,B,48,64900.0,4.8,0.517,1,2,0
13957,A,42,28500.0,2.9,0.429,0,5,0
13958,A,41,43800.0,9.6,0.411,1,4,0
13959,A,44,42300.0,21.9,0.163,0,2,0
13960,A,29,41100.0,12.5,0.171,0,4,0
13961,A,21,15900.0,8.0,0.317,0,1,1
13962,A,33,28400.0,11.2,0.337,0,2,0
13963,A,36,42000.0,5.2,0.084,0,5,0
13964,A,49,36300.0,11.2,0.139,0,2,0
13965,A,43,44900.0,14.3,0.079,0,2,0
13966,B,32,45400.0,4.1,0.647,0,3,1
13967,A,36,37000.0,13.6,0.147,0,4,0
13968,A,43,41800.0,13.5,0.307,0,2,0
13969,B,33,19800.0,2.4,0.353,1,3,1
13970,A,21,71300.0,12.8,0.318,0,2,0
13971,A,49,40600.0,5.7,0.545,0,3,1
13972,A,44,38000.0,12.7,0.343,0,1,0
13973,A,28,43600.0,12.3,0.323,1,4,0
13974,A,35,78300.0,2.9,0.327,1,1,0
13975,A,47,54800.0,10.0,0.32,1,2,1
13976,B,53,35700.0,5.2,0.392,2,1,0
13977,A,46,38900.0,11.0,0.299,1,4,0
13978,B,61,64900.0,9.5,0.6,0,2,0
13979,A,56,73900.0,10.0,0.448,0,1,0
13980,A,32,38500.0,14.4,0.262,0,1,0
13981,B,30,40300.0,5.2,0.596,0,3,0
13982,A,43,64800.0,10.0,0.428,0,2,0
13983,A,48,39400.0,9.0,0.049,0,3,0
13984,A,38,17600.0,11.5,0.32,2,2,0
13985,B,27,23600.0,6.1,0.13,1,5,0
13986,B,44,28100.0,0.9,0.136,0,3,1
13987,B,65,37000.0,0.6,0.362,2,5,0
13988,B,48,28600.0,1.7,0.272,0,2,0
13989,B,52,40700.0,0.1,0.257,0,5,0
13990,B,54,46100.0,9.9,0.199,0,4,0
13991,A,21,44000.0,18.6,0.02,2,4,0
13992,B,57,15600.0,15.1,0.37,1,5,0
13993,B,32,56400.0,6.1,0.234,0,3,0
13994,B,45,23200.0,18.9,0.275,1,5,0
13995,A,39,48800.0,10.7,0.212,1,2,0
13996,A,42,28800.0,11.6,0.096,0,4,0
13997,A,47,19400.0,6.2,0.271,2,2,1
13998,A,40,64600.0,8.8,0.274,0,2,0
13999,A,43,84200.0,2.5,0.434,0,1,0
14000,A,33,44000.0,9.0,0.043,0,1,0
14001,A,36,113000.0,6.2,0.349,0,1,0
14002,B,32,14300.0,6.9,0.307,2,2,1
14003,B,58,32300.0,10.6,0.498,0,2,0
14004,A,37,27100.0,6.2,0.185,1,1,0
14005,A,43,23600.0,11.2,0.075,1,2,0
14006,A,58,72500.0,18.3,0.132,0,1,0
14007,A,39,70800.0,5.7,0.193,0,2,0
14008,B,41,32500.0,2.8,0.421,0,5,0
14009,A,42,37400.0,3.7,0.438,1,1,0
14010,A,32,55500.0,1.9,0.176,1,1,0
14011,B,53,51700.0,6.6,0.474,0,4,0
14012,A,41,62600.0,5.6,0.353,2,4,0
14013,A,58,33000.0,17.1,0.151,0,2,0
14014,A,21,36800.0,10.4,0.337,1,1,0
14015,B,52,27900.0,11.4,0.65,0,3,1
14016,B,56,37600.0,3.7,0.338,0,5,0
14017,B,36,15100.0,11.3,0.434,1,4,1
14018,A,47,80400.0,5.6,0.351,0,3,0
14019,A,40,51400.0,12.0,0.325,1,1,1
14020,A,64,36000.0,5.9,0.423,0,1,1
14021,A,39,39600.0,16.0,0.35,0,1,0
14022,B,39,21400.0,2.7,0.37,2,2,1
14023,A,59,58900.0,0.9,0.554,0,4,1
14024,A,48,66700.0,10.9,0.409,2,1,1
14025,A,35,20500.0,3.7,0.098,0,3,0
14026,A,47,35000.0,11.5,0.336,1,1,0
14027,A,40,28200.0,11.8,0.18,0,4,0
14028,A,54,73500.0,10.0,0.534,2,4,0
14029,A,52,44000.0,5.9,0.432,0,5,0
14030,B,21,31800.0,6.1,0.222,0,5,1
14031,A,44,42400.0,7.5,0.06,0,4,0
14032,A,46,60600.0,5.3,0.44,0,5,0
14033,B,33,25400.0,3.0,0.378,3,3,1
14034,A,33,56300.0,17.8,0.319,3,5,0
14035,A,51,51400.0,6.2,0.18,1,2,0
14036,A,29,21900.0,8.3,0.311,0,2,0
14037,A,27,26600.0,7.7,0.352,1,1,0
14038,A,52,16000.0,15.4,0.349,1,2,0
14039,A,54,26900.0,5.6,0.282,0,2,0
14040,A,47,28400.0,4.5,0.327,0,1,0
14041,A,21,36000.0,6.9,0.02,0,3,0
14042,A,24,91700.0,8.0,0.384,0,2,0
14043,B,22,16100.0,10.3,0.383,1,5,0
14044,A,46,47700.0,17.5,0.248,0,2,0
14045,A,42,47000.0,7.4,0.197,0,2,0
14046,A,27,17000.0,6.6,0.244,0,2,0
14047,A,68,33400.0,6.4,0.283,0,4,0
14048,A,38,21600.0,3.7,0.403,2,2,1
14049,A,55,33400.0,3.9,0.364,0,1,0
14050,A,23,69400.0,3.6,0.201,0,3,0
14051,A,51,31400.0,20.8,0.407,0,1,0
14052,A,54,25800.0,4.6,0.404,0,2,0
14053,A,46,23600.0,16.2,0.427,0,1,0
14054,A,36,31800.0,18.9,0.16,0,1,0
14055,A,40,83200.0,8.1,0.429,0,1,0
14056,A,47,57400.0,4.4,0.069,0,3,0
14057,A,26,29100.0,8.8,0.185,0,4,0
14058,A,69,80300.0,15.5,0.395,1,5,0
14059,B,43,34100.0,6.1,0.151,1,5,0
14060,B,49,24000.0,9.6,0.148,0,5,0
14061,B,32,19400.0,11.0,0.505,1,2,0
14062,A,50,35900.0,4.4,0.304,1,2,0
14063,A,44,30300.0,23.9,0.373,0,3,0
14064,B,41,40900.0,2.2,0.292,3,3,0
14065,A,38,93700.0,4.3,0.33,1,2,0
14066,A,37,37500.0,5.3,0.23,1,2,0
14067,B,53,35800.0,4.3,0.164,0,3,0
14068,A,52,73100.0,7.8,0.443,0,4,0
14069,A,34,53300.0,7.5,0.463,0,3,0
14070,B,70,34600.0,2.5,0.523,0,4,0
14071,B,30,30600.0,3.1,0.578,1,3,1
14072,B,47,39500.0,7.1,0.532,3,4,1
14073,B,25,27000.0,8.3,0.361,0,4,0
14074,A,34,58100.0,6.0,0.462,1,3,0
14075,A,56,44000.0,1.9,0.179,0,1,0
14076,A,32,35100.0,16.3,0.178,0,4,0
14077,B,33,63500.0,4.3,0.485,0,5,1
14078,A,44,36700.0,7.0,0.308,0,4,0
14079,B,43,24700.0,6.5,0.377,1,2,1
14080,B,53,63700.0,2.6,0.248,1,2,0
14081,A,51,38700.0,4.1,0.219,0,3,0
14082,A,58,50000.0,8.0,0.193,0,3,0
14083,B,46,45300.0,5.4,0.517,2,5,0
14084,A,61,34700.0,11.9,0.277,0,4,0
14085,A,37,32300.0,13.8,0.334,0,3,0
14086,A,39,24000.0,20.2,0.181,0,3,0
14087,A,21,29400.0,6.3,0.188,0,2,0
14088,A,44,32700.0,7.0,0.174,1,1,1
14089,B,21,42200.0,14.7,0.141,1,4,0
14090,A,22,59400.0,10.5,0.322,0,5,0
14091,A,30,30400.0,13.3,0.207,0,1,0
14092,B,40,15500.0,6.6,0.307,1,4,0
14093,A,39,34100.0,10.7,0.371,0,2,0
14094,B,45,21200.0,3.9,0.207,0,5,0
14095,B,54,37900.0,11.9,0.22,0,5,0
14096,A,42,36800.0,17.2,0.364,1,4,0
14097,A,21,16100.0,4.5,0.347,0,2,0
14098,B,45,43500.0,5.4,0.396,1,5,0
14099,A,21,36900.0,4.8,0.558,0,3,0
14100,A,36,39000.0,4.3,0.286,0,1,0
14101,A,26,42900.0,14.2,0.174,1,3,0
14102,A,31,46800.0,8.0,0.436,0,1,1
14103,A,39,39100.0,11.3,0.316,0,3,0
14104,A,39,36000.0,4.3,0.356,0,3,0
14105,A,26,40600.0,6.0,0.166,0,2,0
14106,B,56,26100.0,3.5,0.395,0,2,1
14107,A,41,35600.0,8.4,0.175,0,1,0
14108,A,21,27000.0,8.1,0.647,0,3,1
14109,A,44,42700.0,2.0,0.449,0,1,0
14110,A,56,74800.0,10.8,0.423,0,3,0
14111,A,40,52100.0,13.0,0.198,0,2,0
14112,A,45,45800.0,13.9,0.482,0,4,0
14113,A,54,45500.0,6.9,0.165,0,1,0
14114,B,36,46500.0,14.7,0.465,1,5,0
14115,A,41,71700.0,4.2,0.225,0,2,0
14116,A,25,47100.0,4.0,0.034,0,2,0
14117,B,24,23900.0,1.2,0.303,4,4,0
14118,A,41,38800.0,4.5,0.17,1,3,0
14119,A,45,72100.0,1.4,0.078,0,1,0
14120,A,41,39000.0,4.6,0.529,0,2,0
14121,A,21,35700.0,8.8,0.519,0,1,0
14122,B,36,49100.0,1.2,0.461,2,4,0
14123,A,28,32900.0,11.5,0.35,0,2,0
14124,B,50,16200.0,1.7,0.384,0,4,1
14125,B,43,15100.0,0.7,0.436,1,5,0
14126,A,34,59000.0,8.5,0.385,0,4,0
14127,A,48,17200.0,12.9,0.324,2,4,0
14128,A,39,21400.0,5.4,0.258,0,1,1
14129,B,43,13500.0,4.1,0.225,0,5,0
14130,A,53,44600.0,10.5,0.285,0,3,0
14131,A,35,39000.0,6.9,0.167,0,2,0
14132,A,48,26000.0,4.1,0.399,2,3,0
14133,B,36,32700.0,13.2,0.021,0,5,0
14134,B,49,40400.0,8.7,0.19,0,5,0
14135,A,44,36900.0,5.8,0.168,0,2,0
14136,A,50,83600.0,8.0,0.534,0,2,1
14137,A,42,17800.0,16.4,0.356,0,1,0
14138,A,43,24400.0,9.8,0.28,0,2,0
14139,A,39,56600.0,3.5,0.373,1,2,1
14140,A,54,43400.0,13.5,0.415,0,4,0
14141,A,40,47800.0,5.0,0.123,0,1,0
14142,B,36,14400.0,11.9,0.111,0,5,0
14143,A,37,34000.0,9.5,0.404,0,4,0
14144,B,47,27100.0,4.0,0.348,0,3,0
14145,A,58,12900.0,7.0,0.481,0,4,1
14146,A,36,54700.0,14.8,0.372,0,1,0
14147,A,44,49700.0,5.9,0.378,1,3,0
14148,A,21,49900.0,4.7,0.573,0,1,1
14149,A,27,34100.0,14.7,0.389,0,2,0
14150,A,56,30200.0,12.0,0.258,0,3,0
14151,A,42,57300.0,11.1,0.272,0,2,0
14152,A,49,52200.0,3.6,0.517,0,1,1
14153,B,39,34800.0,6.6,0.193,0,4,0
14154,A,49,66000.0,7.8,0.195,1,1,0
14155,A,25,19100.0,9.4,0.362,0,5,0
14156,A,26,21000.0,10.5,0.334,1,4,1
14157,A,21,18400.0,6.2,0.246,1,3,0
14158,A,31,27400.0,2.7,0.446,0,4,0
14159,A,31,20000.0,5.4,0.526,0,3,0
14160,A,36,87600.0,7.9,0.158,0,1,0
14161,A,25,56200.0,6.3,0.174,1,2,0
14162,A,45,23300.0,14.1,0.127,1,4,0
14163,B,31,73400.0,0.7,0.539,1,2,1
14164,A,42,73600.0,5.4,0.372,2,1,0
14165,A,47,29200.0,10.6,0.325,1,3,0
14166,A,33,29200.0,8.5,0.391,0,1,0
14167,B,31,19900.0,0.7,0.472,0,4,1
14168,A,41,48200.0,6.9,0.19,1,5,0
14169,B,45,25100.0,5.5,0.457,0,5,0
14170,B,50,28400.0,2.1,0.532,1,4,1
14171,A,38,41300.0,11.4,0.269,0,1,0
14172,A,38,74400.0,10.8,0.452,0,1,0
14173,B,52,29500.0,3.5,0.297,0,4,0
14174,A,73,73100.0,3.4,0.336,0,1,0
14175,A,41,24900.0,30.0,0.23,1,3,0
14176,B,55,16500.0,9.0,0.759,2,5,1
14177,A,32,37400.0,6.4,0.15,3,1,0
14178,A,45,43600.0,10.1,0.356,0,2,0
14179,A,36,21400.0,7.3,0.185,1,2,0
14180,A,45,61100.0,15.4,0.41,0,1,0
14181,B,49,30400.0,2.4,0.41,1,4,1
14182,B,47,24300.0,10.4,0.313,1,2,0
14183,B,46,45900.0,7.4,0.707,1,3,1
14184,A,46,40700.0,3.9,0.42,0,1,0
14185,A,23,33400.0,24.1,0.266,0,1,0
14186,B,35,29700.0,2.7,0.148,1,4,0
14187,A,38,57300.0,14.6,0.178,0,3,0
14188,A,44,23700.0,3.5,0.248,1,3,0
14189,A,27,39400.0,15.0,0.271,0,2,0
14190,B,47,36200.0,7.4,0.333,0,2,0
14191,A,47,45600.0,7.7,0.232,0,2,0
14192,B,37,37300.0,8.2,0.298,0,5,1
14193,B,43,42500.0,5.8,0.128,0,5,0
14194,A,37,45300.0,29.6,0.3,0,2,0
14195,B,43,24100.0,2.0,0.322,1,5,1
14196,A,61,26600.0,4.2,0.02,0,1,0
14197,B,67,59200.0,4.9,0.423,0,2,1
14198,A,40,24900.0,10.1,0.239,1,1,0
14199,B,47,11700.0,4.7,0.064,1,5,0
14200,A,34,69900.0,6.1,0.53,0,5,0
14201,B,50,24800.0,3.4,0.359,1,5,1
14202,A,42,36300.0,6.1,0.2,0,2,0
14203,A,21,42600.0,7.5,0.11,1,3,0
14204,A,65,44000.0,4.6,0.445,0,2,0
14205,A,21,30700.0,5.7,0.192,0,5,0
14206,B,57,48500.0,8.4,0.378,0,5,0
14207,A,36,17700.0,6.8,0.119,0,1,0
14208,A,36,64300.0,15.3,0.474,1,1,0
14209,A,68,43100.0,14.1,0.494,4,3,1
14210,B,42,34300.0,12.2,0.191,0,5,0
14211,B,36,24100.0,5.6,0.38,1,5,0
14212,B,48,35000.0,6.0,0.584,0,3,0
14213,B,40,42400.0,2.1,0.28,1,4,1
14214,A,58,29100.0,9.0,0.28,2,1,1
14215,A,43,50800.0,12.0,0.199,0,2,0
14216,A,55,30900.0,12.9,0.326,0,2,0
14217,B,55,32800.0,6.5,0.239,1,3,0
14218,B,53,63800.0,8.0,0.204,0,5,0
14219,A,43,30900.0,5.8,0.655,0,3,1
14220,A,44,38900.0,15.7,0.167,0,2,0
14221,A,24,39500.0,3.3,0.335,0,4,0
14222,A,64,34400.0,2.1,0.351,2,5,1
14223,A,55,41500.0,3.5,0.321,3,4,1
14224,A,45,24100.0,9.5,0.353,0,4,0
14225,A,58,23500.0,5.0,0.02,1,2,0
14226,A,40,47600.0,3.8,0.376,0,3,0
14227,A,54,29800.0,5.5,0.425,1,2,1
14228,A,36,88100.0,4.6,0.584,0,4,0
14229,B,51,22800.0,7.9,0.368,1,5,1
14230,A,34,23800.0,23.8,0.372,0,2,0
14231,A,55,21900.0,7.7,0.366,2,2,1
14232,A,35,44600.0,8.1,0.366,0,1,0
14233,A,52,50500.0,3.4,0.406,0,1,0
14234,A,27,36300.0,7.2,0.304,1,3,0
14235,A,46,27400.0,7.1,0.204,0,2,0
14236,A,46,37000.0,8.7,0.27,1,2,0
14237,A,44,28900.0,7.5,0.497,0,3,0
14238,A,43,29200.0,7.0,0.32,1,1,0
14239,A,47,44200.0,5.6,0.228,1,1,0
14240,B,29,30800.0,12.1,0.172,0,3,0
14241,A,49,98800.0,11.2,0.395,0,3,0
14242,A,35,40600.0,6.7,0.117,1,2,0
14243,A,35,37900.0,2.6,0.353,0,1,0
14244,A,50,61500.0,5.7,0.39,1,2,0
14245,A,46,46300.0,9.4,0.184,0,1,0
14246,B,43,39000.0,2.8,0.34,1,3,0
14247,A,34,31700.0,5.4,0.254,0,3,0
14248,B,41,22800.0,3.8,0.45,2,3,1
14249,A,62,41000.0,14.2,0.396,0,1,0
14250,A,51,44100.0,8.2,0.135,0,1,0
14251,A,29,52700.0,7.0,0.485,0,2,0
14252,A,38,26500.0,25.3,0.431,0,3,0
14253,B,32,44200.0,3.5,0.328,0,2,0
14254,A,21,49800.0,6.9,0.35,0,1,0
14255,A,52,46000.0,11.1,0.151,1,2,1
14256,A,42,43400.0,10.0,0.418,0,1,0
14257,A,52,27200.0,17.5,0.02,1,1,0
14258,B,31,17900.0,3.8,0.515,0,4,0
14259,A,29,24600.0,10.9,0.273,0,2,0
14260,B,41,18900.0,2.3,0.28,0,1,0
14261,A,36,58200.0,5.8,0.347,0,1,0
14262,A,31,39500.0,17.2,0.442,0,3,0
14263,A,49,44300.0,9.8,0.19,1,3,0
14264,A,35,37900.0,10.9,0.262,0,3,1
14265,A,49,24000.0,2.4,0.462,0,2,0
14266,A,45,53700.0,20.6,0.485,0,4,0
14267,A,51,35100.0,7.4,0.221,0,2,0
14268,B,46,18200.0,11.3,0.227,1,3,0
14269,A,38,75100.0,12.1,0.535,0,5,0
14270,B,30,35100.0,5.7,0.513,3,5,1
14271,B,42,31500.0,8.9,0.276,1,5,0
14272,A,49,74500.0,4.1,0.461,1,5,0
14273,A,26,25600.0,17.9,0.312,0,3,0
14274,B,42,29600.0,4.6,0.327,1,4,0
14275,A,55,31200.0,9.1,0.33,0,1,0
14276,B,45,37200.0,0.2,0.366,0,4,0
14277,A,56,54900.0,14.4,0.385,0,5,0
14278,A,38,26300.0,8.7,0.501,0,1,0
14279,A,38,114800.0,6.1,0.46,0,1,0
14280,A,51,40500.0,17.8,0.235,0,2,0
14281,A,45,37600.0,8.1,0.363,0,2,0
14282,A,38,47100.0,6.0,0.161,0,3,0
14283,B,57,37600.0,0.2,0.368,0,5,0
14284,A,45,41300.0,4.4,0.516,1,2,1
14285,B,45,51700.0,1.8,0.369,1,5,0
14286,A,37,39100.0,4.3,0.298,1,1,0
14287,A,33,54500.0,7.5,0.305,1,4,0
14288,A,54,29400.0,4.8,0.364,0,4,0
14289,B,37,37900.0,0.9,0.455,0,5,0
14290,A,53,18800.0,6.1,0.292,1,2,1
14291,A,40,29300.0,6.4,0.205,0,2,0
14292,B,40,21900.0,6.8,0.246,1,5,0
14293,A,45,29600.0,22.0,0.363,0,2,0
14294,B,59,28700.0,7.1,0.138,0,3,0
14295,A,23,31600.0,6.6,0.232,0,5,0
14296,A,62,25500.0,7.1,0.404,1,2,1
14297,A,39,49900.0,12.3,0.298,1,4,0
14298,A,51,36600.0,14.2,0.461,0,2,0
14299,A,41,28100.0,14.5,0.357,1,1,1
14300,A,57,49600.0,13.2,0.338,3,3,0
14301,A,32,42400.0,6.8,0.296,1,3,0
14302,B,42,36500.0,8.0,0.439,1,5,0
14303,A,43,45600.0,8.7,0.482,1,2,0
14304,A,31,48400.0,6.1,0.312,0,3,0
14305,A,37,29600.0,7.6,0.357,0,3,0
14306,A,36,29700.0,9.6,0.409,0,1,0
14307,A,51,61600.0,9.0,0.259,0,4,0
14308,B,49,18700.0,9.2,0.507,0,5,0
14309,A,35,36100.0,18.9,0.397,1,1,0
14310,A,37,36100.0,8.3,0.481,0,1,0
14311,A,37,56200.0,11.7,0.338,1,4,0
14312,A,37,38600.0,8.3,0.343,0,3,0
14313,B,33,27300.0,3.3,0.508,0,4,0
14314,B,55,32500.0,3.0,0.435,2,5,0
14315,A,46,46000.0,10.1,0.224,0,2,0
14316,A,53,23500.0,3.7,0.263,0,2,0
14317,A,53,41200.0,8.3,0.17,1,4,0
14318,A,38,15100.0,16.0,0.51,1,1,0
14319,A,49,38600.0,23.2,0.314,0,3,0
14320,A,32,34500.0,6.2,0.309,0,5,0
14321,B,49,27200.0,10.4,0.125,0,4,0
14322,A,41,25600.0,14.2,0.159,0,5,0
14323,A,21,55900.0,7.3,0.488,0,3,0
14324,A,35,24400.0,26.6,0.681,0,2,0
14325,A,30,66800.0,3.7,0.255,1,3,0
14326,A,55,27400.0,1.1,0.128,0,3,0
14327,A,52,25800.0,8.9,0.266,0,1,0
14328,A,34,40500.0,6.7,0.281,0,2,0
14329,A,30,76700.0,15.7,0.338,0,2,0
14330,A,28,29700.0,19.4,0.078,1,3,0
14331,A,49,26100.0,11.2,0.401,0,2,0
14332,A,49,41800.0,13.3,0.261,0,3,0
14333,A,21,19700.0,6.7,0.525,1,1,1
14334,A,32,72200.0,4.8,0.02,0,1,0
14335,A,43,26000.0,5.3,0.069,0,3,0
14336,B,60,61000.0,5.6,0.215,1,3,0
14337,B,27,58200.0,0.9,0.342,0,4,0
14338,A,50,17500.0,4.4,0.471,1,1,1
14339,B,56,23400.0,4.2,0.486,0,4,1
14340,A,25,31200.0,6.2,0.229,1,3,0
14341,B,42,28700.0,4.9,0.487,2,4,0
14342,B,24,22800.0,5.0,0.382,2,4,0
14343,A,38,53500.0,16.5,0.489,0,2,0
14344,B,35,48100.0,9.5,0.251,2,4,0
14345,A,47,29000.0,8.3,0.442,0,4,0
14346,A,36,50500.0,9.5,0.137,0,2,0
14347,A,25,50200.0,13.3,0.217,1,1,0
14348,A,27,55500.0,6.7,0.128,0,2,0
14349,A,45,21000.0,7.5,0.155,1,1,0
14350,B,39,28800.0,3.8,0.504,1,4,0
14351,B,21,24400.0,2.5,0.347,1,5,0
14352,A,31,49100.0,2.1,0.246,0,5,0
14353,A,35,34200.0,7.9,0.19,0,2,0
14354,A,44,64700.0,13.6,0.295,1,5,0
14355,B,24,40500.0,6.3,0.295,1,4,0
14356,A,30,22100.0,6.8,0.192,2,3,0
14357,B,38,37100.0,7.3,0.507,0,5,0
14358,A,42,20400.0,3.1,0.326,0,4,0
14359,A,21,18100.0,17.4,0.216,0,2,0
14360,A,39,29500.0,14.1,0.02,0,3,0
14361,A,23,44400.0,3.7,0.466,0,2,0
14362,B,44,58100.0,4.6,0.544,0,1,0
14363,A,45,45400.0,2.9,0.324,0,1,0
14364,A,42,61100.0,4.1,0.126,0,3,0
14365,A,51,28200.0,9.6,0.419,0,1,0
14366,A,29,47100.0,6.8,0.071,0,3,0
14367,A,56,38100.0,4.1,0.02,1,3,0
14368,A,40,45100.0,5.0,0.102,0,1,0
14369,B,54,29000.0,8.6,0.442,0,5,1
14370,A,42,42700.0,9.9,0.239,0,2,0
14371,A,43,21700.0,3.4,0.508,1,2,1
14372,A,44,25700.0,13.5,0.202,0,1,0
14373,A,34,49900.0,12.0,0.45,1,1,0
14374,B,21,11400.0,1.8,0.477,1,4,1
14375,B,39,11500.0,4.3,0.481,1,4,1
14376,A,25,32200.0,13.6,0.372,1,5,0
14377,A,41,20200.0,18.7,0.035,2,3,0
14378,A,61,21300.0,5.7,0.186,0,2,0
14379,B,42,36200.0,0.5,0.431,3,3,1
14380,B,44,49000.0,3.7,0.454,0,2,0
14381,A,42,23500.0,12.7,0.249,0,4,0
14382,A,37,58400.0,9.1,0.215,1,5,0
14383,A,49,101600.0,7.7,0.286,0,1,0
14384,A,33,23000.0,9.4,0.402,0,3,0
14385,A,54,30800.0,3.0,0.278,0,1,0
14386,B,30,34200.0,0.8,0.152,2,4,0
14387,A,47,36000.0,9.1,0.142,0,5,0
14388,A,38,61800.0,7.1,0.442,0,3,0
14389,A,39,31000.0,4.8,0.132,0,3,0
14390,A,46,70700.0,11.6,0.335,0,3,0
14391,A,44,34700.0,2.9,0.522,0,1,1
14392,A,65,58200.0,11.7,0.273,1,2,0
14393,A,42,89000.0,6.1,0.174,0,3,0
14394,A,37,32200.0,12.5,0.372,0,1,0
14395,A,43,38800.0,4.7,0.519,0,4,0
14396,B,53,29300.0,6.3,0.45,1,1,0
14397,B,33,19700.0,3.5,0.585,2,3,1
14398,A,29,63300.0,4.7,0.539,1,2,0
14399,A,21,54100.0,13.6,0.307,0,3,0
14400,A,71,18400.0,5.2,0.37,0,1,1
14401,A,41,22000.0,8.6,0.509,0,1,0
14402,B,59,54700.0,2.3,0.306,0,3,1
14403,A,22,39600.0,2.9,0.208,1,1,0
14404,A,48,84200.0,9.5,0.271,0,2,0
14405,B,52,56600.0,10.2,0.487,2,3,0
14406,A,44,37000.0,15.1,0.446,0,1,0
14407,A,50,64200.0,5.5,0.53,0,4,0
14408,B,47,32000.0,8.3,0.392,0,3,1
14409,A,35,33200.0,7.1,0.204,0,4,0
14410,A,36,19700.0,6.4,0.158,1,1,0
14411,A,39,17800.0,7.7,0.351,0,3,1
14412,A,22,22000.0,9.3,0.273,0,2,0
14413,A,52,40200.0,4.1,0.326,1,3,0
14414,A,39,80000.0,12.9,0.383,0,5,0
14415,A,59,42100.0,8.1,0.558,3,5,1
14416,B,51,29200.0,2.5,0.165,1,1,1
14417,B,44,29600.0,5.5,0.321,1,2,1
14418,A,36,78100.0,12.8,0.261,0,2,0
14419,A,47,23700.0,17.3,0.306,0,2,0
14420,A,26,37600.0,14.3,0.24,1,1,0
14421,B,44,23200.0,3.1,0.44,0,4,0
14422,B,21,57900.0,5.7,0.431,0,5,0
14423,A,31,45100.0,9.4,0.354,1,3,0
14424,A,36,39000.0,8.4,0.418,0,3,0
14425,A,30,29000.0,13.3,0.136,1,5,0
14426,A,47,26000.0,9.0,0.101,1,1,0
14427,A,54,88900.0,14.8,0.49,0,2,0
14428,A,40,29300.0,10.3,0.285,0,4,0
14429,A,40,14700.0,4.0,0.155,1,1,0
14430,A,53,14200.0,21.0,0.267,0,1,0
14431,A,48,63600.0,2.0,0.321,0,3,0
14432,A,24,23100.0,11.8,0.375,0,2,0
14433,A,44,50800.0,9.0,0.207,0,2,0
14434,A,30,88300.0,8.5,0.458,1,1,0
14435,B,34,16200.0,1.7,0.325,1,1,1
14436,B,43,38000.0,9.0,0.343,2,1,0
14437,A,35,34600.0,6.7,0.346,0,4,0
14438,A,44,54100.0,10.4,0.428,0,3,0
14439,A,44,16300.0,12.5,0.491,0,2,1
14440,A,35,83100.0,5.8,0.362,0,3,0
14441,B,27,18300.0,5.3,0.369,0,5,0
14442,A,42,86500.0,16.8,0.371,0,1,0
14443,A,50,29600.0,10.6,0.16,0,3,0
14444,B,47,83100.0,6.0,0.496,0,3,0
14445,B,31,20000.0,3.0,0.257,1,2,0
14446,A,22,22900.0,22.6,0.135,1,2,0
14447,A,35,21500.0,6.1,0.532,0,2,1
14448,B,27,18300.0,9.5,0.407,0,4,0
14449,B,62,47000.0,10.0,0.344,1,4,0
14450,A,31,19300.0,11.7,0.482,0,1,1
14451,A,34,63300.0,22.7,0.02,0,3,0
14452,A,47,34600.0,8.4,0.313,0,1,0
14453,A,45,37300.0,7.2,0.273,0,5,0
14454,A,52,58000.0,3.2,0.394,1,3,0
14455,B,50,17200.0,1.1,0.345,0,4,0
14456,A,34,33800.0,8.3,0.346,0,5,0
14457,B,23,43400.0,13.2,0.593,1,1,0
14458,B,45,42400.0,6.9,0.22,0,4,0
14459,B,28,31700.0,10.1,0.489,0,3,0
14460,B,48,23400.0,2.7,0.439,0,3,1
14461,A,32,52000.0,4.4,0.262,1,2,1
14462,A,31,22900.0,11.3,0.377,0,1,0
14463,A,40,20400.0,5.8,0.285,1,5,0
14464,A,50,33700.0,6.5,0.451,1,4,0
14465,A,47,25000.0,18.4,0.321,2,1,1
14466,A,36,48200.0,10.0,0.382,1,1,0
14467,A,46,26700.0,7.8,0.217,0,4,1
14468,A,51,43400.0,7.9,0.362,1,1,0
14469,A,38,63700.0,7.0,0.083,0,3,0
14470,A,52,42700.0,11.7,0.621,0,3,0
14471,A,63,34100.0,21.9,0.148,0,4,0
14472,A,29,35600.0,19.4,0.156,0,5,0
14473,A,47,32200.0,4.1,0.385,0,4,0
14474,A,34,44800.0,7.6,0.29,2,5,0
14475,A,36,30300.0,8.4,0.165,0,1,0
14476,A,69,50700.0,25.4,0.389,0,2,0
14477,A,36,28300.0,12.4,0.411,0,1,0
14478,A,37,59000.0,4.1,0.257,0,3,0
14479,B,27,78200.0,10.7,0.163,1,4,0
14480,B,36,32900.0,11.3,0.432,1,2,0
14481,A,25,48400.0,20.5,0.36,1,4,0
14482,A,38,89000.0,4.3,0.487,0,1,0
14483,A,59,26300.0,13.0,0.02,0,4,0
14484,A,21,37400.0,5.3,0.544,0,3,0
14485,A,26,47700.0,6.2,0.354,0,4,0
14486,A,21,43800.0,5.6,0.149,1,1,0
14487,B,34,18600.0,2.6,0.507,0,4,0
14488,A,41,36100.0,3.9,0.35,0,3,0
14489,B,42,55200.0,9.5,0.283,1,5,0
14490,A,46,30900.0,12.6,0.212,0,2,0
14491,A,43,26300.0,4.3,0.394,2,3,1
14492,A,51,24500.0,8.2,0.478,0,3,0
14493,A,69,31000.0,6.7,0.202,0,1,0
14494,B,53,80400.0,4.4,0.382,0,5,0
14495,B,57,49300.0,7.7,0.274,1,5,1
14496,A,54,46300.0,1.1,0.417,1,4,0
14497,B,40,23000.0,9.6,0.335,2,3,0
14498,A,40,43700.0,4.5,0.376,0,3,0
14499,A,48,23800.0,13.6,0.493,0,4,1
14500,A,54,40600.0,7.7,0.438,0,1,0
14501,A,44,71400.0,18.9,0.136,0,3,0
14502,A,39,26000.0,14.1,0.133,1,1,0
14503,B,50,24500.0,4.1,0.059,0,1,0
14504,A,32,45600.0,5.1,0.215,0,4,0
14505,A,60,37900.0,3.5,0.395,0,1,0
14506,B,36,18600.0,5.1,0.676,0,3,1
14507,A,35,44100.0,9.7,0.354,0,3,0
14508,A,24,27300.0,15.7,0.243,1,1,0
14509,A,27,27200.0,6.8,0.396,0,1,0
14510,A,26,36200.0,7.2,0.239,1,1,0
14511,A,21,17000.0,13.3,0.429,0,2,1
14512,B,46,20300.0,3.1,0.272,0,1,1
14513,A,45,40000.0,11.0,0.178,0,2,0
14514,A,21,51500.0,19.9,0.083,1,2,0
14515,B,66,36600.0,1.2,0.087,0,3,0
14516,A,64,28000.0,17.4,0.228,0,1,0
14517,B,26,64800.0,6.7,0.274,1,3,0
14518,B,47,42300.0,6.1,0.574,0,3,0
14519,A,35,22200.0,11.1,0.127,0,5,0
14520,A,47,27100.0,8.1,0.425,2,3,0
14521,B,35,28600.0,14.6,0.232,1,5,0
14522,A,39,49200.0,7.6,0.421,0,2,0
14523,A,30,35900.0,7.7,0.366,0,1,0
14524,A,36,31100.0,6.1,0.129,1,3,0
14525,A,36,32800.0,8.7,0.294,0,1,0
14526,B,37,20400.0,8.5,0.3,1,4,0
14527,B,41,27700.0,8.7,0.137,0,4,0
14528,A,58,39300.0,9.1,0.134,0,3,0
14529,B,39,63600.0,6.2,0.288,0,4,0
14530,A,30,26100.0,11.6,0.151,0,4,0
14531,A,29,44700.0,10.2,0.3,1,2,0
14532,A,55,27000.0,12.7,0.357,1,3,1
14533,A,34,15800.0,5.7,0.264,1,2,1
14534,A,34,88600.0,16.5,0.161,0,2,0
14535,A,21,38000.0,10.4,0.2,0,1,0
14536,A,45,23500.0,9.5,0.528,0,5,0
14537,A,21,38200.0,3.7,0.319,0,4,0
14538,B,30,18200.0,3.3,0.472,1,2,0
14539,B,36,32700.0,4.1,0.58,0,5,1
14540,A,26,31500.0,23.9,0.13,0,1,0
14541,B,49,25900.0,1.6,0.112,0,3,0
14542,A,45,28200.0,8.7,0.439,0,3,0
14543,A,54,74300.0,5.7,0.299,0,2,0
14544,A,21,23700.0,4.9,0.418,0,1,1
14545,B,43,36700.0,2.8,0.182,0,3,0
14546,A,29,59000.0,12.2,0.257,0,5,0
14547,A,64,20400.0,11.0,0.594,0,2,0
14548,A,43,21300.0,7.3,0.228,0,3,0
14549,B,21,49300.0,7.2,0.167,0,4,0
14550,A,30,26100.0,6.7,0.358,0,3,0
14551,A,54,60700.0,13.6,0.365,2,3,0
14552,A,44,44300.0,8.5,0.31,2,5,0
14553,B,41,52200.0,5.0,0.509,0,5,1
14554,A,35,20700.0,4.7,0.335,1,4,0
14555,A,46,37800.0,10.6,0.542,1,3,0
14556,A,32,42900.0,3.5,0.463,1,3,1
14557,B,46,38600.0,7.0,0.362,1,3,0
14558,A,28,24500.0,14.3,0.3,1,2,0
14559,A,37,102700.0,15.8,0.482,0,2,0
14560,A,48,48700.0,9.5,0.372,0,4,0
14561,A,42,16100.0,9.3,0.348,0,3,0
14562,A,47,38300.0,18.1,0.415,0,2,0
14563,A,26,31800.0,8.9,0.385,0,1,1
14564,B,21,11400.0,5.3,0.399,0,4,0
14565,A,26,20900.0,1.0,0.391,1,2,1
14566,A,33,72400.0,7.7,0.366,1,2,0
14567,A,36,31100.0,5.9,0.327,1,5,0
14568,A,60,31500.0,8.7,0.343,0,2,0
14569,A,40,49300.0,4.4,0.485,0,4,0
14570,A,41,35600.0,13.1,0.297,0,3,0
14571,B,40,31100.0,6.5,0.406,0,5,1
14572,B,47,26400.0,5.1,0.068,0,5,0
14573,A,42,39400.0,4.8,0.443,1,1,0
14574,A,65,25700.0,22.9,0.313,0,4,0
14575,B,68,49000.0,6.3,0.387,0,4,0
14576,B,31,46500.0,4.4,0.406,1,3,1
14577,A,68,36000.0,6.8,0.275,0,3,1
14578,A,30,30300.0,10.6,0.283,1,1,0
14579,B,22,79200.0,5.2,0.295,1,4,0
14580,A,54,62400.0,9.3,0.418,0,1,0
14581,B,21,58600.0,3.7,0.486,0,3,0
14582,A,39,58900.0,4.3,0.317,1,3,0
14583,A,37,26900.0,10.8,0.341,0,2,0
14584,A,52,21900.0,9.8,0.206,0,1,0
14585,A,41,30100.0,12.6,0.391,0,1,0
14586,A,44,24200.0,10.4,0.262,0,3,0
14587,B,36,16500.0,7.8,0.233,0,3,0
14588,A,51,24800.0,8.4,0.363,0,2,0
14589,B,45,34900.0,3.3,0.342,1,4,0
14590,A,24,57300.0,5.7,0.146,0,4,0
14591,B,37,42500.0,11.4,0.383,1,5,0
14592,B,53,46500.0,3.3,0.267,1,3,0
14593,A,38,135400.0,8.8,0.272,0,2,0
14594,A,42,76900.0,15.5,0.327,2,1,0
14595,B,34,20800.0,18.0,0.359,0,2,0
14596,B,40,70000.0,3.6,0.357,0,5,0
14597,B,45,27700.0,14.2,0.443,1,2,0
14598,A,57,69000.0,14.3,0.504,0,5,0
14599,A,45,53800.0,7.6,0.326,1,1,0
14600,B,35,23900.0,4.2,0.618,1,5,1
14601,A,33,65600.0,15.4,0.217,1,5,0
14602,A,21,22900.0,8.7,0.521,0,1,0
14603,B,46,56100.0,0.3,0.386,2,1,0
14604,A,42,62700.0,5.5,0.29,0,3,0
14605,A,70,62400.0,8.8,0.304,0,1,0
14606,A,44,57100.0,9.5,0.39,0,3,0
14607,A,34,31100.0,4.9,0.376,0,1,1
14608,A,23,45000.0,3.3,0.277,1,3,0
14609,B,31,18200.0,5.2,0.109,2,5,0
14610,A,21,56100.0,7.4,0.401,2,3,0
14611,A,37,19200.0,2.7,0.242,0,1,0
14612,B,32,53800.0,14.7,0.158,0,5,0
14613,B,50,70700.0,9.4,0.491,0,2,0
14614,A,21,30700.0,16.7,0.332,0,2,0
14615,A,56,46400.0,7.9,0.332,0,5,0
14616,A,37,24100.0,11.1,0.149,1,2,0
14617,A,30,41600.0,14.1,0.028,1,2,0
14618,A,27,29600.0,16.6,0.02,2,2,0
14619,A,31,40400.0,13.0,0.229,0,2,0
14620,A,37,26200.0,12.1,0.364,0,4,0
14621,A,42,36700.0,9.6,0.032,0,1,0
14622,A,52,12900.0,13.8,0.26,0,3,0
14623,A,35,42600.0,5.6,0.158,0,1,0
14624,A,52,48300.0,12.3,0.28,0,3,0
14625,B,26,22100.0,15.8,0.04,0,4,0
14626,B,40,31600.0,1.2,0.283,2,3,0
14627,A,37,30200.0,12.5,0.344,0,4,0
14628,A,49,29500.0,10.1,0.193,0,1,0
14629,B,37,44200.0,9.0,0.338,0,4,0
14630,A,40,33800.0,17.7,0.209,3,1,0
14631,B,21,30800.0,9.8,0.129,0,3,1
14632,A,37,30600.0,7.8,0.328,1,2,0
14633,A,21,33000.0,12.5,0.454,0,1,0
14634,A,44,58900.0,10.7,0.333,0,1,0
14635,B,46,37100.0,5.2,0.427,1,2,0
14636,A,21,64100.0,8.9,0.472,0,2,0
14637,A,56,24300.0,24.5,0.18,0,3,0
14638,A,44,45900.0,20.4,0.471,2,4,0
14639,A,27,18800.0,4.0,0.3,1,3,1
14640,A,39,49100.0,7.7,0.123,1,4,0
14641,A,58,33900.0,4.7,0.277,0,3,0
14642,A,59,35200.0,3.0,0.303,0,3,0
14643,A,39,36400.0,7.4,0.342,1,3,0
14644,A,28,51900.0,8.3,0.327,0,1,0
14645,A,46,86300.0,11.1,0.541,0,3,0
14646,A,29,52200.0,5.3,0.349,1,3,0
14647,A,33,35900.0,6.5,0.223,1,3,0
14648,A,49,43700.0,8.1,0.484,0,1,0
14649,A,60,56200.0,5.3,0.547,0,5,1
14650,B,55,40300.0,11.4,0.386,0,5,0
14651,B,23,14800.0,2.8,0.528,1,3,1
14652,A,29,51000.0,9.8,0.359,1,2,0
14653,A,51,20700.0,20.7,0.081,0,1,0
14654,B,58,26500.0,10.0,0.273,0,1,0
14655,A,39,35900.0,6.5,0.277,1,1,0
14656,A,21,82000.0,5.3,0.22,0,5,0
14657,A,40,47400.0,4.4,0.336,0,1,0
14658,A,50,42400.0,19.1,0.061,0,1,0
14659,A,28,43000.0,5.1,0.345,0,1,0
14660,B,32,26500.0,0.8,0.302,0,4,0
14661,A,31,38000.0,8.3,0.454,0,3,0
14662,A,34,77900.0,7.9,0.217,0,2,0
14663,A,52,37700.0,15.1,0.064,0,2,0
14664,A,52,61400.0,9.3,0.429,0,3,0
14665,A,41,40700.0,6.0,0.213,0,2,0
14666,A,58,45900.0,1.3,0.094,1,2,0
14667,B,31,71800.0,1.8,0.233,0,2,0
14668,A,67,32300.0,4.8,0.334,0,1,0
14669,B,39,24000.0,8.5,0.153,1,3,0
14670,A,66,37500.0,11.7,0.375,1,4,0
14671,A,41,47700.0,14.4,0.145,1,3,0
14672,B,37,44600.0,1.4,0.23,0,2,0
14673,A,45,40800.0,4.3,0.409,1,1,1
14674,A,27,34900.0,9.5,0.113,0,5,0
14675,A,43,16300.0,4.1,0.361,0,5,1
14676,A,53,46300.0,5.1,0.188,0,2,0
14677,B,51,26400.0,2.8,0.778,0,3,0
14678,A,29,31900.0,7.0,0.282,0,2,0
14679,A,53,19000.0,4.4,0.346,1,3,1
14680,B,38,27400.0,11.8,0.407,0,4,0
14681,A,54,37400.0,6.1,0.382,0,3,0
14682,A,32,45300.0,7.3,0.02,1,1,0
14683,A,46,104400.0,10.6,0.399,1,1,0
14684,A,28,51200.0,6.4,0.234,1,1,0
14685,A,56,24100.0,4.1,0.644,0,1,0
14686,B,32,17600.0,14.6,0.642,1,3,1
14687,A,38,36600.0,21.3,0.276,1,2,0
14688,A,35,20400.0,9.6,0.442,0,2,0
14689,A,21,113300.0,15.7,0.357,1,1,0
14690,A,62,32200.0,3.7,0.23,0,2,0
14691,B,43,15800.0,5.3,0.208,0,3,0
14692,A,21,20500.0,7.0,0.296,1,3,0
14693,B,39,14000.0,2.9,0.251,1,3,0
14694,A,43,54800.0,3.6,0.509,1,1,1
14695,A,39,25300.0,5.7,0.327,0,3,0
14696,A,60,27100.0,6.2,0.158,0,3,0
14697,A,21,28000.0,17.4,0.298,1,2,1
14698,B,57,64100.0,10.0,0.247,0,3,0
14699,A,62,32500.0,16.6,0.461,1,2,0
14700,A,36,42700.0,23.6,0.3,0,4,0
14701,A,24,78700.0,6.1,0.362,1,1,0
14702,B,42,25800.0,1.9,0.461,0,3,0
14703,A,32,36400.0,4.3,0.199,0,1,0
14704,B,45,17400.0,8.2,0.426,1,4,1
14705,A,27,31600.0,4.1,0.461,0,1,0
14706,A,21,51900.0,10.0,0.249,1,3,0
14707,A,40,45400.0,7.7,0.353,0,3,0
14708,A,41,34400.0,5.7,0.378,0,1,0
14709,A,47,17900.0,6.9,0.139,0,1,0
14710,A,25,25500.0,19.9,0.269,0,4,0
14711,A,47,23600.0,2.0,0.4,0,4,0
14712,B,60,48600.0,6.6,0.428,0,5,0
14713,A,31,25400.0,6.3,0.253,0,2,0
14714,A,21,19700.0,3.7,0.349,0,4,1
14715,B,42,24600.0,4.7,0.187,0,1,0
14716,A,34,47200.0,9.4,0.481,1,3,0
14717,A,44,53300.0,9.1,0.4,0,3,0
14718,A,62,45300.0,10.6,0.262,0,4,0
14719,B,40,31700.0,6.3,0.452,2,3,1
14720,A,31,22100.0,11.1,0.39,0,1,0
14721,A,41,82400.0,15.6,0.46,2,1,0
14722,A,74,30500.0,8.1,0.504,0,1,1
14723,A,46,54200.0,10.5,0.223,0,2,0
14724,A,59,24200.0,13.7,0.396,0,4,0
14725,B,22,26900.0,6.4,0.291,1,2,0
14726,A,61,17500.0,7.0,0.28,0,4,0
14727,A,44,33500.0,3.1,0.42,1,4,1
14728,B,30,32500.0,5.3,0.355,0,2,1
14729,B,49,35300.0,4.5,0.442,1,5,1
14730,A,46,18800.0,4.9,0.189,1,1,1
14731,A,29,54800.0,11.7,0.151,0,3,0
14732,A,34,62900.0,9.3,0.353,0,4,0
14733,A,37,39500.0,1.8,0.365,0,3,0
14734,A,35,34100.0,11.5,0.388,0,4,1
14735,A,37,30500.0,10.9,0.539,0,4,0
14736,B,50,37200.0,3.7,0.606,0,2,1
14737,B,26,64600.0,4.9,0.561,0,3,1
14738,B,21,14800.0,5.7,0.449,1,3,1
14739,A,31,33900.0,11.7,0.351,0,1,0
14740,A,45,45000.0,10.6,0.123,0,3,0
14741,A,34,56400.0,10.6,0.305,0,1,0
14742,A,34,80600.0,10.8,0.337,0,2,0
14743,B,62,37600.0,9.9,0.46,2,4,1
14744,A,44,24900.0,2.6,0.684,0,4,1
14745,A,64,58900.0,5.1,0.145,2,3,0
14746,B,41,40200.0,16.6,0.365,1,3,0
14747,A,26,24400.0,12.3,0.442,0,1,0
14748,A,23,34400.0,8.3,0.24,0,4,0
14749,B,55,46300.0,0.9,0.247,0,5,0
14750,A,21,50400.0,3.9,0.208,2,5,0
14751,A,30,43200.0,3.9,0.406,0,2,0
14752,A,38,43900.0,7.8,0.415,0,5,0
14753,B,39,20100.0,1.6,0.261,0,5,0
14754,A,21,49800.0,11.7,0.482,0,1,0
14755,A,22,43500.0,8.1,0.343,0,1,1
14756,A,37,41400.0,11.7,0.322,0,2,0
14757,B,49,38600.0,11.7,0.547,0,3,0
14758,A,39,59100.0,12.9,0.512,1,3,0
14759,A,38,32100.0,7.0,0.369,1,1,0
14760,A,47,22400.0,6.0,0.4,0,1,0
14761,A,51,29600.0,8.3,0.166,0,2,0
14762,A,41,21300.0,8.6,0.256,0,2,0
14763,B,40,34900.0,3.3,0.498,0,2,0
14764,A,44,39400.0,13.4,0.529,0,4,0
14765,A,31,56300.0,13.6,0.334,0,4,0
14766,A,29,30100.0,3.7,0.306,1,4,1
14767,B,42,20900.0,11.6,0.256,0,5,0
14768,B,33,68000.0,1.4,0.264,2,5,0
14769,B,36,13300.0,0.9,0.478,1,2,1
14770,A,41,15300.0,22.5,0.185,0,4,0
14771,B,55,55600.0,5.8,0.187,0,3,0
14772,A,21,24800.0,4.8,0.305,0,2,0
14773,A,40,30400.0,7.7,0.352,1,1,0
14774,A,33,18200.0,8.9,0.186,0,1,0
14775,A,37,62100.0,11.7,0.187,0,3,0
14776,B,41,29800.0,4.4,0.678,0,2,1
14777,A,43,20000.0,13.4,0.43,1,2,1
14778,B,56,36400.0,9.6,0.193,0,4,0
14779,A,57,31800.0,7.0,0.134,0,5,0
14780,A,32,39000.0,4.4,0.532,0,3,0
14781,A,37,53500.0,12.5,0.126,0,4,0
14782,A,38,19900.0,4.4,0.543,0,4,0
14783,A,66,61100.0,9.7,0.258,1,4,0
14784,B,32,35000.0,2.5,0.238,1,3,1
14785,A,37,47400.0,22.7,0.226,2,3,0
14786,A,38,53700.0,10.5,0.261,0,1,0
14787,A,44,29700.0,8.4,0.497,0,4,0
14788,A,61,39500.0,4.7,0.311,1,1,1
14789,A,50,35100.0,2.7,0.203,0,5,0
14790,A,28,88600.0,9.9,0.366,2,4,0
14791,A,26,51200.0,9.6,0.213,0,2,0
14792,A,21,31300.0,11.9,0.547,0,5,0
14793,B,21,54400.0,5.4,0.198,0,4,0
14794,A,22,16700.0,9.1,0.091,0,3,0
14795,A,47,36200.0,4.0,0.36,0,3,0
14796,A,55,46500.0,7.5,0.345,0,5,0
14797,A,35,38200.0,11.5,0.449,0,2,0
14798,B,36,20100.0,6.7,0.603,1,4,0
14799,A,58,20700.0,7.2,0.304,1,1,0
14800,A,21,19400.0,5.2,0.389,1,2,0
14801,B,35,27900.0,7.8,0.351,0,4,0
14802,A,63,26600.0,11.5,0.185,0,3,0
14803,A,57,33600.0,10.5,0.365,0,4,0
14804,B,59,19300.0,4.2,0.256,1,2,1
14805,A,30,42500.0,7.7,0.218,0,1,0
14806,B,56,29000.0,4.1,0.411,0,4,1
14807,A,46,21300.0,15.9,0.161,0,2,0
14808,B,35,63500.0,3.6,0.433,1,3,0
14809,A,50,22100.0,5.0,0.258,0,2,0
14810,A,39,35900.0,5.3,0.259,0,1,0
14811,A,28,85800.0,5.0,0.25,1,3,1
14812,A,70,33400.0,2.3,0.197,0,3,0
14813,A,30,43700.0,12.5,0.396,0,4,0
14814,A,59,38300.0,1.2,0.354,1,2,0
14815,A,49,35800.0,5.3,0.265,0,5,0
14816,A,49,43400.0,16.8,0.168,0,2,0
14817,A,30,17200.0,6.7,0.02,1,2,0
14818,A,52,26300.0,9.4,0.393,0,2,0
14819,A,39,42200.0,19.5,0.165,0,1,0
14820,B,42,16400.0,0.7,0.465,1,3,1
14821,B,33,28000.0,4.8,0.418,1,3,0
14822,A,31,11000.0,7.0,0.339,1,1,0
14823,A,46,19900.0,5.0,0.39,1,3,1
14824,B,32,55800.0,12.5,0.534,1,4,0
14825,B,44,32200.0,6.7,0.276,1,3,0
14826,A,21,74500.0,14.7,0.319,1,1,0
14827,A,50,13500.0,3.5,0.299,0,2,0
14828,A,27,32000.0,13.8,0.433,1,1,1
14829,A,66,42300.0,6.6,0.648,0,1,0
14830,A,35,30100.0,3.7,0.314,0,3,0
14831,A,39,31000.0,8.7,0.258,0,2,0
14832,A,44,63900.0,10.5,0.348,0,3,0
14833,A,45,52600.0,5.5,0.526,0,2,0
14834,A,45,61400.0,19.4,0.399,0,1,0
14835,A,51,32800.0,7.1,0.264,2,3,0
14836,B,38,58700.0,6.1,0.374,0,5,0
14837,A,41,56600.0,10.0,0.507,0,5,0
14838,A,40,55200.0,7.0,0.317,0,4,0
14839,A,37,47500.0,7.7,0.365,0,5,0
14840,B,21,31400.0,13.9,0.403,0,1,1
14841,A,73,89000.0,17.6,0.403,0,4,0
14842,A,21,60700.0,9.7,0.53,2,5,0
14843,A,53,26500.0,15.0,0.354,0,2,0
14844,A,38,55300.0,5.4,0.246,0,1,0
14845,A,33,42000.0,8.6,0.39,0,3,0
14846,B,47,13700.0,3.3,0.306,0,2,0
14847,A,54,23700.0,8.1,0.344,1,4,1
14848,A,44,74000.0,3.3,0.36,0,1,0
14849,B,41,21600.0,0.7,0.442,0,3,0
14850,A,33,55200.0,6.7,0.303,0,4,0
14851,A,26,45700.0,9.8,0.279,1,3,0
14852,A,55,32500.0,19.4,0.477,0,2,0
14853,A,54,70800.0,8.7,0.275,0,2,0
14854,A,45,35600.0,15.1,0.402,0,3,1
14855,B,22,33100.0,5.3,0.488,0,5,0
14856,A,31,45900.0,3.7,0.373,0,3,1
14857,A,56,26200.0,6.9,0.385,1,5,0
14858,A,26,46400.0,10.9,0.32,0,1,0
14859,B,31,42800.0,3.4,0.206,1,5,0
14860,B,42,16800.0,3.2,0.51,0,5,0
14861,B,35,40600.0,1.7,0.413,1,4,0
14862,B,38,20900.0,7.8,0.285,1,4,0
14863,A,44,74000.0,12.3,0.357,0,1,0
14864,A,36,17600.0,12.1,0.464,0,2,0
14865,B,37,20700.0,6.0,0.303,0,3,1
14866,A,34,19800.0,8.2,0.435,0,2,0
14867,A,43,29900.0,12.7,0.131,1,2,0
14868,B,39,22900.0,6.1,0.263,1,4,0
14869,B,54,32100.0,9.2,0.44,2,1,0
14870,A,30,40500.0,9.7,0.51,0,2,0
14871,B,59,23800.0,1.5,0.244,1,4,0
14872,A,28,71200.0,6.6,0.178,0,3,0
14873,A,24,30300.0,4.1,0.367,0,2,0
14874,A,57,33700.0,10.1,0.318,0,2,0
14875,A,39,30000.0,4.5,0.074,0,4,0
14876,B,21,95300.0,3.1,0.314,0,5,0
14877,A,48,17300.0,5.2,0.734,1,1,1
14878,A,21,62100.0,8.7,0.295,0,2,0
14879,A,47,62800.0,2.0,0.187,0,1,0
14880,A,23,26000.0,10.1,0.546,0,2,0
14881,A,49,29800.0,5.5,0.312,0,5,0
14882,A,24,26500.0,6.9,0.123,1,1,0
14883,B,62,36200.0,1.6,0.553,1,5,1
14884,B,54,27200.0,11.7,0.332,0,5,0
14885,A,45,21800.0,16.9,0.364,0,2,0
14886,A,33,25700.0,12.0,0.374,0,2,0
14887,A,70,33000.0,12.1,0.181,1,1,0
14888,A,31,50300.0,7.2,0.284,0,2,0
14889,A,51,68200.0,6.7,0.131,0,1,0
14890,A,21,30300.0,4.3,0.412,0,2,0
14891,A,33,28300.0,10.6,0.399,0,2,0
14892,B,56,46500.0,2.0,0.45,1,4,0
14893,B,44,53400.0,3.0,0.261,0,5,0
14894,B,35,35400.0,2.8,0.453,1,3,1
14895,A,57,34700.0,10.5,0.086,2,3,0
14896,A,45,57600.0,5.1,0.248,0,3,0
14897,A,49,27500.0,6.9,0.282,0,2,0
14898,B,43,25000.0,1.2,0.257,1,4,0
14899,A,49,60100.0,7.4,0.52,0,1,1
14900,A,38,12100.0,11.3,0.371,1,2,1
14901,B,31,37300.0,9.2,0.343,2,1,1
14902,A,29,29900.0,4.7,0.242,1,2,0
14903,A,21,40300.0,11.1,0.466,1,1,0
14904,A,42,28000.0,10.8,0.228,0,2,0
14905,B,53,41500.0,1.1,0.505,0,3,0
14906,A,38,56200.0,7.4,0.59,1,1,0
14907,B,57,21900.0,5.8,0.343,0,5,1
14908,A,43,44800.0,20.8,0.02,1,1,0
14909,A,56,37900.0,10.4,0.505,0,2,0
14910,B,44,16100.0,4.4,0.575,0,1,1
14911,A,55,24400.0,14.4,0.203,0,2,0
14912,A,34,52400.0,13.4,0.248,0,2,0
14913,B,35,25600.0,6.2,0.462,0,4,0
14914,A,21,23800.0,3.8,0.19,1,2,0
14915,A,36,26200.0,11.1,0.244,1,3,0
14916,B,50,27900.0,10.6,0.225,2,1,0
14917,A,43,50800.0,11.5,0.193,0,3,0
14918,B,40,15200.0,4.0,0.373,0,2,0
14919,A,26,25900.0,9.9,0.256,0,3,0
14920,A,48,44200.0,4.3,0.132,0,1,0
14921,B,55,36400.0,3.5,0.247,0,2,0
14922,B,46,37300.0,8.7,0.448,2,3,1
14923,A,21,40400.0,9.9,0.02,0,1,0
14924,B,34,29100.0,9.2,0.529,1,3,1
14925,A,21,35300.0,9.1,0.335,1,3,0
14926,A,47,39400.0,6.4,0.056,0,4,0
14927,A,55,33400.0,6.9,0.406,0,4,0
14928,A,21,65100.0,9.0,0.411,1,1,1
14929,A,36,70300.0,1.3,0.181,0,2,0
14930,A,27,28400.0,5.3,0.186,0,5,0
14931,A,43,50900.0,13.0,0.365,1,1,0
14932,A,53,41300.0,6.0,0.322,0,2,1
14933,A,34,18400.0,5.9,0.548,0,3,0
14934,A,46,23100.0,8.1,0.548,1,3,0
14935,B,33,36600.0,4.8,0.458,0,2,0
14936,A,36,68400.0,17.0,0.1,0,1,0
14937,A,21,40600.0,7.5,0.216,1,2,0
14938,A,43,35000.0,12.2,0.39,0,1,0
14939,B,46,36500.0,8.5,0.343,0,5,1
14940,A,44,41700.0,10.9,0.228,1,1,0
14941,A,44,31100.0,4.1,0.286,0,1,0
14942,A,25,40900.0,5.2,0.277,2,1,0
14943,B,21,19200.0,5.8,0.185,2,4,0
14944,A,52,75000.0,5.1,0.362,0,2,0
14945,A,45,24800.0,15.4,0.451,1,2,0
14946,A,22,62800.0,9.7,0.275,0,5,0
14947,B,54,21500.0,1.0,0.254,1,3,0
14948,B,44,34400.0,11.2,0.342,1,2,0
14949,A,21,71600.0,4.1,0.231,1,1,0
14950,A,29,54100.0,11.9,0.178,0,4,0
14951,A,75,26500.0,6.1,0.384,0,1,0
14952,A,45,111300.0,15.4,0.446,0,5,0
14953,A,45,58000.0,7.8,0.477,0,4,0
14954,A,42,46400.0,4.0,0.275,1,3,0
14955,A,36,23300.0,12.7,0.245,0,1,0
14956,A,57,51300.0,7.9,0.146,0,3,0
14957,A,25,40100.0,14.7,0.378,1,2,0
14958,A,33,84300.0,11.3,0.287,0,2,0
14959,A,33,38800.0,8.0,0.332,1,3,0
14960,B,32,17600.0,4.8,0.266,0,2,0
14961,B,52,29500.0,0.9,0.527,1,5,0
14962,A,59,34900.0,9.3,0.02,0,1,0
14963,A,39,62100.0,5.1,0.295,0,4,0
14964,B,35,13000.0,10.5,0.53,0,2,1
14965,A,35,33600.0,5.9,0.286,0,2,0
14966,A,45,43200.0,7.2,0.236,0,3,0
14967,A,34,31200.0,8.5,0.204,0,3,0
14968,A,52,16100.0,5.2,0.286,0,2,0
14969,A,32,35600.0,8.6,0.265,1,2,0
14970,B,45,37500.0,9.8,0.384,1,2,0
14971,A,50,25600.0,12.2,0.205,1,1,0
14972,B,21,29000.0,1.6,0.202,0,3,0
14973,A,52,36900.0,2.6,0.314,1,1,0
14974,B,37,31800.0,5.9,0.188,1,3,0
14975,A,39,36400.0,16.8,0.02,0,5,0
14976,B,51,17600.0,13.0,0.325,1,2,0
14977,A,46,23400.0,14.7,0.291,1,2,0
14978,A,48,36500.0,6.4,0.477,1,2,0
14979,A,48,51800.0,20.3,0.353,1,2,0
14980,A,38,20400.0,11.0,0.561,0,1,1
14981,B,33,32800.0,4.9,0.167,0,3,0
14982,A,42,50100.0,10.5,0.311,0,1,0
14983,A,46,43000.0,8.9,0.426,0,1,0
14984,A,31,15800.0,16.4,0.53,1,2,1
14985,A,27,19900.0,13.3,0.635,2,2,1
14986,A,51,36000.0,12.7,0.321,0,2,0
14987,A,36,37900.0,8.3,0.257,0,3,0
14988,A,54,90400.0,4.0,0.311,1,1,0
14989,B,68,34200.0,12.5,0.376,0,4,0
14990,A,38,36700.0,13.9,0.19,0,1,0
14991,A,44,19000.0,4.7,0.48,1,2,1
14992,B,36,33300.0,4.5,0.32,0,5,0
14993,A,60,33900.0,9.7,0.359,1,3,0
14994,A,48,13700.0,4.6,0.361,0,2,0
14995,A,31,35400.0,11.3,0.442,2,1,1
14996,B,37,49000.0,5.9,0.485,0,2,0
14997,B,50,41600.0,3.9,0.121,1,3,1
14998,B,53,44500.0,1.0,0.475,0,2,0
14999,A,30,36600.0,4.1,0.524,0,2,0
15000,A,49,36300.0,8.9,0.182,1,1,0
15001,B,51,21500.0,1.9,0.096,0,4,0
15002,A,35,42100.0,2.9,0.364,1,2,0
15003,B,35,23800.0,0.5,0.422,2,4,0
15004,A,57,42800.0,9.1,0.218,0,3,0
15005,A,40,32500.0,10.3,0.342,0,1,0
15006,A,41,68800.0,1.7,0.355,0,1,0
15007,A,41,48300.0,14.8,0.342,0,1,0
15008,A,38,87800.0,4.8,0.177,0,2,0
15009,B,40,39600.0,8.6,0.163,0,5,0
15010,A,50,28600.0,5.7,0.244,0,3,0
15011,B,43,46700.0,7.3,0.383,0,5,0
15012,B,38,60400.0,2.5,0.17,1,4,0
15013,A,42,31700.0,11.7,0.476,0,5,0
15014,A,39,40300.0,6.5,0.29,0,1,0
15015,A,28,23600.0,6.6,0.142,1,2,0
15016,A,31,21800.0,14.1,0.395,1,4,0
15017,A,54,37700.0,12.1,0.296,1,2,0
15018,A,43,26500.0,2.7,0.31,0,1,0
15019,B,25,58600.0,2.3,0.333,1,4,1
15020,A,59,18300.0,3.5,0.25,0,1,0
15021,B,22,38200.0,6.3,0.499,0,5,0
15022,A,53,39400.0,19.6,0.364,0,3,0
15023,A,49,72900.0,29.1,0.257,0,2,0
15024,A,41,20700.0,11.4,0.222,0,2,0
15025,A,33,45300.0,9.8,0.154,0,2,0
15026,A,26,43000.0,24.8,0.232,0,1,0
15027,A,46,47500.0,5.3,0.457,0,1,0
15028,B,36,22600.0,0.7,0.106,0,5,0
15029,A,40,40800.0,7.9,0.45,0,2,0
15030,A,49,37400.0,1.1,0.384,0,3,0
15031,A,46,62700.0,9.8,0.341,0,1,0
15032,A,56,47700.0,4.0,0.43,0,3,0
15033,A,31,23700.0,4.6,0.304,1,3,0
15034,A,63,31900.0,7.6,0.374,0,2,0
15035,B,34,27800.0,7.7,0.272,1,5,0
15036,A,21,40000.0,4.7,0.444,1,2,1
15037,B,33,28600.0,20.6,0.248,1,5,0
15038,A,34,36300.0,6.2,0.362,2,2,1
15039,B,21,25500.0,1.0,0.356,0,4,0
15040,A,54,34700.0,20.4,0.349,1,1,0
15041,A,38,81500.0,4.7,0.315,0,1,0
15042,B,39,16200.0,2.4,0.464,2,4,0
15043,B,36,49100.0,10.4,0.258,0,3,1
15044,A,46,50600.0,10.1,0.365,1,3,0
15045,A,30,26300.0,4.2,0.445,0,3,1
15046,B,43,46900.0,5.4,0.454,0,5,0
15047,B,46,30500.0,2.9,0.328,0,2,0
15048,A,61,44800.0,15.9,0.185,0,2,0
15049,A,31,34200.0,15.3,0.351,1,1,0
15050,A,37,23300.0,9.4,0.081,0,4,0
15051,A,48,23300.0,17.7,0.369,0,5,0
15052,A,46,25900.0,6.0,0.165,0,3,0
15053,B,46,21800.0,1.9,0.809,0,5,1
15054,B,47,12000.0,8.3,0.199,2,3,0
15055,A,59,41100.0,5.3,0.582,0,1,0
15056,A,39,33900.0,8.4,0.409,0,2,0
15057,A,48,31400.0,1.5,0.467,0,5,0
15058,A,21,36000.0,8.0,0.213,0,2,0
15059,A,57,27900.0,10.2,0.473,0,5,0
15060,B,35,44500.0,3.6,0.462,0,5,0
15061,A,49,55600.0,5.5,0.699,0,5,1
15062,B,46,33900.0,3.7,0.502,0,2,0
15063,B,60,33800.0,6.4,0.397,1,3,0
15064,A,24,38100.0,6.4,0.637,0,4,0
15065,A,52,27300.0,15.0,0.385,1,2,0
15066,B,24,33800.0,12.8,0.289,0,3,0
15067,B,32,31800.0,2.0,0.112,3,2,0
15068,A,31,86000.0,4.4,0.426,1,2,1
15069,A,64,124800.0,5.6,0.292,0,1,0
15070,A,30,22300.0,10.3,0.119,0,4,0
15071,A,46,25700.0,17.9,0.505,2,1,1
15072,A,52,49900.0,10.4,0.349,0,1,0
15073,A,43,41600.0,8.9,0.249,0,2,0
15074,A,49,72100.0,4.5,0.146,1,3,0
15075,A,44,26500.0,11.1,0.339,0,2,0
15076,A,40,25100.0,10.9,0.294,1,2,0
15077,B,46,35400.0,8.6,0.228,0,4,0
15078,A,43,62400.0,9.3,0.427,0,1,0
15079,A,25,24800.0,8.9,0.574,0,1,1
15080,A,48,42800.0,18.6,0.441,1,1,0
15081,B,47,20400.0,5.8,0.598,1,1,0
15082,A,46,35100.0,3.0,0.226,1,1,0
15083,B,50,42900.0,11.2,0.418,0,4,0
15084,A,29,24500.0,14.9,0.36,0,1,0
15085,A,36,38500.0,8.1,0.439,1,3,0
15086,B,44,49300.0,2.2,0.349,0,4,0
15087,B,43,14200.0,7.2,0.35,1,4,0
15088,A,38,27500.0,7.0,0.298,1,5,0
15089,B,27,36800.0,7.4,0.524,1,3,1
15090,A,55,40500.0,19.4,0.394,0,2,0
15091,A,29,48100.0,15.3,0.375,2,3,0
15092,B,51,41600.0,15.9,0.325,0,4,0
15093,A,40,73100.0,15.2,0.368,0,3,0
15094,A,34,42600.0,2.6,0.436,0,2,1
15095,A,50,65500.0,2.7,0.347,0,4,0
15096,A,59,54400.0,8.4,0.14,0,1,0
15097,B,21,28500.0,1.5,0.665,1,5,1
15098,A,40,25300.0,11.0,0.556,0,4,0
15099,A,42,31400.0,21.4,0.384,0,1,0
15100,A,59,109000.0,9.0,0.21,0,1,0
15101,A,39,36000.0,10.4,0.389,0,2,0
15102,A,43,57500.0,28.8,0.303,0,4,0
15103,A,36,85800.0,18.2,0.457,3,3,0
15104,A,34,38100.0,13.2,0.352,0,3,0
15105,A,44,71100.0,8.0,0.428,0,5,0
15106,A,47,86300.0,21.2,0.161,1,2,0
15107,A,48,15100.0,5.7,0.144,1,5,0
15108,B,64,43700.0,3.1,0.38,0,2,0
15109,A,43,55200.0,19.1,0.499,1,2,0
15110,A,36,29000.0,7.6,0.068,1,4,0
15111,B,50,19100.0,3.8,0.304,0,5,0
15112,A,40,49400.0,11.1,0.172,2,4,0
15113,A,46,42700.0,8.3,0.174,0,4,0
15114,A,46,33100.0,14.0,0.324,0,2,0
15115,A,48,24900.0,7.5,0.674,1,1,0
15116,A,43,46800.0,5.5,0.324,0,2,0
15117,B,39,24500.0,2.4,0.107,0,5,0
15118,A,40,29700.0,13.9,0.15,1,3,0
15119,B,45,73500.0,1.3,0.458,0,5,1
15120,B,30,24400.0,1.7,0.636,0,5,1
15121,A,51,32200.0,13.1,0.359,0,1,0
15122,B,21,46500.0,6.1,0.174,0,2,0
15123,B,39,22800.0,1.8,0.113,0,5,1
15124,A,36,94600.0,1.4,0.34,0,1,0
15125,A,48,57700.0,15.3,0.435,0,2,0
15126,A,30,55300.0,12.8,0.228,1,1,0
15127,A,46,57100.0,11.8,0.256,0,4,0
15128,A,41,68700.0,6.9,0.149,1,2,0
15129,A,34,13800.0,9.3,0.44,0,4,1
15130,A,43,41800.0,3.9,0.366,0,1,1
15131,A,60,32800.0,11.3,0.291,1,4,0
15132,B,38,70700.0,2.9,0.357,0,5,0
15133,A,36,66100.0,3.3,0.206,0,3,0
15134,A,39,47500.0,5.3,0.218,0,4,0
15135,A,46,23100.0,7.5,0.252,0,3,0
15136,A,21,79700.0,2.2,0.578,0,2,0
15137,A,36,27600.0,4.4,0.261,0,1,0
15138,A,50,34000.0,10.7,0.346,0,3,0
15139,B,45,37900.0,8.3,0.695,3,4,0
15140,A,31,35200.0,7.7,0.249,0,1,0
15141,A,44,30800.0,6.8,0.404,1,2,1
15142,B,34,18000.0,4.5,0.478,1,5,1
15143,B,31,19200.0,9.7,0.19,0,4,0
15144,A,42,37900.0,12.7,0.388,0,2,0
15145,A,33,28500.0,3.1,0.343,0,3,0
15146,A,44,48600.0,11.5,0.318,0,4,0
15147,A,42,50100.0,3.8,0.303,1,2,0
15148,A,34,23800.0,14.1,0.357,0,2,0
15149,A,31,142000.0,7.0,0.169,0,1,0
15150,A,39,18100.0,14.0,0.464,0,3,1
15151,A,57,39900.0,3.2,0.332,1,1,0
15152,B,42,36700.0,3.5,0.456,1,2,0
15153,A,21,63100.0,4.6,0.23,0,1,0
15154,A,26,42500.0,15.2,0.128,0,2,0
15155,B,44,28100.0,3.8,0.247,1,4,0
15156,A,43,31000.0,9.3,0.61,0,3,0
15157,A,29,67900.0,7.4,0.319,2,3,1
15158,A,21,19800.0,10.4,0.444,1,2,0
15159,A,45,77800.0,4.0,0.345,3,5,0
15160,A,40,43000.0,8.1,0.314,1,1,0
15161,A,46,42100.0,4.5,0.161,0,2,0
15162,B,46,34900.0,3.1,0.285,0,5,0
15163,A,59,62700.0,7.0,0.182,0,5,0
15164,A,37,40700.0,16.2,0.332,1,4,0
15165,A,44,22200.0,9.7,0.162,0,2,0
15166,B,60,43500.0,10.0,0.611,0,3,0
15167,A,52,102100.0,5.5,0.436,0,2,0
15168,A,40,29000.0,5.0,0.408,0,1,0
15169,A,36,20400.0,6.4,0.434,0,1,0
15170,A,34,38600.0,4.0,0.195,0,4,0
15171,A,36,49300.0,6.1,0.468,0,2,0
15172,A,31,48600.0,12.0,0.182,0,1,0
15173,B,44,15200.0,2.5,0.247,0,5,1
15174,A,49,57400.0,5.4,0.266,0,4,0
15175,A,35,26100.0,17.2,0.469,0,1,0
15176,B,44,23000.0,3.6,0.403,1,5,1
15177,B,68,48300.0,4.4,0.381,1,5,0
15178,A,28,48800.0,20.7,0.261,1,5,0
15179,B,47,108400.0,2.0,0.426,1,3,0
15180,A,38,42400.0,7.3,0.373,1,3,0
15181,B,21,37300.0,10.3,0.363,1,2,1
15182,A,41,77400.0,8.9,0.386,0,2,0
15183,A,59,15200.0,12.9,0.457,0,1,0
15184,A,47,59200.0,8.9,0.508,1,5,1
15185,A,50,44600.0,10.1,0.459,1,2,0
15186,A,34,27400.0,7.1,0.356,0,3,0
15187,B,48,39300.0,4.0,0.229,0,3,0
15188,A,48,36500.0,9.4,0.235,0,2,0
15189,B,42,39600.0,2.2,0.323,0,3,0
15190,A,53,30700.0,10.2,0.219,0,4,0
15191,A,65,50200.0,14.0,0.485,1,1,0
15192,A,24,40400.0,1.9,0.35,1,1,0
15193,B,32,20200.0,1.0,0.55,1,4,1
15194,A,48,19900.0,6.6,0.161,0,1,0
15195,B,34,23500.0,1.4,0.356,0,4,0
15196,A,43,51200.0,23.5,0.209,2,1,0
15197,A,55,52200.0,8.1,0.268,0,3,0
15198,B,49,26900.0,7.8,0.361,0,3,0
15199,A,35,37000.0,9.4,0.144,1,5,0
15200,B,40,24600.0,2.0,0.321,0,3,0
15201,B,27,21900.0,6.2,0.404,0,3,0
15202,A,57,30300.0,6.9,0.378,0,4,0
15203,A,59,59800.0,10.3,0.367,0,3,0
15204,A,50,69400.0,6.6,0.231,0,1,0
15205,A,49,47500.0,7.1,0.347,0,1,0
15206,A,27,42500.0,9.2,0.134,0,2,0
15207,A,37,39600.0,12.3,0.391,0,2,0
15208,B,40,40400.0,7.1,0.577,2,3,1
15209,A,39,33400.0,7.2,0.329,0,3,0
15210,A,47,21600.0,6.6,0.132,1,1,0
15211,A,41,48900.0,10.1,0.345,2,2,0
15212,A,35,43700.0,11.0,0.26,0,1,0
15213,A,39,47800.0,6.1,0.332,1,3,0
15214,A,64,39800.0,4.7,0.426,1,1,0
15215,B,47,51500.0,1.2,0.263,0,2,0
15216,B,29,56600.0,8.6,0.541,0,4,0
15217,B,37,49600.0,7.4,0.403,1,5,0
15218,A,57,34400.0,7.4,0.228,0,2,0
15219,A,40,78000.0,6.2,0.379,1,3,1
15220,B,33,49300.0,4.7,0.344,1,5,0
15221,A,41,57500.0,2.0,0.213,0,1,0
15222,B,26,22300.0,8.3,0.477,1,5,0
15223,A,38,45200.0,7.5,0.231,0,2,0
15224,A,28,31500.0,10.7,0.303,0,4,0
15225,A,38,31100.0,3.5,0.332,0,3,0
15226,B,53,16700.0,0.8,0.377,0,4,0
15227,A,54,87200.0,23.4,0.214,0,1,0
15228,B,39,25700.0,15.7,0.836,0,4,0
15229,A,37,45100.0,18.1,0.272,0,2,0
15230,A,59,25700.0,17.0,0.196,0,5,0
15231,B,50,30900.0,1.2,0.254,2,4,0
15232,B,53,37800.0,1.8,0.188,1,2,0
15233,A,57,42300.0,10.6,0.44,0,2,0
15234,A,42,34300.0,5.5,0.406,1,4,0
15235,A,37,56700.0,6.1,0.347,0,2,0
15236,B,61,35900.0,2.5,0.247,0,5,0
15237,A,38,26400.0,21.6,0.02,0,1,0
15238,A,35,29300.0,4.7,0.229,0,3,0
15239,A,23,28300.0,9.6,0.218,0,5,0
15240,A,30,22500.0,9.5,0.251,0,1,0
15241,B,46,26000.0,2.6,0.347,0,2,0
15242,A,45,39800.0,10.2,0.155,0,1,0
15243,A,51,32400.0,7.6,0.412,2,1,0
15244,A,41,12700.0,4.9,0.171,1,2,0
15245,A,33,23600.0,5.4,0.317,1,2,0
15246,A,53,58200.0,9.9,0.465,0,2,0
15247,A,47,42800.0,8.9,0.303,0,1,0
15248,A,42,135200.0,13.2,0.146,0,5,0
15249,B,41,21500.0,6.6,0.353,0,4,0
15250,B,68,38700.0,11.4,0.458,1,3,0
15251,B,38,19300.0,3.1,0.377,0,4,1
15252,A,30,63700.0,4.2,0.261,1,2,0
15253,B,21,30500.0,5.0,0.463,0,5,0
15254,A,42,20800.0,21.5,0.554,0,4,0
15255,A,47,69900.0,6.4,0.387,0,3,0
15256,B,49,60000.0,2.3,0.335,0,4,0
15257,A,34,78200.0,17.6,0.328,2,2,0
15258,B,59,40200.0,3.5,0.02,0,4,0
15259,A,55,68000.0,9.3,0.343,0,5,0
15260,A,33,33700.0,4.4,0.218,0,4,0
15261,B,36,26000.0,12.8,0.412,0,4,0
15262,A,35,32400.0,8.1,0.353,0,1,1
15263,A,41,36700.0,1.6,0.097,1,2,0
15264,A,34,53400.0,12.1,0.452,0,3,0
15265,A,60,78300.0,10.7,0.249,0,2,0
15266,A,47,54100.0,6.8,0.258,1,3,1
15267,A,44,40500.0,3.1,0.423,0,3,0
15268,A,34,86300.0,8.6,0.619,0,1,0
15269,A,50,74700.0,5.6,0.166,0,3,0
15270,A,41,69700.0,10.0,0.288,0,2,0
15271,B,29,43200.0,3.5,0.272,0,4,0
15272,A,38,59800.0,1.0,0.225,0,1,0
15273,B,49,13400.0,3.5,0.515,0,3,0
15274,A,46,16800.0,11.6,0.251,0,2,0
15275,A,52,34100.0,7.4,0.3,0,2,0
15276,B,63,30000.0,4.8,0.232,0,4,0
15277,A,60,45800.0,8.6,0.344,0,1,0
15278,B,22,37700.0,7.9,0.153,0,2,0
15279,A,62,32800.0,10.9,0.301,1,2,0
15280,A,26,40700.0,1.9,0.432,1,3,0
15281,A,29,24000.0,7.8,0.218,2,1,0
15282,A,46,33400.0,2.4,0.166,2,1,0
15283,A,51,42200.0,9.9,0.342,2,1,1
15284,A,39,46100.0,12.8,0.254,1,4,0
15285,B,32,40600.0,12.1,0.055,0,4,0
15286,B,38,49800.0,3.3,0.428,0,4,0
15287,A,53,47800.0,4.2,0.41,0,4,0
15288,A,39,49900.0,4.7,0.185,0,5,0
15289,A,46,31400.0,8.5,0.32,1,2,0
15290,A,33,47900.0,7.2,0.325,0,2,0
15291,B,41,17000.0,8.6,0.331,0,3,0
15292,A,57,63800.0,15.1,0.252,0,3,0
15293,A,30,49200.0,4.3,0.148,0,2,0
15294,A,54,36800.0,6.8,0.363,1,2,0
15295,B,39,51100.0,8.9,0.29,0,5,0
15296,A,30,48100.0,5.4,0.311,0,1,0
15297,A,39,51600.0,9.9,0.388,1,1,0
15298,A,28,34700.0,8.8,0.197,1,2,0
15299,A,49,22700.0,8.7,0.461,0,1,1
15300,A,42,27200.0,6.9,0.307,1,2,0
15301,B,42,36500.0,1.7,0.161,0,4,0
15302,A,46,83500.0,10.7,0.303,1,5,0
15303,A,44,34200.0,10.5,0.195,0,4,0
15304,B,58,13300.0,5.2,0.247,1,3,0
15305,B,45,18800.0,7.7,0.673,2,4,1
15306,B,36,13600.0,10.4,0.515,1,4,1
15307,A,24,26800.0,5.1,0.37,1,5,0
15308,A,49,28000.0,14.1,0.292,4,1,0
15309,A,39,34200.0,6.9,0.307,0,1,1
15310,A,50,26000.0,8.7,0.581,1,3,0
15311,A,59,34100.0,1.5,0.222,0,4,0
15312,B,56,26300.0,3.3,0.316,1,3,1
15313,A,46,60400.0,10.8,0.361,0,3,0
15314,A,37,51200.0,9.9,0.207,0,2,0
15315,A,37,32000.0,5.6,0.435,0,3,0
15316,A,34,20100.0,3.2,0.247,0,3,0
15317,A,39,36000.0,10.7,0.128,1,2,0
15318,A,43,37700.0,9.9,0.301,0,2,1
15319,A,37,45100.0,10.9,0.179,1,4,0
15320,A,58,51300.0,8.4,0.39,0,1,0
15321,B,34,30400.0,6.6,0.403,1,2,0
15322,A,32,36100.0,11.4,0.325,0,1,0
15323,A,26,38300.0,9.9,0.348,0,1,0
15324,A,35,36000.0,6.2,0.216,0,4,0
15325,A,21,27900.0,1.0,0.276,1,4,0
15326,B,32,35700.0,14.9,0.237,2,4,0
15327,A,47,20700.0,12.7,0.163,0,2,0
15328,B,31,39700.0,5.1,0.442,1,3,0
15329,B,50,51000.0,1.9,0.265,1,2,0
15330,A,32,58200.0,19.6,0.063,1,3,0
15331,B,55,41000.0,4.9,0.45,1,3,1
15332,A,53,16800.0,12.7,0.208,3,1,0
15333,A,54,107200.0,5.1,0.187,0,2,0
15334,A,22,84000.0,2.9,0.127,2,1,0
15335,A,44,28900.0,10.2,0.357,1,1,0
15336,A,64,41500.0,3.7,0.436,1,4,0
15337,A,35,21000.0,12.0,0.143,0,1,0
15338,A,47,53000.0,12.9,0.289,1,2,0
15339,A,42,39400.0,14.8,0.285,1,5,0
15340,A,55,42300.0,6.6,0.345,0,1,0
15341,A,48,39700.0,7.6,0.337,0,2,0
15342,B,45,53400.0,7.9,0.513,1,5,0
15343,A,43,31000.0,7.5,0.357,1,1,1
15344,A,48,97000.0,7.3,0.506,0,1,0
15345,A,32,36600.0,18.6,0.397,0,1,0
15346,B,56,70600.0,0.7,0.415,0,3,0
15347,A,60,55300.0,9.9,0.039,0,1,0
15348,A,34,31800.0,10.9,0.137,1,1,0
15349,A,29,42600.0,4.2,0.367,1,5,0
15350,B,36,29800.0,0.4,0.285,1,5,1
15351,A,21,52700.0,2.3,0.47,0,1,0
15352,A,21,36600.0,7.3,0.182,1,3,0
15353,A,47,44100.0,13.1,0.352,0,1,0
15354,B,32,32300.0,1.9,0.334,0,2,0
15355,A,21,55100.0,2.6,0.159,0,3,0
15356,B,34,33200.0,5.2,0.575,1,5,1
15357,A,49,25500.0,6.8,0.362,0,1,0
15358,B,30,67000.0,4.1,0.222,1,3,0
15359,B,40,30100.0,3.5,0.177,2,4,1
15360,A,35,15100.0,8.6,0.324,0,1,0
15361,A,42,26700.0,8.1,0.262,0,2,0
15362,A,29,25100.0,5.2,0.202,1,2,0
15363,B,27,26300.0,7.2,0.39,1,3,0
15364,A,26,47400.0,9.1,0.238,0,1,0
15365,B,61,38500.0,0.8,0.377,0,4,0
15366,A,31,60800.0,13.5,0.293,0,4,0
15367,A,38,70600.0,12.1,0.637,1,4,0
15368,A,47,22600.0,6.9,0.199,0,2,0
15369,A,47,34500.0,6.5,0.38,0,3,0
15370,A,43,24500.0,6.7,0.217,0,4,0
15371,A,36,25200.0,9.0,0.316,1,1,0
15372,A,31,34300.0,2.4,0.277,0,2,0
15373,A,31,44900.0,8.8,0.024,1,2,0
15374,B,21,49200.0,1.8,0.236,0,5,0
15375,B,34,44300.0,4.1,0.386,0,4,0
15376,B,44,23100.0,5.5,0.145,0,3,0
15377,A,52,38300.0,10.7,0.15,0,3,0
15378,A,30,69300.0,4.9,0.378,1,1,0
15379,B,51,25800.0,4.0,0.532,0,2,0
15380,A,49,52600.0,5.4,0.045,0,2,0
15381,A,46,51900.0,6.7,0.401,1,3,0
15382,A,38,47500.0,3.5,0.377,0,1,0
15383,B,21,17700.0,4.7,0.375,1,1,1
15384,A,57,17900.0,2.0,0.398,0,5,0
15385,A,39,59500.0,3.1,0.117,0,1,0
15386,A,40,58400.0,8.3,0.215,0,2,0
15387,B,54,50500.0,4.7,0.508,0,3,0
15388,A,57,32700.0,15.3,0.185,0,4,0
15389,B,62,30800.0,5.8,0.304,1,3,1
15390,A,32,86500.0,10.8,0.21,0,2,0
15391,A,42,18700.0,12.3,0.35,0,1,0
15392,A,40,44400.0,14.9,0.299,1,1,0
15393,A,48,35600.0,7.2,0.266,0,3,0
15394,B,47,41700.0,2.6,0.515,2,4,1
15395,A,41,28700.0,3.0,0.388,0,3,1
15396,B,26,19100.0,4.5,0.655,2,4,1
15397,A,25,10600.0,2.7,0.419,0,2,0
15398,B,56,34800.0,10.8,0.342,2,2,0
15399,A,42,52400.0,2.3,0.295,0,3,0
15400,A,48,21300.0,4.8,0.232,1,1,0
15401,B,52,20400.0,4.8,0.388,2,5,0
15402,B,42,44600.0,5.9,0.309,0,3,0
15403,A,38,38300.0,4.3,0.229,0,3,0
15404,A,32,43200.0,5.6,0.094,0,1,0
15405,A,51,49900.0,11.0,0.329,0,3,0
15406,B,37,48300.0,6.9,0.331,0,4,0
15407,A,25,26200.0,12.3,0.07,0,2,0
15408,A,47,91900.0,13.5,0.242,0,1,0
15409,A,38,52300.0,9.0,0.246,0,1,0
15410,A,36,36600.0,4.5,0.646,1,3,1
15411,A,56,38700.0,8.3,0.412,0,5,0
15412,A,31,18400.0,6.7,0.235,0,3,1
15413,A,43,86200.0,23.9,0.41,0,1,0
15414,A,34,56000.0,18.1,0.204,0,2,0
15415,A,38,53800.0,6.1,0.4,1,2,0
15416,A,68,19000.0,5.6,0.434,0,1,0
15417,A,37,23700.0,8.7,0.381,0,2,0
15418,B,48,67200.0,5.4,0.378,0,3,0
15419,A,40,61100.0,11.2,0.145,0,1,0
15420,B,52,12700.0,2.7,0.439,2,3,1
15421,B,42,27400.0,0.7,0.493,0,3,0
15422,B,44,41800.0,1.9,0.244,0,1,1
15423,A,32,45500.0,8.5,0.52,1,1,0
15424,A,38,22100.0,9.6,0.286,0,5,0
15425,B,24,41400.0,9.0,0.381,2,2,0
15426,B,50,45200.0,4.6,0.496,0,2,0
15427,A,56,62900.0,7.2,0.289,0,1,0
15428,A,39,50500.0,5.7,0.222,0,2,0
15429,B,31,35300.0,0.8,0.324,0,3,0
15430,A,38,78600.0,5.9,0.39,0,1,0
15431,A,22,32300.0,15.2,0.223,0,1,0
15432,B,45,9300.0,8.9,0.117,0,2,0
15433,A,50,53300.0,17.5,0.322,0,4,0
15434,A,44,30200.0,16.1,0.402,0,1,0
15435,A,62,80400.0,4.7,0.259,2,2,0
15436,A,55,19100.0,17.6,0.306,0,1,0
15437,A,52,39300.0,8.2,0.423,0,2,0
15438,A,21,30700.0,23.1,0.042,0,3,0
15439,B,39,31200.0,10.4,0.401,0,5,0
15440,A,40,45300.0,5.0,0.163,1,1,0
15441,B,44,52100.0,3.8,0.445,1,3,0
15442,B,41,26300.0,4.0,0.253,0,4,0
15443,A,55,25400.0,16.5,0.276,0,2,0
15444,A,50,111300.0,4.7,0.374,0,4,0
15445,A,29,25600.0,4.8,0.189,2,2,1
15446,B,49,56000.0,12.5,0.353,0,2,1
15447,A,50,61300.0,16.8,0.27,0,1,0
15448,A,56,28100.0,7.9,0.334,0,3,0
15449,A,58,44200.0,5.2,0.311,0,2,0
15450,B,21,30700.0,4.1,0.409,0,5,0
15451,A,27,45700.0,9.2,0.232,0,3,0
15452,A,42,47000.0,14.0,0.148,1,3,0
15453,A,43,65900.0,9.6,0.423,0,2,1
15454,B,49,17100.0,4.9,0.487,0,4,0
15455,B,34,42300.0,4.3,0.415,2,1,0
15456,A,46,34100.0,7.0,0.48,0,3,0
15457,B,61,27500.0,2.8,0.268,1,4,0
15458,B,29,21900.0,8.6,0.45,0,2,1
15459,A,47,22000.0,5.4,0.294,0,1,0
15460,A,48,35600.0,14.3,0.362,1,1,0
15461,B,38,14800.0,7.8,0.323,0,3,0
15462,A,27,31300.0,7.4,0.324,1,2,0
15463,A,59,20900.0,15.0,0.321,1,3,0
15464,A,58,26200.0,5.6,0.301,0,1,0
15465,A,48,30700.0,12.9,0.426,1,2,0
15466,A,57,46800.0,4.9,0.262,0,2,0
15467,A,32,32700.0,12.8,0.589,1,3,0
15468,A,29,51700.0,3.3,0.309,0,2,0
15469,A,57,45700.0,5.3,0.322,1,1,0
15470,B,38,31200.0,2.3,0.294,0,4,0
15471,B,21,31300.0,3.5,0.455,0,4,0
15472,B,47,41100.0,6.1,0.5,1,4,0
15473,A,38,38800.0,1.4,0.159,0,2,0
15474,A,64,27200.0,9.8,0.207,0,5,0
15475,A,48,18700.0,9.1,0.347,0,1,0
15476,A,59,71700.0,11.4,0.466,0,2,0
15477,A,45,21400.0,8.4,0.391,0,5,0
15478,A,43,73800.0,13.4,0.309,0,4,0
15479,B,45,70200.0,18.1,0.306,0,3,0
15480,A,36,35500.0,4.0,0.334,0,1,0
15481,B,37,54500.0,5.7,0.585,1,3,1
15482,A,55,87400.0,5.6,0.298,0,4,0
15483,A,26,56600.0,8.4,0.13,1,4,0
15484,A,35,33900.0,14.4,0.233,0,1,0
15485,A,28,20000.0,11.0,0.029,1,2,0
15486,A,21,24100.0,10.3,0.414,0,2,0
15487,A,24,47500.0,4.0,0.209,1,5,0
15488,B,21,29500.0,1.3,0.34,0,4,0
15489,A,48,80200.0,7.3,0.307,0,2,0
15490,A,23,34100.0,23.6,0.317,1,2,0
15491,B,40,17700.0,1.6,0.473,0,4,0
15492,A,39,15300.0,5.4,0.365,0,3,0
15493,B,21,43500.0,4.9,0.324,0,4,0
15494,B,40,18600.0,2.0,0.443,0,3,1
15495,A,45,75100.0,5.8,0.18,0,2,0
15496,A,32,21700.0,18.2,0.122,1,2,0
15497,A,36,17300.0,7.1,0.299,0,2,0
15498,A,40,46100.0,4.5,0.443,0,5,0
15499,A,47,31700.0,7.2,0.25,0,1,0
15500,A,40,56000.0,8.5,0.365,0,4,0
15501,B,53,41500.0,7.7,0.407,2,3,1
15502,A,36,50600.0,7.7,0.355,0,3,0
15503,A,35,24100.0,13.4,0.495,0,2,0
15504,A,46,28700.0,4.5,0.071,0,2,0
15505,A,41,24100.0,5.9,0.398,0,3,0
15506,A,23,57600.0,9.2,0.247,0,3,0
15507,A,43,39600.0,11.8,0.2,2,2,0
15508,B,29,29400.0,4.9,0.207,1,5,0
15509,A,24,22300.0,12.4,0.291,1,2,0
15510,A,32,66000.0,6.9,0.422,2,3,0
15511,A,25,20600.0,11.6,0.265,0,4,0
15512,A,53,15900.0,11.7,0.124,0,1,0
15513,B,50,50500.0,7.8,0.319,0,3,0
15514,A,53,36500.0,21.4,0.573,1,2,0
15515,A,29,16200.0,9.8,0.171,1,1,0
15516,A,41,54100.0,8.5,0.426,0,3,0
15517,A,23,43100.0,10.8,0.392,1,3,0
15518,A,53,52500.0,20.8,0.518,0,2,0
15519,A,25,21300.0,20.1,0.062,1,4,0
15520,B,43,27100.0,4.4,0.347,1,3,0
15521,A,53,37000.0,14.9,0.023,1,2,0
15522,A,45,30600.0,8.9,0.353,0,2,0
15523,B,33,20000.0,3.2,0.633,0,3,1
15524,A,44,60400.0,7.2,0.346,0,1,0
15525,B,42,33500.0,2.2,0.596,1,4,1
15526,B,25,41500.0,9.0,0.512,1,3,0
15527,A,66,43700.0,10.3,0.452,1,1,1
15528,A,28,28700.0,6.7,0.02,0,5,0
15529,A,49,46000.0,23.9,0.099,0,3,0
15530,A,36,47300.0,14.8,0.303,0,1,0
15531,A,37,28500.0,6.1,0.209,2,3,1
15532,A,33,45200.0,13.0,0.396,0,2,0
15533,B,39,43700.0,19.3,0.411,0,4,0
15534,A,42,35200.0,10.7,0.494,0,1,0
15535,A,25,75100.0,5.0,0.2,0,2,0
15536,A,28,28300.0,5.3,0.423,0,1,1
15537,A,30,24700.0,5.1,0.703,0,3,1
15538,A,37,35900.0,8.6,0.173,2,1,0
15539,B,47,48700.0,15.7,0.178,0,3,0
15540,A,45,32000.0,16.3,0.194,0,5,0
15541,B,45,39600.0,4.3,0.244,1,1,0
15542,A,34,23300.0,14.1,0.482,0,5,1
15543,A,36,77300.0,5.3,0.415,0,5,0
15544,A,37,35300.0,5.9,0.02,1,3,0
15545,A,32,77800.0,7.6,0.462,0,3,0
15546,B,39,56900.0,5.7,0.316,1,4,0
15547,B,36,36100.0,0.3,0.512,0,3,0
15548,A,44,25900.0,3.6,0.161,0,3,0
15549,A,46,18200.0,11.4,0.41,1,3,0
15550,A,46,23600.0,7.9,0.127,0,1,0
15551,A,41,69000.0,18.8,0.427,1,2,0
15552,B,26,31200.0,3.2,0.273,0,2,0
15553,B,52,25000.0,7.1,0.34,0,1,0
15554,A,57,37700.0,4.9,0.326,1,4,0
15555,A,41,34300.0,15.5,0.159,1,2,0
15556,A,21,35000.0,9.8,0.215,1,1,0
15557,A,51,73700.0,8.8,0.315,0,1,0
15558,B,65,48000.0,3.5,0.242,2,4,0
15559,A,43,25800.0,7.3,0.16,0,3,0
15560,A,50,51900.0,14.3,0.617,0,1,0
15561,B,56,73200.0,3.9,0.369,1,4,1
15562,B,22,36300.0,10.6,0.468,0,5,0
15563,A,55,34600.0,9.4,0.449,0,4,1
15564,A,51,50900.0,19.3,0.243,0,2,0
15565,A,27,45400.0,7.1,0.33,0,2,0
15566,A,21,28700.0,13.1,0.165,1,2,0
15567,A,41,34700.0,16.6,0.351,0,3,0
15568,A,33,48600.0,10.5,0.331,0,2,0
15569,B,53,52100.0,9.3,0.349,0,3,0
15570,A,48,40800.0,13.8,0.366,0,4,0
15571,A,37,83200.0,9.4,0.189,0,2,0
15572,A,33,80400.0,12.7,0.321,1,1,0
15573,A,28,32000.0,4.5,0.394,1,1,0
15574,A,42,56000.0,8.1,0.199,0,4,0
15575,B,39,39200.0,2.8,0.119,1,5,0
15576,A,30,28800.0,16.3,0.389,1,4,0
15577,B,27,25400.0,10.1,0.516,0,3,0
15578,A,27,29000.0,5.9,0.316,0,2,0
15579,A,40,15100.0,5.3,0.213,1,1,0
15580,A,21,38200.0,9.2,0.17,3,1,0
15581,B,55,15800.0,0.9,0.334,1,1,1
15582,A,41,27500.0,4.5,0.076,2,1,0
15583,A,37,26500.0,2.1,0.275,1,1,0
15584,A,33,28200.0,13.6,0.205,0,1,0
15585,A,58,67300.0,2.4,0.331,0,2,0
15586,A,21,44800.0,9.6,0.277,1,1,0
15587,A,38,34500.0,4.7,0.332,0,2,1
15588,A,45,34300.0,5.4,0.406,0,5,0
15589,A,21,30700.0,5.6,0.349,1,2,0
15590,A,55,36400.0,7.0,0.231,0,1,0
15591,A,49,35800.0,9.6,0.316,0,2,1
15592,A,23,99900.0,7.0,0.387,0,2,0
15593,A,28,64800.0,9.2,0.433,2,2,0
15594,B,49,46900.0,2.0,0.262,0,4,0
15595,A,31,23500.0,4.0,0.411,1,1,0
15596,A,42,72600.0,9.0,0.456,0,1,0
15597,A,36,20600.0,1.9,0.371,0,5,0
15598,A,45,42800.0,12.3,0.325,0,4,0
15599,B,42,68900.0,10.8,0.396,1,4,0
15600,A,30,19700.0,5.1,0.294,0,1,0
15601,A,23,22100.0,2.6,0.261,0,3,0
15602,A,46,43300.0,4.1,0.388,1,2,0
15603,B,53,42800.0,5.4,0.347,1,5,0
15604,A,40,29500.0,7.4,0.242,0,2,0
15605,B,70,20600.0,5.7,0.47,0,3,1
15606,A,50,42300.0,21.3,0.383,0,1,0
15607,A,34,40000.0,12.5,0.304,0,1,0
15608,A,30,54900.0,5.4,0.334,0,2,0
15609,A,40,46900.0,7.7,0.328,2,1,0
15610,A,37,50200.0,13.0,0.437,1,1,1
15611,A,49,55700.0,1.4,0.198,0,3,0
15612,A,39,41300.0,5.2,0.133,0,3,0
15613,A,36,37500.0,10.2,0.473,1,5,0
15614,A,54,46100.0,3.3,0.329,0,4,0
15615,A,26,47800.0,2.3,0.37,0,2,0
15616,A,33,46200.0,11.8,0.222,0,1,0
15617,A,41,25800.0,6.7,0.111,0,3,0
15618,A,21,22900.0,9.0,0.235,0,1,0
15619,A,34,30500.0,6.6,0.348,0,2,1
15620,B,40,48400.0,2.1,0.459,1,3,0
15621,A,31,46900.0,4.8,0.315,0,4,0
15622,A,38,20000.0,5.7,0.169,0,1,0
15623,A,51,42100.0,16.5,0.369,0,3,0
15624,A,33,45800.0,4.6,0.341,1,3,0
15625,A,43,23000.0,22.1,0.223,1,1,0
15626,A,38,60400.0,4.5,0.395,0,4,1
15627,A,39,83400.0,6.8,0.461,0,3,0
15628,A,34,40500.0,13.5,0.368,2,4,0
15629,A,30,41300.0,12.7,0.387,0,3,0
15630,A,48,32100.0,11.9,0.326,1,3,0
15631,A,38,60400.0,9.0,0.498,0,2,0
15632,A,43,43800.0,11.9,0.252,0,2,0
15633,A,39,43100.0,7.2,0.415,0,1,0
15634,A,53,49500.0,9.2,0.303,0,1,0
15635,A,55,37000.0,12.9,0.589,1,1,0
15636,A,33,21000.0,4.1,0.085,0,2,0
15637,B,56,18800.0,8.3,0.295,2,4,1
15638,B,41,40200.0,2.9,0.613,2,4,1
15639,A,30,38600.0,8.2,0.265,0,2,0
15640,A,51,66500.0,6.9,0.534,0,4,1
15641,A,39,32800.0,5.0,0.02,0,3,0
15642,A,36,26900.0,27.7,0.02,0,4,0
15643,B,45,26600.0,13.9,0.193,1,4,0
15644,A,40,31000.0,7.5,0.416,2,3,1
15645,A,38,40300.0,10.0,0.431,1,1,0
15646,A,38,47500.0,18.1,0.489,0,3,0
15647,B,21,48500.0,2.6,0.415,0,1,0
15648,A,35,26300.0,4.2,0.217,0,3,1
15649,B,46,37100.0,6.5,0.473,1,2,0
15650,A,29,52100.0,8.5,0.3,0,2,0
15651,A,50,40400.0,12.3,0.374,0,1,0
15652,A,49,33200.0,11.6,0.219,0,1,0
15653,A,24,44200.0,17.1,0.623,0,3,0
15654,A,47,22900.0,5.7,0.403,0,5,0
15655,B,58,42100.0,4.8,0.581,0,4,0
15656,A,33,43500.0,2.4,0.296,0,3,0
15657,A,69,74600.0,11.4,0.548,0,3,0
15658,A,40,51500.0,6.0,0.238,0,3,0
15659,A,49,63500.0,8.6,0.335,0,1,0
15660,B,23,32800.0,3.8,0.254,2,5,1
15661,B,29,45000.0,8.4,0.35,0,3,0
15662,A,44,46300.0,7.0,0.318,0,4,0
15663,B,45,15500.0,2.7,0.466,0,4,0
15664,A,43,25700.0,12.4,0.159,0,2,0
15665,A,25,37200.0,13.3,0.325,0,4,0
15666,B,39,26100.0,5.4,0.506,0,3,0
15667,A,55,48000.0,10.8,0.461,0,4,0
15668,A,31,42400.0,6.2,0.338,0,2,0
15669,B,41,32000.0,6.8,0.132,0,5,0
15670,B,36,25900.0,3.3,0.327,2,5,1
15671,A,23,25100.0,6.1,0.351,0,1,0
15672,A,27,24500.0,4.5,0.066,0,2,0
15673,A,36,61000.0,3.4,0.313,0,2,0
15674,A,41,155500.0,17.2,0.261,0,3,0
15675,A,28,34600.0,8.1,0.157,0,4,0
15676,B,51,42300.0,2.7,0.652,0,4,1
15677,A,54,20600.0,13.8,0.336,0,1,0
15678,A,33,40400.0,15.7,0.269,1,2,0
15679,A,47,64400.0,7.9,0.271,0,5,0
15680,B,35,29600.0,5.3,0.02,0,5,0
15681,A,59,21600.0,9.0,0.392,1,2,0
15682,A,21,33400.0,11.9,0.074,1,2,0
15683,B,28,33300.0,4.9,0.528,1,4,0
15684,A,43,35300.0,4.9,0.02,1,4,0
15685,A,35,14800.0,20.3,0.183,1,4,0
15686,A,43,39200.0,9.7,0.02,0,1,0
15687,B,44,49700.0,1.6,0.436,0,5,1
15688,A,51,26500.0,10.5,0.02,0,2,0
15689,A,43,32000.0,10.2,0.642,0,1,1
15690,B,34,36600.0,4.3,0.425,1,5,0
15691,A,34,79800.0,10.8,0.032,2,1,0
15692,B,56,24300.0,0.8,0.211,0,4,0
15693,A,49,34400.0,2.8,0.144,1,3,0
15694,A,45,23200.0,5.8,0.238,0,2,0
15695,A,21,19300.0,6.7,0.312,0,4,0
15696,A,33,36300.0,6.6,0.187,0,1,0
15697,A,27,36500.0,10.9,0.352,0,2,0
15698,A,27,52700.0,20.7,0.377,0,1,0
15699,A,49,63600.0,3.6,0.186,0,1,0
15700,A,40,33900.0,4.4,0.415,0,2,0
15701,A,44,34800.0,11.7,0.242,1,3,0
15702,A,43,36200.0,24.0,0.225,0,2,0
15703,B,52,40500.0,5.4,0.425,0,4,0
15704,B,42,18600.0,0.5,0.479,0,4,0
15705,A,51,39300.0,9.3,0.377,0,4,0
15706,A,39,48100.0,7.3,0.131,0,3,0
15707,A,47,34800.0,22.0,0.263,0,2,0
15708,B,42,29800.0,9.3,0.35,0,5,0
15709,A,47,25500.0,6.1,0.166,0,1,0
15710,B,29,57300.0,5.6,0.4,0,4,0
15711,B,41,22700.0,5.1,0.304,0,3,0
15712,B,60,27200.0,6.7,0.233,2,3,1
15713,A,40,25700.0,16.8,0.341,0,1,0
15714,A,48,22300.0,12.2,0.471,1,4,0
15715,A,36,29100.0,14.3,0.346,2,2,0
15716,A,53,72800.0,9.6,0.173,0,1,0
15717,B,36,29800.0,8.4,0.248,0,4,0
15718,A,37,36800.0,14.6,0.468,0,1,0
15719,A,57,120200.0,9.4,0.376,0,1,0
15720,A,65,35400.0,8.2,0.238,0,1,0
15721,A,41,17400.0,17.9,0.527,1,1,0
15722,A,48,34100.0,12.0,0.263,0,1,0
15723,B,41,45700.0,8.3,0.529,3,3,1
15724,A,46,37400.0,12.3,0.167,0,3,0
15725,B,51,28900.0,2.9,0.538,0,3,0
15726,A,41,41000.0,9.5,0.436,0,3,0
15727,B,26,29100.0,8.1,0.318,0,1,0
15728,A,45,41700.0,21.6,0.285,0,1,0
15729,A,34,13600.0,21.1,0.337,0,5,0
15730,B,49,18300.0,6.4,0.163,2,3,0
15731,A,40,21400.0,2.6,0.495,0,3,1
15732,B,42,43600.0,6.0,0.431,0,4,0
15733,A,36,68900.0,5.7,0.313,0,4,0
15734,A,27,46900.0,5.7,0.254,0,1,0
15735,A,25,65000.0,10.2,0.365,1,1,0
15736,A,46,41800.0,16.2,0.276,0,2,0
15737,A,24,41300.0,2.3,0.292,0,3,0
15738,A,49,40600.0,4.5,0.397,3,2,1
15739,A,41,51400.0,6.3,0.318,0,2,0
15740,B,49,30900.0,5.0,0.067,0,5,0
15741,A,47,25500.0,17.5,0.254,0,3,0
15742,B,47,40400.0,14.1,0.335,0,4,0
15743,A,21,41600.0,3.8,0.181,0,2,0
15744,A,23,37300.0,10.0,0.275,0,1,0
15745,A,24,64500.0,2.7,0.184,0,3,0
15746,B,42,19000.0,4.0,0.456,0,4,0
15747,B,43,59200.0,2.7,0.43,1,2,0
15748,A,38,38500.0,20.3,0.512,1,1,0
15749,B,47,24200.0,2.9,0.383,1,4,1
15750,A,39,34100.0,4.6,0.204,1,4,1
15751,A,70,19600.0,12.3,0.165,0,1,0
15752,A,28,29000.0,11.0,0.251,2,2,0
15753,B,37,17000.0,2.5,0.238,0,4,1
15754,B,32,43500.0,0.9,0.435,0,5,1
15755,A,30,59000.0,13.7,0.343,0,1,0
15756,A,43,15700.0,30.0,0.618,0,3,0
15757,B,41,35300.0,2.9,0.43,0,4,1
15758,A,46,60200.0,3.7,0.187,0,3,0
15759,B,62,22100.0,3.7,0.375,0,3,0
15760,B,62,49900.0,0.9,0.416,0,3,0
15761,B,53,67000.0,6.2,0.336,0,4,0
15762,B,23,57000.0,9.5,0.2,1,3,0
15763,A,39,40700.0,6.7,0.502,0,4,0
15764,A,47,33000.0,16.2,0.169,0,1,0
15765,A,46,28400.0,11.0,0.047,0,5,0
15766,A,26,41400.0,10.6,0.198,0,5,0
15767,A,40,43200.0,8.2,0.43,0,1,0
15768,A,43,27600.0,7.2,0.451,0,3,0
15769,B,45,12400.0,1.3,0.143,0,4,0
15770,B,54,14300.0,3.1,0.367,2,4,1
15771,A,75,22000.0,7.8,0.255,0,2,0
15772,B,62,23500.0,5.8,0.312,0,2,0
15773,B,21,52100.0,3.5,0.476,2,5,0
15774,A,55,49600.0,17.8,0.02,0,3,0
15775,A,45,72900.0,5.6,0.314,0,2,0
15776,B,34,72600.0,7.9,0.273,1,2,0
15777,B,30,56700.0,2.1,0.524,0,5,0
15778,A,35,27900.0,12.5,0.299,0,1,0
15779,A,36,31700.0,7.3,0.262,1,1,0
15780,B,26,22100.0,4.1,0.41,0,5,0
15781,B,57,32700.0,10.8,0.189,1,5,0
15782,A,48,25600.0,10.7,0.272,0,1,0
15783,B,36,29200.0,7.6,0.305,0,5,0
15784,A,47,18400.0,15.4,0.368,0,2,0
15785,A,33,17800.0,6.7,0.596,0,5,0
15786,B,52,40900.0,1.9,0.288,0,5,0
15787,A,44,32600.0,7.8,0.328,0,3,0
15788,A,37,63200.0,6.9,0.36,1,3,0
15789,A,33,27000.0,8.6,0.567,0,5,1
15790,B,23,30700.0,1.4,0.248,1,5,1
15791,A,43,34800.0,8.5,0.392,0,1,0
15792,A,28,30700.0,13.8,0.172,0,1,0
15793,A,46,19600.0,5.1,0.378,1,4,0
15794,B,29,19300.0,3.6,0.301,1,5,1
15795,A,54,31100.0,6.1,0.245,0,1,0
15796,B,57,31800.0,6.9,0.374,0,1,0
15797,A,36,37900.0,11.1,0.594,0,4,0
15798,A,53,56800.0,18.6,0.23,0,3,0
15799,B,37,34000.0,4.7,0.367,1,4,0
15800,A,21,35200.0,3.8,0.374,0,1,0
15801,B,31,59000.0,2.9,0.292,0,4,0
15802,A,35,33700.0,25.0,0.313,0,1,0
15803,B,58,33900.0,5.4,0.439,0,3,0
15804,A,43,48600.0,10.7,0.267,1,2,0
15805,B,24,15600.0,9.4,0.306,1,3,0
15806,A,57,33100.0,5.4,0.488,0,1,1
15807,B,56,18000.0,2.8,0.36,0,5,0
15808,A,49,21600.0,13.2,0.282,0,5,0
15809,A,36,36800.0,4.6,0.322,0,5,0
15810,B,43,23300.0,3.0,0.295,1,3,1
15811,A,34,59600.0,12.9,0.318,0,3,0
15812,B,29,15900.0,3.6,0.329,1,4,0
15813,A,42,48800.0,16.7,0.268,0,2,0
15814,A,46,48600.0,17.0,0.264,1,2,0
15815,A,27,23700.0,7.1,0.422,1,2,0
15816,B,21,21500.0,2.8,0.38,0,3,1
15817,A,39,23400.0,6.0,0.483,0,4,0
15818,B,57,27600.0,1.3,0.379,0,3,1
15819,B,41,20700.0,4.4,0.629,1,5,1
15820,A,33,12000.0,2.9,0.12,0,2,0
15821,A,67,45000.0,8.2,0.454,0,5,0
15822,A,53,23500.0,27.4,0.198,0,2,0
15823,A,45,48900.0,11.7,0.344,0,2,0
15824,A,47,20000.0,3.3,0.348,0,2,0
15825,A,38,46800.0,10.8,0.224,0,2,0
15826,A,53,52600.0,2.0,0.165,2,3,0
15827,A,36,36000.0,12.6,0.149,1,2,0
15828,B,32,29800.0,1.9,0.467,1,5,1
15829,A,35,20400.0,8.4,0.134,0,2,0
15830,A,59,32700.0,10.7,0.52,0,2,0
15831,B,45,42500.0,1.6,0.412,0,3,0
15832,A,43,37100.0,8.9,0.021,0,2,1
15833,B,42,28200.0,8.9,0.512,0,5,0
15834,B,48,44000.0,4.2,0.14,2,1,0
15835,A,21,21500.0,7.5,0.369,1,1,1
15836,B,36,37000.0,7.8,0.345,0,5,0
15837,A,31,28200.0,16.8,0.298,0,2,0
15838,A,49,44000.0,7.5,0.337,0,1,0
15839,B,42,43800.0,3.2,0.377,0,4,0
15840,B,42,23400.0,4.4,0.469,0,4,0
15841,B,32,43700.0,6.8,0.311,0,2,0
15842,A,51,60500.0,3.8,0.32,0,1,0
15843,A,24,36400.0,8.2,0.217,0,4,0
15844,B,35,39600.0,3.6,0.582,0,5,0
15845,A,37,34300.0,13.0,0.466,0,2,0
15846,A,21,20200.0,5.8,0.194,0,1,0
15847,A,53,74200.0,4.3,0.033,0,3,0
15848,A,47,33300.0,6.3,0.244,1,4,0
15849,A,40,38900.0,17.4,0.131,0,2,0
15850,B,46,22400.0,2.8,0.378,2,5,1
15851,B,33,44800.0,7.2,0.535,0,3,1
15852,A,46,34700.0,8.9,0.301,1,3,0
15853,A,36,61000.0,6.8,0.228,0,3,0
15854,B,45,14000.0,8.3,0.215,0,5,0
15855,A,42,49100.0,7.8,0.555,0,3,0
15856,A,39,56400.0,7.3,0.02,1,1,0
15857,A,25,39700.0,3.4,0.284,0,1,0
15858,A,59,54400.0,8.2,0.384,0,3,0
15859,B,61,38400.0,1.1,0.422,1,5,1
15860,A,42,43500.0,7.5,0.287,0,2,0
15861,A,69,48100.0,18.1,0.299,2,2,0
15862,A,27,84000.0,11.1,0.182,1,3,0
15863,B,49,34300.0,16.1,0.374,0,5,0
15864,A,28,39300.0,28.3,0.401,0,2,0
15865,B,59,22100.0,3.5,0.235,1,5,0
15866,A,45,23900.0,9.3,0.239,0,1,0
15867,A,49,59200.0,5.8,0.483,2,4,1
15868,A,42,17900.0,4.4,0.319,0,1,0
15869,A,46,51100.0,2.3,0.187,0,2,0
15870,A,34,34900.0,8.4,0.341,0,3,0
15871,A,37,30700.0,5.5,0.276,0,2,0
15872,A,21,28400.0,6.0,0.398,0,2,0
15873,A,28,40200.0,6.3,0.251,2,3,0
15874,A,30,42600.0,2.3,0.106,0,1,0
15875,A,59,53400.0,10.5,0.318,1,2,0
15876,A,21,41400.0,8.5,0.343,0,5,0
15877,A,42,32400.0,11.2,0.217,1,2,0
15878,A,64,23200.0,6.8,0.135,0,1,0
15879,A,38,30100.0,5.6,0.458,1,3,0
15880,A,36,39200.0,14.3,0.312,0,1,1
15881,A,45,42800.0,4.2,0.357,1,4,0
15882,B,50,40000.0,6.4,0.296,0,4,0
15883,B,37,27700.0,2.1,0.629,0,4,1
15884,B,36,41800.0,1.7,0.265,0,1,0
15885,A,54,20300.0,19.7,0.477,1,3,0
15886,A,41,20300.0,4.4,0.4,0,2,0
15887,A,47,45000.0,11.0,0.117,0,2,0
15888,A,49,38900.0,4.9,0.352,0,3,0
15889,A,27,26400.0,16.3,0.405,0,4,0
15890,A,36,39900.0,9.7,0.203,1,1,0
15891,A,31,55500.0,14.4,0.371,1,1,0
15892,B,21,32700.0,6.1,0.513,0,4,1
15893,B,44,31000.0,7.8,0.315,0,3,0
15894,A,68,23900.0,8.0,0.217,0,4,0
15895,A,39,43700.0,5.2,0.167,0,1,0
15896,A,35,24700.0,15.0,0.466,1,3,0
15897,A,52,45100.0,7.5,0.421,0,4,0
15898,A,59,51000.0,4.9,0.57,0,3,0
15899,A,50,49300.0,5.8,0.298,0,2,0
15900,B,48,23900.0,8.1,0.348,0,5,1
15901,A,42,57900.0,7.9,0.422,0,1,1
15902,A,25,30900.0,8.7,0.268,1,5,0
15903,A,39,23800.0,3.3,0.319,0,2,1
15904,A,40,35100.0,5.6,0.331,2,3,0
15905,B,40,25500.0,7.6,0.211,1,1,1
15906,A,26,20400.0,9.3,0.353,0,3,0
15907,A,41,38500.0,5.8,0.392,0,4,0
15908,A,32,39800.0,15.2,0.577,0,3,0
15909,A,27,31400.0,5.5,0.277,0,1,0
15910,A,37,23100.0,14.9,0.516,0,3,0
15911,A,35,11400.0,21.9,0.327,0,1,1
15912,A,21,35800.0,12.9,0.369,0,1,0
15913,A,60,25200.0,6.5,0.167,0,4,0
15914,A,47,37400.0,8.4,0.317,1,1,0
15915,B,44,27400.0,4.1,0.429,1,5,0
15916,A,50,79200.0,7.9,0.201,0,2,0
15917,A,44,33700.0,12.5,0.394,1,1,0
15918,A,52,53600.0,3.6,0.216,0,5,0
15919,B,33,21900.0,2.3,0.448,0,5,1
15920,A,28,43500.0,3.7,0.452,0,2,0
15921,A,46,83300.0,3.8,0.29,1,4,0
15922,B,21,29900.0,2.2,0.432,0,5,0
15923,A,31,21100.0,11.9,0.247,0,4,0
15924,A,25,32900.0,13.3,0.43,0,3,0
15925,A,21,33200.0,9.4,0.256,0,3,0
15926,B,40,85500.0,2.2,0.112,0,4,0
15927,A,56,59200.0,17.0,0.466,0,3,0
15928,B,35,28600.0,5.7,0.188,0,4,0
15929,A,52,44800.0,7.9,0.234,2,2,0
15930,A,51,40900.0,5.9,0.301,0,4,0
15931,A,57,37800.0,5.8,0.252,1,3,0
15932,B,26,21000.0,1.2,0.28,0,1,1
15933,A,46,46700.0,5.0,0.405,0,3,0
15934,B,45,9100.0,4.3,0.46,0,3,0
15935,B,71,26300.0,6.6,0.339,1,2,0
15936,A,60,20900.0,13.5,0.326,1,4,0
15937,A,25,68300.0,6.7,0.318,0,3,0
15938,A,37,54100.0,6.1,0.178,0,1,0
15939,B,26,35600.0,3.4,0.572,0,2,1
15940,A,23,31000.0,4.1,0.373,0,4,0
15941,A,47,38900.0,7.9,0.324,1,4,0
15942,A,48,21800.0,11.3,0.425,0,5,1
15943,A,33,37800.0,10.4,0.51,1,5,0
15944,A,45,59600.0,5.7,0.429,0,4,0
15945,B,59,70700.0,4.4,0.377,1,4,0
15946,A,49,41100.0,4.5,0.162,0,1,0
15947,A,39,74500.0,2.0,0.46,1,5,0
15948,A,21,14000.0,12.4,0.377,1,3,0
15949,A,35,41000.0,7.1,0.469,0,1,0
15950,A,22,61600.0,0.6,0.261,0,4,0
15951,A,44,18900.0,14.5,0.29,1,5,0
15952,A,21,18900.0,6.1,0.144,0,2,0
15953,A,46,15900.0,6.1,0.309,0,2,0
15954,A,31,49400.0,8.1,0.412,1,1,1
15955,A,27,67100.0,7.5,0.348,0,1,0
15956,A,44,58900.0,11.0,0.497,0,5,0
15957,A,38,73300.0,18.6,0.426,0,1,0
15958,A,55,20600.0,15.3,0.368,1,1,0
15959,A,29,41600.0,5.0,0.327,0,3,0
15960,A,38,30700.0,3.4,0.321,0,2,0
15961,A,32,30800.0,7.2,0.567,0,3,0
15962,A,31,48100.0,5.2,0.363,0,1,0
15963,A,47,35000.0,11.3,0.373,1,1,1
15964,B,23,57000.0,10.8,0.247,0,5,0
15965,B,41,27700.0,2.4,0.469,0,2,0
15966,A,61,38900.0,5.1,0.181,1,1,0
15967,B,53,77100.0,4.5,0.433,1,1,0
15968,A,31,35000.0,8.9,0.229,0,4,0
15969,A,27,35000.0,6.3,0.139,0,5,0
15970,A,29,37700.0,9.2,0.175,0,2,0
15971,A,48,35500.0,11.8,0.547,0,2,0
15972,A,21,23100.0,10.0,0.279,0,2,0
15973,A,47,28400.0,3.7,0.453,1,3,1
15974,B,45,33100.0,2.6,0.286,0,4,0
15975,A,56,29100.0,10.5,0.151,0,1,0
15976,A,47,37500.0,3.5,0.368,0,2,0
15977,B,27,21500.0,10.6,0.376,0,5,1
15978,A,49,41000.0,9.8,0.12,0,2,0
15979,B,27,37400.0,3.4,0.575,1,4,1
15980,A,48,65500.0,18.4,0.201,1,4,0
15981,B,64,34800.0,4.3,0.524,0,1,0
15982,A,32,27900.0,8.4,0.463,0,2,0
15983,A,44,70800.0,2.6,0.319,0,2,0
15984,A,59,89300.0,8.0,0.132,0,3,0
15985,A,45,33400.0,13.3,0.411,0,2,0
15986,A,32,17200.0,4.6,0.446,0,1,0
15987,A,44,31700.0,9.0,0.2,1,1,0
15988,B,53,36100.0,6.1,0.355,1,2,0
15989,B,52,36800.0,0.2,0.338,0,4,0
15990,A,44,50800.0,12.1,0.077,1,2,0
15991,B,44,39200.0,2.5,0.586,1,1,1
15992,A,39,28800.0,9.9,0.226,1,3,0
15993,A,46,100300.0,3.9,0.19,1,4,0
15994,A,41,21200.0,4.3,0.302,0,2,1
15995,B,42,29900.0,0.8,0.342,3,3,1
15996,B,59,25400.0,5.0,0.397,0,5,0
15997,A,31,63300.0,5.0,0.595,0,2,1
15998,B,43,27100.0,5.5,0.215,0,4,0
15999,A,48,42200.0,8.1,0.406,0,1,0
16000,B,27,40300.0,2.5,0.55,0,4,0
16001,A,42,36500.0,18.2,0.175,0,4,0
16002,A,49,60200.0,14.7,0.314,0,3,0
16003,A,58,66600.0,8.9,0.387,1,1,0
16004,A,21,30900.0,13.5,0.344,1,3,0
16005,B,24,22900.0,3.7,0.327,0,5,0
16006,A,56,44500.0,3.3,0.07,3,3,0
16007,A,43,58200.0,4.4,0.269,0,3,0
16008,B,50,30400.0,1.4,0.43,0,1,0
16009,A,36,38800.0,17.6,0.257,0,3,0
16010,B,23,29600.0,0.7,0.437,1,5,0
16011,B,41,20900.0,1.1,0.229,2,4,0
16012,B,34,47300.0,4.2,0.416,0,4,0
16013,A,46,57000.0,5.6,0.298,0,2,0
16014,A,46,40900.0,7.4,0.349,1,3,0
16015,A,51,113900.0,23.3,0.247,1,3,0
16016,A,34,61500.0,6.5,0.24,0,1,0
16017,A,36,41800.0,12.4,0.408,0,4,0
16018,B,36,37300.0,1.9,0.369,0,5,0
16019,A,35,48200.0,14.6,0.238,0,2,0
16020,B,52,34700.0,2.6,0.376,0,2,0
16021,A,30,35800.0,4.5,0.427,1,1,1
16022,A,31,63200.0,13.8,0.36,1,1,0
16023,A,35,48100.0,15.4,0.535,1,3,0
16024,A,50,23000.0,9.5,0.348,0,2,0
16025,A,34,48500.0,8.7,0.38,1,3,0
16026,A,36,31700.0,17.0,0.313,0,1,0
16027,A,49,41000.0,8.1,0.204,0,1,0
16028,A,50,56200.0,7.6,0.357,0,2,0
16029,A,54,42800.0,4.6,0.418,1,3,1
16030,A,31,34400.0,23.7,0.246,1,2,0
16031,A,53,29200.0,11.0,0.128,1,2,0
16032,A,37,32900.0,12.5,0.023,0,1,0
16033,A,60,85800.0,16.8,0.433,0,5,0
16034,A,40,21600.0,8.4,0.39,1,1,0
16035,B,21,23900.0,3.4,0.417,0,3,0
16036,B,47,30400.0,4.2,0.285,2,3,0
16037,B,39,36400.0,13.0,0.043,0,3,0
16038,A,41,31500.0,23.6,0.369,2,3,0
16039,A,44,98400.0,6.3,0.22,0,3,0
16040,A,21,59200.0,5.1,0.602,0,2,1
16041,A,37,47500.0,11.7,0.219,0,5,0
16042,A,57,44300.0,11.6,0.553,0,2,0
16043,A,54,38800.0,11.7,0.153,0,2,0
16044,A,32,65900.0,3.1,0.422,0,4,0
16045,A,36,25500.0,12.9,0.537,0,1,0
16046,B,38,29800.0,11.1,0.185,0,3,0
16047,A,68,88300.0,9.3,0.283,0,5,0
16048,B,41,23600.0,6.4,0.391,1,5,0
16049,A,52,76000.0,8.8,0.279,0,1,0
16050,A,38,24900.0,12.9,0.095,1,3,0
16051,A,53,31400.0,4.0,0.429,0,1,0
16052,A,46,17700.0,11.2,0.274,0,1,0
16053,B,43,39100.0,3.9,0.312,1,5,0
16054,A,40,33100.0,6.9,0.144,1,3,1
16055,A,41,89300.0,6.3,0.285,0,1,0
16056,A,60,51400.0,3.4,0.446,0,1,1
16057,A,67,36900.0,9.1,0.078,0,1,0
16058,A,21,39000.0,5.3,0.32,1,3,0
16059,B,36,34100.0,3.4,0.384,1,1,0
16060,A,28,15800.0,1.0,0.433,1,1,1
16061,A,33,67400.0,7.2,0.462,0,1,0
16062,A,42,36500.0,18.8,0.177,0,2,0
16063,A,37,35400.0,21.1,0.203,0,2,0
16064,B,67,33900.0,1.8,0.338,0,2,0
16065,A,50,28000.0,11.8,0.198,1,5,0
16066,B,57,47800.0,4.6,0.333,0,3,0
16067,A,36,39700.0,5.9,0.339,0,3,0
16068,A,33,24800.0,5.9,0.128,1,4,0
16069,B,39,37400.0,5.7,0.353,0,2,0
16070,A,49,26700.0,9.4,0.453,0,1,0
16071,B,52,47000.0,1.1,0.253,2,3,0
16072,A,42,49500.0,13.3,0.386,1,2,0
16073,A,48,58300.0,11.1,0.439,0,1,0
16074,A,52,33200.0,3.6,0.193,0,1,0
16075,A,46,29700.0,4.9,0.13,0,2,0
16076,A,42,42700.0,4.3,0.248,0,3,0
16077,A,21,30500.0,19.7,0.305,0,3,0
16078,A,39,28400.0,8.4,0.294,1,1,0
16079,A,25,30600.0,10.3,0.239,0,2,0
16080,A,42,128200.0,29.6,0.441,0,1,0
16081,A,55,22200.0,7.1,0.136,0,2,0
16082,A,46,21800.0,7.0,0.283,0,2,0
16083,A,29,56600.0,13.6,0.267,0,3,0
16084,A,43,44700.0,12.1,0.437,0,2,0
16085,A,50,40800.0,6.9,0.283,0,3,0
16086,A,21,32200.0,10.5,0.111,1,5,0
16087,A,44,51900.0,14.7,0.275,1,1,0
16088,A,61,35900.0,6.0,0.297,1,2,0
16089,B,21,28100.0,7.0,0.314,2,5,0
16090,B,46,26700.0,4.8,0.155,0,5,0
16091,A,38,17700.0,21.1,0.267,0,3,0
16092,A,39,42500.0,16.9,0.217,0,4,0
16093,A,33,45300.0,9.0,0.144,1,1,0
16094,A,24,22700.0,9.8,0.323,0,1,0
16095,A,39,48300.0,6.0,0.272,0,1,0
16096,A,51,21300.0,5.0,0.571,0,1,0
16097,B,57,15800.0,1.1,0.331,1,4,0
16098,B,29,15700.0,4.8,0.276,3,4,1
16099,A,61,56700.0,4.2,0.167,0,3,0
16100,B,39,27000.0,10.9,0.7,0,2,1
16101,B,30,29300.0,1.9,0.266,1,4,0
16102,A,27,41300.0,9.3,0.426,0,2,0
16103,B,40,43000.0,6.2,0.333,1,4,0
16104,A,23,32000.0,9.3,0.182,0,1,0
16105,A,43,50600.0,2.1,0.02,0,2,0
16106,B,33,15600.0,3.0,0.329,1,5,0
16107,A,37,34800.0,8.2,0.469,0,3,0
16108,A,35,46600.0,10.0,0.347,0,1,0
16109,A,21,53000.0,14.7,0.282,0,3,0
16110,A,53,27000.0,7.9,0.173,1,4,0
16111,A,34,47900.0,19.8,0.153,0,3,0
16112,B,52,46300.0,3.7,0.397,1,3,0
16113,A,43,27700.0,5.0,0.601,0,1,0
16114,A,28,41400.0,2.3,0.219,0,3,0
16115,B,50,61900.0,2.5,0.406,0,4,0
16116,A,56,78800.0,10.9,0.279,0,2,0
16117,A,30,29200.0,15.5,0.327,0,2,0
16118,A,58,39700.0,11.2,0.267,0,4,0
16119,A,37,23200.0,2.9,0.265,0,4,0
16120,A,37,36300.0,4.6,0.101,0,3,0
16121,A,41,44300.0,5.3,0.271,1,3,0
16122,B,21,10900.0,1.8,0.124,1,3,1
16123,A,56,84000.0,4.5,0.314,0,4,0
16124,A,42,14500.0,3.6,0.429,0,1,0
16125,A,46,29100.0,7.8,0.296,1,2,0
16126,A,45,54700.0,8.9,0.173,0,3,0
16127,A,43,36600.0,13.6,0.251,0,2,0
16128,A,45,46500.0,7.0,0.261,1,5,0
16129,A,25,47800.0,7.8,0.67,0,1,0
16130,A,44,50600.0,9.3,0.16,2,2,0
16131,A,54,33000.0,13.2,0.291,0,2,0
16132,A,46,31900.0,3.8,0.227,0,2,0
16133,A,37,28100.0,4.7,0.424,0,3,0
16134,B,36,61300.0,5.4,0.274,1,2,0
16135,A,46,28700.0,11.0,0.254,0,3,0
16136,B,38,23700.0,6.5,0.02,0,5,0
16137,A,65,56100.0,2.6,0.293,0,1,0
16138,A,31,31900.0,7.8,0.236,0,3,0
16139,A,40,40100.0,3.4,0.289,3,5,0
16140,A,46,36900.0,14.1,0.203,0,3,0
16141,B,36,13900.0,1.0,0.257,1,4,1
16142,B,54,19800.0,3.1,0.436,0,5,0
16143,A,44,47400.0,10.6,0.229,0,2,0
16144,B,58,29300.0,12.9,0.233,0,4,0
16145,B,70,35900.0,5.0,0.212,2,3,0
16146,A,37,51200.0,12.7,0.302,0,1,0
16147,A,40,35800.0,20.1,0.199,0,2,0
16148,A,62,38200.0,9.1,0.273,1,2,0
16149,A,38,55900.0,11.6,0.382,0,1,0
16150,A,28,58900.0,10.7,0.325,0,4,0
16151,A,45,47900.0,10.8,0.249,0,2,0
16152,A,52,46500.0,11.6,0.323,0,1,0
16153,A,39,45100.0,14.7,0.04,0,3,0
16154,A,55,60500.0,13.3,0.312,0,2,0
16155,B,31,29600.0,8.1,0.444,1,4,0
16156,A,46,26000.0,8.3,0.534,0,5,0
16157,B,57,31200.0,0.3,0.11,0,4,0
16158,B,35,12700.0,1.3,0.358,1,1,0
16159,B,44,26200.0,8.8,0.1,1,4,0
16160,B,30,10200.0,10.1,0.474,0,3,1
16161,A,22,16600.0,10.9,0.428,0,3,0
16162,B,47,38300.0,17.4,0.317,0,3,0
16163,A,38,85400.0,2.7,0.099,0,3,0
16164,A,22,24900.0,13.0,0.201,1,2,0
16165,B,61,20800.0,4.4,0.152,0,4,0
16166,B,62,55300.0,6.2,0.452,1,5,0
16167,A,40,43400.0,6.2,0.342,0,1,0
16168,A,45,34500.0,7.2,0.402,1,1,1
16169,B,32,59700.0,2.3,0.304,0,5,0
16170,B,46,29100.0,4.4,0.449,1,4,0
16171,A,31,40800.0,1.8,0.72,0,2,0
16172,B,49,48100.0,2.5,0.378,1,2,0
16173,A,41,29000.0,4.7,0.395,0,1,0
16174,A,22,86600.0,20.6,0.279,0,1,0
16175,A,38,63300.0,9.0,0.387,0,3,0
16176,A,50,30300.0,5.3,0.406,0,4,0
16177,A,48,47100.0,7.4,0.486,1,3,1
16178,A,57,24900.0,7.6,0.482,0,2,1
16179,B,21,33900.0,3.9,0.247,0,2,0
16180,B,25,55700.0,2.4,0.233,0,1,0
16181,A,55,42600.0,13.9,0.228,0,1,0
16182,B,31,17300.0,5.4,0.483,0,4,1
16183,A,62,38100.0,6.2,0.238,0,1,0
16184,A,35,34600.0,7.4,0.371,0,2,0
16185,B,35,15900.0,3.0,0.127,1,3,0
16186,A,44,40700.0,6.4,0.212,1,1,0
16187,A,55,20400.0,6.6,0.307,0,1,0
16188,A,50,23500.0,10.6,0.34,0,1,0
16189,A,44,42700.0,18.1,0.273,0,3,0
16190,A,42,18700.0,11.0,0.2,1,1,0
16191,A,30,40600.0,10.3,0.412,0,1,0
16192,B,35,29600.0,6.5,0.241,0,5,0
16193,A,31,61400.0,5.4,0.505,0,3,0
16194,A,30,53800.0,9.0,0.199,0,5,0
16195,A,49,30000.0,9.0,0.303,0,1,0
16196,A,40,50600.0,23.9,0.45,0,1,0
16197,A,34,33900.0,8.8,0.054,0,3,0
16198,A,41,50500.0,17.8,0.264,0,2,0
16199,A,37,24200.0,24.0,0.316,0,3,0
16200,A,54,55800.0,6.4,0.401,1,5,0
16201,A,36,38700.0,9.2,0.239,0,2,0
16202,A,40,41600.0,7.8,0.382,1,3,0
16203,A,42,41200.0,4.6,0.358,0,2,0
16204,A,50,103800.0,12.7,0.271,0,1,0
16205,B,40,15400.0,2.9,0.343,1,5,0
16206,B,38,30400.0,8.3,0.448,1,1,1
16207,A,66,42900.0,10.7,0.252,0,1,0
16208,A,33,36300.0,6.4,0.173,0,3,0
16209,A,65,48700.0,11.8,0.333,1,2,0
16210,B,55,23700.0,17.4,0.396,0,3,0
16211,A,43,63100.0,10.0,0.101,0,3,0
16212,A,37,42100.0,4.9,0.412,1,2,0
16213,A,51,43200.0,12.9,0.264,1,3,0
16214,B,42,33200.0,10.5,0.369,0,4,0
16215,A,55,72700.0,4.5,0.316,0,3,0
16216,A,34,38200.0,7.0,0.336,0,2,0
16217,A,55,81600.0,7.3,0.417,0,4,0
16218,A,35,26500.0,10.3,0.236,1,4,0
16219,A,59,38700.0,11.0,0.414,0,1,0
16220,B,60,44200.0,4.2,0.462,2,4,0
16221,A,40,28100.0,2.0,0.409,2,5,0
16222,A,45,67000.0,19.8,0.41,0,1,0
16223,A,22,37700.0,8.3,0.234,1,2,0
16224,A,50,52600.0,8.1,0.477,0,1,0
16225,A,59,56300.0,6.3,0.224,0,1,0
16226,A,44,25400.0,11.5,0.415,1,3,0
16227,A,58,32500.0,9.4,0.156,1,1,0
16228,A,44,37500.0,12.8,0.281,1,2,0
16229,A,43,74300.0,10.9,0.456,0,2,0
16230,A,49,39200.0,10.6,0.38,1,1,0
16231,B,40,31600.0,4.6,0.544,2,3,1
16232,A,33,65100.0,3.0,0.367,1,2,1
16233,A,36,39500.0,10.3,0.298,0,1,0
16234,B,41,50600.0,10.5,0.393,1,2,0
16235,B,49,20500.0,4.8,0.33,0,3,1
16236,A,42,19100.0,8.8,0.339,0,4,0
16237,B,41,20400.0,3.0,0.241,0,4,0
16238,A,58,25900.0,7.7,0.282,2,4,0
16239,B,30,56900.0,7.6,0.285,0,3,0
16240,A,54,45200.0,6.5,0.154,0,2,0
16241,B,21,43600.0,11.6,0.385,0,5,0
16242,A,36,16000.0,2.8,0.462,0,3,0
16243,A,40,42900.0,10.9,0.342,0,2,1
16244,B,64,23700.0,5.3,0.466,0,5,0
16245,A,51,32100.0,8.4,0.536,2,1,1
16246,A,33,43500.0,15.3,0.256,0,2,0
16247,A,25,66200.0,7.2,0.615,1,1,0
16248,B,56,23500.0,2.6,0.403,0,4,0
16249,B,26,49900.0,6.3,0.07,0,5,0
16250,A,39,38100.0,8.9,0.211,0,1,0
16251,B,36,18500.0,2.8,0.421,1,4,1
16252,A,49,35500.0,17.4,0.205,0,1,0
16253,B,57,32100.0,5.5,0.273,0,4,0
16254,A,35,50900.0,25.9,0.376,0,2,0
16255,B,38,33900.0,7.1,0.44,1,5,0
16256,A,25,79000.0,13.1,0.21,0,3,0
16257,A,46,56400.0,13.1,0.44,0,1,0
16258,A,42,32600.0,14.2,0.466,0,1,0
16259,A,43,48400.0,5.3,0.388,0,2,0
16260,A,58,37500.0,12.2,0.402,0,1,0
16261,A,53,38300.0,3.5,0.293,1,3,0
16262,B,48,25300.0,4.7,0.293,0,5,0
16263,A,49,61400.0,8.6,0.413,1,3,0
16264,B,52,44500.0,13.3,0.245,0,4,0
16265,A,27,47700.0,11.2,0.444,0,4,0
16266,B,33,18500.0,2.5,0.322,1,3,0
16267,A,40,55700.0,7.0,0.29,0,2,0
16268,A,36,49600.0,6.2,0.213,1,1,0
16269,A,35,49400.0,8.2,0.447,0,4,0
16270,B,53,18200.0,3.1,0.223,1,4,1
16271,A,23,23800.0,11.1,0.606,0,5,0
16272,A,32,27200.0,8.7,0.411,1,1,1
16273,A,21,21600.0,6.4,0.373,0,1,1
16274,A,36,27000.0,6.4,0.344,0,3,1
16275,A,21,52500.0,9.0,0.254,0,1,0
16276,B,61,51500.0,7.8,0.53,0,5,0
16277,A,41,94300.0,7.5,0.222,0,2,0
16278,A,30,35700.0,1.6,0.258,0,3,0
16279,B,33,24900.0,2.8,0.386,0,2,1
16280,A,43,72300.0,12.4,0.205,0,4,0
16281,A,47,32500.0,21.3,0.109,0,1,0
16282,A,46,21200.0,8.0,0.237,0,2,1
16283,B,23,34900.0,6.6,0.52,2,4,1
16284,A,44,37900.0,14.4,0.574,0,4,0
16285,A,45,25700.0,9.5,0.274,0,2,0
16286,B,45,28900.0,2.6,0.329,0,3,1
16287,B,37,17400.0,6.5,0.412,2,5,1
16288,A,28,46800.0,6.3,0.285,0,1,0
16289,A,33,58400.0,9.6,0.508,0,4,0
16290,A,28,54800.0,6.7,0.385,1,3,0
16291,A,38,56800.0,4.3,0.392,0,1,0
16292,B,47,27900.0,4.0,0.589,0,3,0
16293,B,58,44500.0,4.5,0.532,0,3,0
16294,A,41,22000.0,5.9,0.068,0,2,0
16295,B,31,31600.0,1.0,0.283,0,4,0
16296,A,42,34700.0,11.6,0.195,0,2,0
16297,A,29,43300.0,12.2,0.335,0,5,0
16298,A,25,42400.0,7.1,0.201,2,2,0
16299,A,57,40900.0,9.2,0.351,0,3,0
16300,B,37,63600.0,3.3,0.364,1,4,0
16301,B,32,16100.0,14.9,0.485,0,4,0
16302,A,40,56100.0,6.6,0.293,1,2,0
16303,A,42,40000.0,6.7,0.27,0,2,0
16304,A,51,26300.0,12.3,0.28,0,1,0
16305,A,24,59900.0,9.6,0.229,0,3,0
16306,A,43,53000.0,7.4,0.238,1,1,0
16307,A,41,52500.0,13.9,0.458,0,5,0
16308,A,49,87000.0,3.5,0.472,0,2,0
16309,A,60,51700.0,2.2,0.191,0,3,0
16310,A,55,23300.0,11.5,0.454,0,5,0
16311,A,30,28700.0,1.5,0.465,0,3,0
16312,A,51,29000.0,5.9,0.255,3,4,0
16313,B,60,39900.0,6.8,0.285,0,5,0
16314,A,52,34500.0,5.2,0.186,0,1,0
16315,A,58,65200.0,7.1,0.187,0,3,0
16316,B,22,40000.0,3.9,0.361,0,4,0
16317,A,46,18100.0,10.2,0.168,0,1,0
16318,A,39,41200.0,11.1,0.373,0,1,0
16319,A,50,19700.0,6.6,0.286,0,3,0
16320,B,33,24500.0,6.8,0.307,1,4,1
16321,B,75,15200.0,0.7,0.343,0,4,0
16322,B,33,29600.0,2.3,0.4,0,5,0
16323,A,48,37300.0,15.4,0.318,0,1,0
16324,B,54,15300.0,13.3,0.28,1,5,0
16325,A,39,31200.0,5.9,0.294,0,1,0
16326,A,48,27600.0,3.7,0.245,2,5,0
16327,A,31,69800.0,6.0,0.197,0,2,0
16328,A,52,21100.0,4.6,0.224,0,2,0
16329,A,44,51500.0,13.2,0.306,0,4,0
16330,A,53,46900.0,6.9,0.419,0,3,0
16331,A,63,39400.0,10.1,0.539,1,1,0
16332,B,49,13500.0,11.7,0.25,0,5,0
16333,A,44,24000.0,4.6,0.439,0,1,0
16334,A,37,29800.0,5.4,0.534,1,1,1
16335,B,29,39400.0,1.6,0.212,1,4,0
16336,A,36,18300.0,8.0,0.142,0,4,0
16337,A,63,46500.0,6.0,0.57,0,3,0
16338,A,33,21800.0,2.9,0.604,0,3,1
16339,B,55,18000.0,4.3,0.241,0,4,0
16340,A,56,72800.0,10.6,0.185,0,3,0
16341,A,32,56700.0,5.6,0.17,1,5,0
16342,B,48,68100.0,7.1,0.321,1,5,0
16343,B,34,43400.0,4.4,0.58,1,3,0
16344,B,47,30400.0,5.4,0.236,0,1,0
16345,A,45,18900.0,21.2,0.493,0,2,0
16346,A,38,76600.0,12.1,0.328,0,2,0
16347,B,26,24700.0,1.9,0.377,2,4,1
16348,A,28,24800.0,6.6,0.253,1,5,1
16349,B,53,78700.0,3.4,0.353,0,5,0
16350,A,45,48300.0,10.0,0.375,0,1,0
16351,A,28,20800.0,17.4,0.273,0,5,0
16352,B,36,39600.0,5.7,0.428,0,2,0
16353,A,34,62600.0,9.6,0.08,1,5,0
16354,B,21,73400.0,14.9,0.573,0,5,0
16355,A,40,38600.0,11.5,0.452,0,3,0
16356,A,37,43400.0,6.9,0.334,0,2,0
16357,B,51,17500.0,15.2,0.521,0,3,0
16358,B,49,33000.0,10.7,0.335,0,4,0
16359,A,72,25700.0,4.9,0.204,1,3,0
16360,A,35,33300.0,8.9,0.295,0,2,0
16361,A,38,66600.0,8.7,0.26,0,1,0
16362,B,35,37400.0,10.1,0.583,0,4,0
16363,B,48,24500.0,4.8,0.438,0,4,0
16364,A,32,51200.0,4.8,0.392,0,4,1
16365,B,23,21100.0,3.3,0.49,0,4,1
16366,B,29,17200.0,4.2,0.458,0,5,0
16367,A,38,40300.0,9.1,0.074,1,4,0
16368,B,40,29500.0,8.2,0.456,0,4,0
16369,A,26,47100.0,10.9,0.138,0,1,0
16370,A,21,54600.0,5.6,0.246,0,5,0
16371,B,43,28900.0,3.1,0.434,0,4,0
16372,A,24,50100.0,4.7,0.061,0,3,0
16373,A,67,27500.0,12.3,0.217,0,2,0
16374,A,41,34200.0,14.2,0.334,1,1,0
16375,A,47,24100.0,20.2,0.443,0,3,0
16376,A,24,27500.0,8.9,0.275,0,4,0
16377,A,24,25000.0,11.9,0.441,0,3,1
16378,A,35,36100.0,11.4,0.145,1,1,0
16379,B,24,50700.0,1.9,0.257,1,5,0
16380,A,53,20500.0,15.8,0.474,1,3,0
16381,B,59,23400.0,3.6,0.435,1,4,0
16382,B,36,70400.0,5.4,0.377,0,1,0
16383,A,30,42100.0,1.0,0.45,1,2,0
16384,A,40,91400.0,13.0,0.314,0,4,0
16385,B,44,47600.0,10.4,0.383,1,4,0
16386,A,55,34200.0,8.0,0.381,0,1,0
16387,B,44,23100.0,8.7,0.416,0,4,0
16388,B,64,42900.0,5.9,0.32,0,5,0
16389,A,26,20900.0,10.5,0.044,0,1,0
16390,B,34,29500.0,8.3,0.248,0,4,0
16391,A,21,22700.0,6.2,0.086,0,4,0
16392,A,34,67900.0,8.4,0.055,1,3,0
16393,A,45,17300.0,4.6,0.087,0,2,0
16394,B,56,21800.0,2.1,0.466,0,2,1
16395,A,37,24800.0,10.5,0.346,0,1,0
16396,B,74,27700.0,1.3,0.336,0,5,0
16397,A,51,57100.0,5.5,0.453,0,1,0
16398,A,52,29200.0,4.5,0.343,1,4,0
16399,B,32,26900.0,6.6,0.473,0,3,0
16400,A,38,41000.0,13.2,0.268,2,3,0
16401,A,69,38600.0,8.1,0.316,0,4,0
16402,A,21,12200.0,3.6,0.421,1,3,1
16403,B,33,25100.0,8.1,0.217,1,4,0
16404,A,28,22500.0,8.0,0.537,0,5,0
16405,B,42,19500.0,6.0,0.541,1,1,1
16406,A,37,49700.0,8.3,0.234,2,4,0
16407,A,21,70100.0,13.8,0.246,2,1,0
16408,A,43,23900.0,3.1,0.265,1,3,0
16409,A,27,47800.0,5.2,0.287,0,3,0
16410,B,23,17600.0,1.2,0.355,0,3,1
16411,A,42,15300.0,2.4,0.368,1,2,0
16412,A,45,51000.0,4.2,0.308,1,1,1
16413,B,22,42100.0,4.9,0.387,0,3,0
16414,B,46,37400.0,10.1,0.159,0,3,0
16415,A,30,41200.0,10.7,0.107,0,4,0
16416,A,47,60400.0,18.5,0.413,0,1,0
16417,B,60,43100.0,4.5,0.367,0,4,0
16418,A,47,66900.0,11.6,0.55,0,1,0
16419,A,49,47700.0,10.2,0.366,0,2,0
16420,B,42,49500.0,2.9,0.712,0,5,1
16421,A,44,43400.0,12.9,0.353,0,2,0
16422,A,52,23400.0,11.1,0.408,1,3,1
16423,A,27,37900.0,5.5,0.21,1,2,0
16424,A,50,40200.0,5.0,0.552,0,1,0
16425,A,49,23200.0,7.1,0.369,0,2,0
16426,A,34,40900.0,11.4,0.263,1,2,1
16427,B,29,48500.0,3.1,0.183,0,2,0
16428,A,33,37900.0,4.9,0.486,0,2,0
16429,A,37,42200.0,4.3,0.463,0,4,0
16430,A,54,39700.0,17.8,0.14,1,1,0
16431,A,38,44600.0,7.0,0.207,0,4,0
16432,A,34,49800.0,3.7,0.343,1,1,1
16433,B,44,22200.0,3.4,0.457,0,5,0
16434,A,23,41200.0,14.6,0.401,1,1,0
16435,A,64,34000.0,4.2,0.522,0,2,0
16436,A,43,55300.0,8.4,0.372,0,2,0
16437,A,39,35200.0,14.5,0.153,0,1,0
16438,A,47,109000.0,5.5,0.069,0,1,0
16439,A,43,48400.0,12.7,0.592,2,2,1
16440,A,40,28300.0,6.2,0.25,2,2,0
16441,A,36,36100.0,10.2,0.435,1,3,1
16442,B,32,12400.0,3.5,0.463,1,5,1
16443,A,44,27500.0,3.2,0.456,1,2,1
16444,B,43,18600.0,12.6,0.367,0,3,0
16445,B,38,23900.0,3.6,0.603,1,4,0
16446,A,40,38300.0,8.6,0.272,0,4,0
16447,A,61,16300.0,12.6,0.249,0,3,0
16448,A,23,42200.0,19.8,0.28,0,1,0
16449,A,51,33600.0,0.8,0.213,1,2,0
16450,A,29,24900.0,16.6,0.314,0,3,0
16451,B,38,39700.0,1.6,0.507,0,5,1
16452,B,36,28000.0,7.3,0.359,0,5,0
16453,A,48,34200.0,6.3,0.176,0,1,0
16454,A,43,20900.0,3.4,0.36,0,2,0
16455,A,44,24200.0,3.5,0.296,0,2,0
16456,A,42,57100.0,4.9,0.242,0,3,0
16457,B,56,23300.0,8.7,0.259,0,1,0
16458,A,52,31600.0,9.9,0.162,0,1,1
16459,A,22,33800.0,4.8,0.369,0,1,0
16460,A,30,37600.0,11.5,0.397,1,3,0
16461,A,39,48500.0,4.0,0.315,3,1,1
16462,A,21,45800.0,10.6,0.503,0,5,0
16463,B,36,29900.0,11.2,0.392,1,5,0
16464,B,34,26600.0,2.5,0.287,0,5,0
16465,A,46,66500.0,14.0,0.295,1,2,1
16466,A,40,22100.0,10.8,0.173,0,1,0
16467,A,61,41100.0,2.8,0.253,0,2,0
16468,A,40,14500.0,12.1,0.162,0,2,0
16469,B,21,22500.0,0.6,0.337,3,4,1
16470,A,28,72200.0,17.6,0.504,0,3,0
16471,B,57,34400.0,6.1,0.588,1,2,1
16472,A,39,57400.0,9.3,0.354,0,1,0
16473,B,40,32700.0,3.4,0.134,0,5,0
16474,A,31,37000.0,10.1,0.197,0,3,1
16475,A,65,21800.0,5.3,0.365,1,1,0
16476,A,34,44300.0,10.6,0.376,0,2,0
16477,B,56,24500.0,4.8,0.265,0,4,0
16478,A,35,24300.0,4.6,0.02,0,3,0
16479,A,42,35500.0,8.5,0.143,1,5,0
16480,A,30,62500.0,15.5,0.054,1,3,0
16481,A,30,34600.0,2.7,0.196,0,3,0
16482,A,24,25400.0,7.7,0.228,0,1,0
16483,A,23,32800.0,8.5,0.327,1,5,0
16484,A,39,33200.0,15.4,0.203,0,3,0
16485,A,39,51000.0,11.9,0.335,1,3,0
16486,A,44,39700.0,7.8,0.447,1,3,0
16487,A,37,79600.0,4.5,0.273,1,2,0
16488,A,45,12300.0,14.4,0.311,0,2,0
16489,B,31,39900.0,11.0,0.242,0,4,0
16490,A,34,46900.0,7.8,0.368,0,3,0
16491,A,44,48900.0,7.3,0.203,0,1,0
16492,A,40,39100.0,2.2,0.096,0,2,0
16493,A,25,29500.0,15.8,0.327,0,3,0
16494,A,47,50000.0,9.8,0.705,1,2,0
16495,A,36,64000.0,18.3,0.4,0,1,0
16496,B,34,48700.0,2.6,0.187,0,4,0
16497,A,44,23200.0,5.7,0.337,0,1,0
16498,A,39,49100.0,2.7,0.02,1,1,0
16499,B,23,17800.0,2.2,0.505,2,5,1
16500,A,36,32500.0,9.0,0.436,0,3,0
16501,A,49,53000.0,3.9,0.496,4,2,1
16502,B,43,51100.0,1.4,0.267,1,4,0
16503,A,46,43800.0,10.1,0.473,0,4,0
16504,A,35,38900.0,11.1,0.45,0,3,0
16505,A,52,14500.0,3.8,0.417,0,5,0
16506,A,48,41800.0,8.8,0.02,1,1,0
16507,A,25,25400.0,15.6,0.336,1,3,0
16508,A,25,31600.0,9.7,0.027,0,1,0
16509,A,51,46600.0,12.0,0.174,0,1,0
16510,A,75,46000.0,9.3,0.443,1,1,0
16511,A,24,74200.0,19.2,0.164,0,5,0
16512,B,32,68300.0,5.1,0.216,0,3,0
16513,A,38,53300.0,5.3,0.305,0,1,0
16514,A,36,47100.0,8.5,0.501,0,3,0
16515,A,49,40700.0,7.3,0.287,0,2,0
16516,B,21,43000.0,3.3,0.142,0,4,0
16517,A,43,42800.0,12.7,0.412,0,1,0
16518,B,62,50300.0,3.0,0.342,0,5,0
16519,A,27,51100.0,5.2,0.295,0,1,0
16520,A,33,31800.0,9.8,0.093,0,4,0
16521,A,31,20600.0,2.3,0.341,0,2,0
16522,A,37,57200.0,3.9,0.286,0,3,0
16523,A,24,48600.0,26.9,0.05,0,2,0
16524,A,31,12800.0,11.0,0.219,0,1,0
16525,A,48,14800.0,8.7,0.442,1,2,1
16526,B,32,77900.0,7.1,0.236,0,4,0
16527,A,59,37300.0,3.3,0.304,1,2,0
16528,A,51,57000.0,9.1,0.811,0,3,0
16529,B,53,61100.0,3.1,0.325,0,2,0
16530,A,44,49700.0,8.5,0.421,0,2,0
16531,A,31,60200.0,4.5,0.442,0,1,0
16532,A,31,32800.0,11.0,0.521,0,1,1
16533,B,38,51000.0,8.4,0.39,0,4,0
16534,A,59,27700.0,18.2,0.498,0,5,0
16535,B,21,33200.0,1.1,0.586,1,4,0
16536,B,54,29700.0,6.7,0.342,2,4,0
16537,A,26,43900.0,8.1,0.205,1,3,0
16538,A,41,42400.0,7.1,0.448,0,2,1
16539,B,54,40100.0,8.0,0.357,0,3,0
16540,A,46,19400.0,30.0,0.291,0,2,0
16541,B,35,22500.0,3.0,0.319,0,4,0
16542,A,43,29500.0,5.1,0.02,1,1,0
16543,B,46,20200.0,11.5,0.339,1,5,0
16544,A,52,36900.0,16.8,0.362,0,3,0
16545,B,21,53700.0,6.4,0.187,0,4,0
16546,B,62,31400.0,5.5,0.451,1,4,0
16547,B,45,16500.0,2.8,0.636,1,4,1
16548,A,26,35300.0,5.0,0.252,0,5,0
16549,B,37,34400.0,13.4,0.379,0,5,0
16550,B,47,16000.0,8.2,0.533,1,4,0
16551,A,33,32000.0,5.9,0.295,0,1,0
16552,B,52,59200.0,8.4,0.349,0,4,0
16553,A,49,88500.0,2.2,0.375,0,3,1
16554,B,55,46300.0,1.5,0.3,0,3,0
16555,A,38,34900.0,4.5,0.161,0,3,0
16556,A,67,16500.0,6.5,0.223,0,4,0
16557,B,40,21100.0,5.9,0.153,0,5,0
16558,A,21,37200.0,5.1,0.307,0,4,0
16559,B,41,33800.0,9.3,0.211,1,4,0
16560,B,63,32200.0,3.1,0.386,2,5,0
16561,B,45,41800.0,21.1,0.39,0,4,0
16562,A,41,51200.0,12.8,0.358,1,1,0
16563,B,35,32300.0,2.2,0.342,1,5,0
16564,B,30,78600.0,8.3,0.42,0,5,0
16565,A,54,37700.0,4.0,0.118,1,2,0
16566,A,39,40200.0,9.0,0.417,0,2,0
16567,A,45,54500.0,4.2,0.148,1,2,0
16568,B,39,24800.0,2.2,0.336,0,5,0
16569,A,25,39300.0,9.3,0.565,0,1,1
16570,A,59,43500.0,1.0,0.283,0,3,0
16571,A,33,33600.0,10.3,0.168,0,3,0
16572,A,51,37400.0,13.1,0.372,1,4,0
16573,A,58,32200.0,11.0,0.188,0,2,0
16574,A,38,10000.0,4.8,0.142,0,3,0
16575,B,33,19000.0,7.8,0.385,0,4,0
16576,A,43,38800.0,8.1,0.284,0,1,0
16577,A,40,21700.0,6.9,0.331,1,2,0
16578,B,37,21200.0,6.2,0.441,2,1,1
16579,B,46,48000.0,2.9,0.205,1,4,0
16580,A,37,21600.0,2.6,0.252,1,3,0
16581,B,53,17700.0,5.0,0.408,0,5,0
16582,A,38,30900.0,8.8,0.252,3,2,0
16583,B,43,60600.0,1.0,0.282,1,2,0
16584,B,41,67600.0,9.6,0.396,1,5,0
16585,A,35,32400.0,8.5,0.286,1,2,0
16586,A,54,68200.0,9.7,0.652,2,1,0
16587,A,25,56600.0,11.6,0.237,0,3,0
16588,A,22,19700.0,9.5,0.404,0,2,0
16589,A,60,44600.0,7.3,0.414,0,4,0
16590,A,21,42000.0,8.0,0.305,2,1,1
16591,B,40,36600.0,3.1,0.388,2,3,1
16592,A,52,54900.0,9.2,0.144,1,1,0
16593,A,39,86700.0,6.8,0.433,0,1,1
16594,B,36,16700.0,7.7,0.304,0,4,0
16595,A,45,43800.0,5.0,0.524,0,1,0
16596,A,43,35800.0,7.2,0.253,0,1,0
16597,A,41,40400.0,13.3,0.511,0,2,0
16598,A,34,24000.0,24.5,0.394,1,4,0
16599,A,60,55400.0,6.7,0.05,1,3,0
16600,A,57,35500.0,5.1,0.125,0,3,0
16601,A,36,30800.0,16.4,0.367,0,1,0
16602,A,35,49600.0,4.7,0.433,0,3,0
16603,B,66,40800.0,4.0,0.179,1,5,0
16604,A,32,77500.0,9.3,0.368,0,3,0
16605,A,53,48600.0,15.4,0.158,0,3,0
16606,A,33,42000.0,21.8,0.337,2,3,0
16607,A,42,17600.0,12.8,0.412,0,1,0
16608,B,66,50300.0,2.8,0.471,1,1,1
16609,A,31,44700.0,2.9,0.42,0,3,0
16610,A,37,24900.0,5.2,0.275,0,2,0
16611,A,43,29200.0,8.5,0.337,0,2,0
16612,B,21,27200.0,3.5,0.184,0,3,0
16613,B,28,24600.0,4.7,0.391,1,1,0
16614,A,30,55900.0,11.1,0.196,1,1,0
16615,A,48,72300.0,2.1,0.119,1,3,0
16616,A,50,23800.0,5.0,0.267,0,3,0
16617,B,71,16100.0,8.8,0.23,1,5,0
16618,A,35,25300.0,4.3,0.354,0,4,0
16619,A,41,26700.0,15.3,0.265,0,1,0
16620,A,36,45300.0,10.0,0.064,1,2,0
16621,A,42,18700.0,8.2,0.13,0,2,0
16622,A,41,40700.0,9.2,0.304,0,2,0
16623,A,40,32200.0,11.3,0.201,0,2,0
16624,A,46,35100.0,4.0,0.254,1,3,0
16625,A,30,23500.0,19.5,0.201,0,5,0
16626,A,55,30000.0,9.2,0.249,2,3,0
16627,B,63,36900.0,10.9,0.268,0,4,0
16628,B,39,22600.0,6.9,0.371,0,5,0
16629,A,43,34300.0,12.4,0.355,1,1,0
16630,B,21,42200.0,2.3,0.487,0,4,0
16631,A,34,40800.0,15.2,0.311,0,1,0
16632,B,41,41900.0,8.2,0.436,1,4,0
16633,B,22,64300.0,2.6,0.395,0,4,0
16634,B,33,29900.0,3.4,0.477,1,4,1
16635,A,69,73700.0,6.5,0.13,1,5,0
16636,A,37,67100.0,20.8,0.52,0,1,0
16637,A,48,45800.0,9.2,0.46,0,3,0
16638,B,45,31900.0,1.9,0.577,1,4,1
16639,A,34,20600.0,6.4,0.379,0,1,0
16640,A,34,65800.0,8.4,0.337,0,4,0
16641,A,38,55200.0,12.3,0.23,0,2,0
16642,A,21,50100.0,12.5,0.201,0,1,0
16643,B,56,30700.0,8.0,0.325,1,5,0
16644,A,42,55200.0,6.5,0.503,0,3,0
16645,A,51,38200.0,21.6,0.246,0,4,0
16646,A,55,20700.0,7.7,0.255,0,1,0
16647,B,39,27400.0,3.4,0.394,1,3,0
16648,A,39,26200.0,6.4,0.597,0,1,0
16649,B,34,70900.0,3.1,0.177,0,5,0
16650,A,59,30600.0,10.6,0.424,0,3,0
16651,A,43,69000.0,27.1,0.402,1,3,0
16652,A,40,41700.0,10.2,0.326,2,1,0
16653,A,56,39500.0,18.5,0.309,0,3,0
16654,A,46,47200.0,7.7,0.236,1,1,0
16655,A,44,51600.0,26.6,0.319,0,1,0
16656,A,43,18100.0,8.4,0.31,0,2,0
16657,A,40,33800.0,14.7,0.22,0,1,0
16658,A,58,17600.0,14.6,0.376,0,1,0
16659,A,31,52600.0,4.3,0.151,0,4,0
16660,A,36,27500.0,6.0,0.246,0,5,0
16661,B,31,59800.0,12.4,0.338,0,4,0
16662,A,46,31600.0,5.9,0.411,1,2,1
16663,A,50,41600.0,13.1,0.362,1,1,0
16664,B,35,22100.0,3.3,0.429,1,1,1
16665,B,53,13600.0,6.0,0.329,1,3,0
16666,A,21,30000.0,11.8,0.074,0,3,0
16667,A,40,39300.0,17.3,0.273,1,1,0
16668,A,41,67300.0,20.7,0.297,1,3,0
16669,A,45,32900.0,6.5,0.339,0,1,1
16670,A,21,37600.0,6.3,0.301,0,1,0
16671,A,26,24900.0,6.5,0.189,0,4,0
16672,B,50,32900.0,6.3,0.383,1,4,0
16673,A,21,26800.0,8.6,0.563,0,1,1
16674,A,39,44100.0,6.3,0.434,0,1,0
16675,B,46,28900.0,5.4,0.327,0,5,0
16676,A,27,50300.0,11.4,0.407,0,1,0
16677,A,39,63600.0,11.9,0.279,1,2,0
16678,B,32,54200.0,5.7,0.29,0,3,0
16679,B,51,28800.0,7.9,0.234,0,5,0
16680,B,39,34100.0,1.0,0.545,1,4,1
16681,A,35,41700.0,11.1,0.276,0,2,0
16682,A,36,26800.0,8.7,0.404,0,4,0
16683,A,41,50900.0,7.4,0.34,1,2,0
16684,B,29,71000.0,2.7,0.371,0,5,0
16685,A,21,74000.0,7.1,0.333,0,2,0
16686,A,42,25700.0,8.3,0.461,0,1,0
16687,A,53,28500.0,16.0,0.152,0,3,0
16688,A,35,49600.0,10.4,0.221,1,3,0
16689,A,42,37800.0,25.0,0.44,0,3,0
16690,A,41,24800.0,13.6,0.23,1,1,0
16691,A,51,28100.0,5.3,0.02,3,4,0
16692,A,39,36300.0,5.6,0.472,0,1,0
16693,A,38,39700.0,6.9,0.269,1,1,0
16694,B,34,26100.0,7.3,0.452,1,5,0
16695,A,35,49500.0,19.3,0.059,0,2,0
16696,A,21,38100.0,13.5,0.391,1,4,0
16697,A,39,23400.0,7.5,0.066,0,2,0
16698,A,44,29800.0,5.4,0.228,0,2,0
16699,A,26,34800.0,5.0,0.141,0,1,0
16700,A,34,57200.0,3.9,0.261,1,2,0
16701,B,37,39300.0,3.6,0.296,0,3,0
16702,A,56,32300.0,15.9,0.243,0,2,0
16703,A,38,42300.0,15.5,0.418,2,2,0
16704,A,32,58200.0,7.8,0.267,0,3,0
16705,B,43,56700.0,4.8,0.274,1,4,0
16706,A,27,20900.0,10.8,0.038,0,4,0
16707,A,60,16100.0,17.3,0.46,0,3,0
16708,A,47,18800.0,7.6,0.151,2,3,0
16709,B,66,27600.0,16.3,0.182,1,3,0
16710,A,48,29500.0,10.6,0.183,1,1,0
16711,A,21,25200.0,9.4,0.491,0,2,0
16712,A,23,32000.0,13.8,0.305,0,4,0
16713,A,60,39600.0,2.4,0.02,0,2,0
16714,B,34,16100.0,2.8,0.348,1,4,1
16715,B,54,24100.0,11.5,0.554,0,4,0
16716,A,45,41300.0,4.3,0.465,0,4,0
16717,A,21,35100.0,6.6,0.334,0,1,1
16718,A,51,39000.0,13.8,0.351,0,1,0
16719,A,36,30600.0,8.1,0.137,1,2,0
16720,B,33,38700.0,6.4,0.331,1,3,0
16721,A,44,36600.0,13.9,0.347,0,2,0
16722,A,52,28800.0,8.0,0.398,1,3,0
16723,A,37,25400.0,8.3,0.227,0,3,0
16724,B,49,40000.0,3.8,0.301,2,2,0
16725,A,38,38800.0,13.6,0.343,0,1,0
16726,A,29,54700.0,3.3,0.207,2,2,0
16727,A,25,23600.0,6.7,0.378,0,2,0
16728,A,40,43500.0,5.7,0.685,1,3,1
16729,A,35,21500.0,10.0,0.277,1,4,0
16730,B,30,21100.0,1.4,0.281,0,5,0
16731,A,52,26600.0,8.7,0.45,0,2,0
16732,A,21,40000.0,3.1,0.287,0,1,0
16733,A,32,37000.0,10.4,0.426,0,2,0
16734,A,29,16700.0,4.3,0.196,1,5,0
16735,B,51,33700.0,17.0,0.366,0,5,0
16736,A,43,23300.0,13.2,0.107,0,2,0
16737,A,36,63200.0,8.5,0.17,1,2,0
16738,B,26,33900.0,3.5,0.303,0,3,0
16739,A,49,43000.0,6.5,0.348,1,1,0
16740,B,39,46100.0,6.3,0.142,0,4,0
16741,A,32,21300.0,1.3,0.506,1,1,1
16742,B,42,28800.0,6.4,0.319,1,2,0
16743,A,47,46400.0,2.5,0.183,0,3,0
16744,A,31,38900.0,7.4,0.341,0,2,0
16745,A,52,41400.0,12.2,0.242,0,1,0
16746,B,34,35100.0,6.9,0.577,0,2,0
16747,A,48,27700.0,6.4,0.076,1,3,0
16748,A,40,15900.0,3.9,0.193,0,2,0
16749,B,66,33100.0,13.2,0.456,1,3,0
16750,B,36,46900.0,4.3,0.211,0,4,0
16751,A,51,57100.0,13.8,0.473,0,2,0
16752,A,60,46500.0,15.5,0.323,1,1,0
16753,B,58,37600.0,5.8,0.23,0,5,0
16754,B,42,19900.0,1.2,0.519,0,3,0
16755,A,50,27800.0,7.2,0.161,0,1,0
16756,A,39,60500.0,8.5,0.17,0,3,0
16757,A,50,46100.0,23.3,0.32,1,1,0
16758,A,32,41300.0,8.3,0.189,0,2,0
16759,A,21,46900.0,4.7,0.184,0,3,0
16760,A,54,50500.0,5.9,0.08,1,1,0
16761,B,35,47800.0,10.6,0.496,0,2,0
16762,B,23,20400.0,0.8,0.187,0,5,1
16763,A,44,34600.0,20.6,0.337,0,3,0
16764,B,42,16600.0,7.2,0.598,1,3,1
16765,A,55,125900.0,16.8,0.426,0,2,0
16766,A,31,35500.0,5.5,0.365,0,2,0
16767,A,43,53200.0,6.8,0.549,0,4,0
16768,A,57,25200.0,18.5,0.511,0,2,0
16769,A,42,22400.0,11.4,0.435,0,3,0
16770,A,31,55300.0,3.6,0.621,0,5,0
16771,A,21,12700.0,17.9,0.314,0,2,0
16772,A,50,26400.0,8.9,0.416,0,3,1
16773,A,49,71200.0,4.0,0.473,1,2,0
16774,A,36,39500.0,13.7,0.383,2,1,0
16775,B,40,45800.0,5.5,0.631,0,3,0
16776,A,29,31700.0,10.2,0.228,0,2,0
16777,A,51,39700.0,3.6,0.123,0,1,0
16778,A,64,96400.0,7.6,0.299,2,4,0
16779,A,54,87700.0,9.1,0.376,1,1,0
16780,A,43,26300.0,14.7,0.253,0,1,0
16781,A,30,52300.0,8.0,0.567,0,1,0
16782,B,52,53300.0,11.5,0.402,2,3,1
16783,B,42,20000.0,10.0,0.385,0,4,0
16784,A,33,18400.0,19.6,0.405,0,2,0
16785,B,53,25000.0,3.7,0.259,0,3,0
16786,B,23,14400.0,9.2,0.335,0,4,0
16787,A,32,41200.0,1.2,0.424,0,3,0
16788,A,44,35900.0,27.0,0.3,0,3,0
16789,A,35,39600.0,4.9,0.378,0,5,0
16790,A,37,20700.0,12.7,0.126,0,4,0
16791,A,39,38200.0,6.7,0.067,0,3,0
16792,B,51,17700.0,2.3,0.378,1,5,0
16793,A,21,37600.0,13.5,0.281,0,4,0
16794,A,43,21100.0,2.9,0.169,1,1,0
16795,B,33,30200.0,7.2,0.369,1,4,1
16796,A,26,20500.0,14.6,0.248,0,2,0
16797,A,34,25900.0,17.9,0.349,0,2,0
16798,B,46,42200.0,7.3,0.34,0,4,0
16799,A,41,24100.0,22.3,0.438,0,1,0
16800,A,21,51600.0,4.7,0.291,0,2,0
16801,A,55,25400.0,21.9,0.297,0,4,0
16802,B,51,30600.0,5.3,0.505,0,5,0
16803,B,26,26000.0,8.9,0.311,1,3,0
16804,A,42,28600.0,18.2,0.266,1,1,0
16805,B,41,18500.0,6.1,0.094,0,2,0
16806,A,27,73400.0,6.2,0.289,0,1,1
16807,A,27,27400.0,6.2,0.303,0,5,0
16808,A,41,38600.0,2.0,0.459,0,2,0
16809,B,40,48500.0,10.7,0.534,0,4,0
16810,A,48,20800.0,5.8,0.284,0,1,0
16811,A,59,28800.0,2.4,0.243,0,4,0
16812,A,21,14500.0,11.4,0.31,0,1,0
16813,A,42,28100.0,7.3,0.407,1,2,0
16814,A,48,33700.0,5.0,0.586,0,1,1
16815,A,35,30100.0,10.7,0.351,0,2,0
16816,A,26,22300.0,2.9,0.165,0,3,0
16817,A,39,52800.0,8.9,0.16,0,2,0
16818,A,58,38600.0,9.6,0.437,0,1,0
16819,B,35,29100.0,2.1,0.416,0,3,0
16820,B,33,26900.0,2.2,0.181,1,3,1
16821,A,27,30000.0,8.7,0.325,0,3,0
16822,B,28,26600.0,5.5,0.183,1,2,0
16823,A,36,23100.0,4.9,0.02,0,1,0
16824,B,42,19800.0,3.8,0.547,0,2,1
16825,A,23,18200.0,9.1,0.238,1,1,0
16826,A,55,68000.0,11.7,0.246,1,4,1
16827,B,50,30800.0,2.2,0.403,1,1,0
16828,B,25,34800.0,10.9,0.261,1,2,0
16829,B,63,18500.0,3.7,0.172,0,5,0
16830,A,44,50200.0,8.9,0.329,3,1,0
16831,A,36,37700.0,8.7,0.418,1,1,0
16832,A,36,35900.0,13.6,0.469,0,1,0
16833,B,43,21000.0,7.1,0.437,0,2,0
16834,A,52,53300.0,8.6,0.288,0,2,0
16835,A,33,27500.0,8.4,0.197,2,5,1
16836,A,47,56800.0,19.6,0.163,1,1,0
16837,A,31,36500.0,6.4,0.21,1,1,0
16838,B,30,20500.0,3.0,0.232,0,1,0
16839,A,64,29400.0,13.7,0.407,0,3,0
16840,A,54,52800.0,7.8,0.395,1,3,0
16841,A,41,79500.0,1.7,0.309,0,1,0
16842,A,47,28400.0,22.1,0.447,0,2,0
16843,B,39,43700.0,4.6,0.519,0,5,0
16844,A,25,29000.0,8.8,0.461,0,1,0
16845,A,43,49100.0,10.0,0.344,0,1,0
16846,A,43,35100.0,6.3,0.318,0,5,0
16847,A,39,22100.0,9.3,0.351,0,1,0
16848,A,54,50200.0,4.7,0.17,0,5,0
16849,A,50,32500.0,12.6,0.24,0,1,0
16850,B,29,46100.0,4.1,0.64,1,4,0
16851,A,26,43800.0,19.5,0.222,1,3,0
16852,A,61,35500.0,14.3,0.324,0,2,0
16853,A,46,47100.0,18.4,0.264,0,3,0
16854,A,51,39100.0,4.4,0.342,2,1,1
16855,A,35,25800.0,20.8,0.246,0,2,0
16856,A,48,8900.0,4.7,0.175,0,5,0
16857,A,68,63100.0,7.1,0.285,0,4,1
16858,B,50,23500.0,13.1,0.471,2,5,1
16859,A,46,109100.0,10.3,0.326,1,2,0
16860,A,54,70100.0,4.5,0.277,0,2,0
16861,B,50,14000.0,10.0,0.552,1,4,0
16862,A,31,41300.0,10.2,0.515,0,4,1
16863,A,37,57000.0,3.3,0.301,0,2,1
16864,A,53,38300.0,3.6,0.363,0,1,0
16865,A,57,42400.0,6.6,0.337,1,3,0
16866,A,48,32500.0,6.7,0.338,0,4,0
16867,A,57,33200.0,9.5,0.308,0,1,0
16868,B,28,41400.0,1.9,0.314,1,5,0
16869,A,23,45000.0,7.9,0.217,0,1,0
16870,A,31,19200.0,6.9,0.524,1,3,1
16871,A,41,40600.0,1.6,0.188,0,3,0
16872,A,22,46200.0,8.5,0.405,0,4,0
16873,A,39,27600.0,11.3,0.368,0,2,0
16874,B,45,107100.0,0.9,0.473,0,1,1
16875,B,43,78600.0,7.9,0.638,0,1,1
16876,A,23,83800.0,18.8,0.405,0,1,0
16877,A,30,62600.0,18.1,0.192,1,2,0
16878,B,33,34500.0,11.0,0.298,0,1,0
16879,A,46,46400.0,14.5,0.174,0,1,0
16880,A,47,33000.0,5.6,0.31,0,1,0
16881,A,59,100500.0,14.6,0.229,0,5,0
16882,A,31,32500.0,23.0,0.333,2,1,0
16883,A,41,26200.0,12.3,0.452,1,5,0
16884,A,28,55300.0,23.3,0.364,0,3,0
16885,A,47,44300.0,16.1,0.239,2,2,0
16886,A,28,26800.0,7.8,0.373,0,2,0
16887,A,34,27800.0,5.4,0.343,1,2,0
16888,A,41,44800.0,9.9,0.3,1,1,0
16889,A,55,49600.0,8.8,0.535,0,4,0
16890,A,46,25700.0,6.1,0.441,0,1,0
16891,A,56,38400.0,6.0,0.385,2,3,1
16892,B,38,25400.0,4.1,0.537,0,1,0
16893,A,42,21500.0,21.3,0.405,0,5,0
16894,B,40,27700.0,5.5,0.247,2,4,1
16895,A,37,29800.0,4.5,0.15,1,2,0
16896,B,52,50800.0,8.4,0.359,0,5,0
16897,A,33,33300.0,7.2,0.32,0,2,0
16898,A,51,36000.0,2.7,0.398,0,3,0
16899,A,43,45600.0,7.2,0.324,0,3,0
16900,A,51,36600.0,2.7,0.355,0,3,0
16901,A,26,67900.0,11.3,0.386,0,3,0
16902,A,36,59800.0,17.8,0.42,0,3,0
16903,A,43,70000.0,4.8,0.652,0,1,0
16904,A,62,22000.0,24.3,0.228,0,1,0
16905,A,39,56900.0,1.3,0.116,1,3,0
16906,A,48,33600.0,10.7,0.213,3,2,0
16907,A,24,69000.0,3.3,0.225,0,5,0
16908,A,32,43700.0,4.7,0.15,1,4,0
16909,A,46,21000.0,5.1,0.32,0,1,0
16910,A,43,54200.0,11.3,0.237,1,1,0
16911,B,40,12400.0,4.9,0.592,1,5,0
16912,A,42,31000.0,5.0,0.353,0,1,0
16913,A,46,44900.0,9.7,0.178,0,4,0
16914,A,52,18400.0,8.1,0.323,0,4,1
16915,A,62,40700.0,5.4,0.462,0,1,0
16916,B,48,29100.0,2.6,0.062,2,5,0
16917,A,46,25800.0,14.0,0.311,0,1,0
16918,A,48,39300.0,6.8,0.239,1,2,0
16919,A,46,27000.0,11.0,0.411,0,2,0
16920,A,37,63300.0,17.5,0.485,0,5,0
16921,A,28,48200.0,3.7,0.311,0,1,0
16922,A,42,25600.0,4.9,0.279,2,1,0
16923,A,43,44300.0,10.9,0.199,1,2,0
16924,A,21,33100.0,14.9,0.443,0,1,0
16925,A,28,42300.0,22.0,0.15,2,1,0
16926,A,59,52400.0,2.3,0.02,0,2,0
16927,B,46,38600.0,1.6,0.219,0,4,1
16928,A,42,22300.0,8.5,0.332,1,3,0
16929,A,62,25800.0,9.0,0.294,0,2,0
16930,A,50,38500.0,5.4,0.311,0,3,0
16931,A,59,33600.0,11.0,0.218,1,2,1
16932,A,33,76500.0,16.4,0.234,0,1,0
16933,A,44,50200.0,5.4,0.347,2,2,1
16934,A,36,30200.0,7.7,0.429,1,1,0
16935,A,48,24300.0,1.4,0.02,2,2,0
16936,A,42,45900.0,11.7,0.302,1,1,0
16937,A,45,53500.0,6.1,0.295,0,2,0
16938,A,29,59700.0,17.8,0.391,0,2,0
16939,A,33,41300.0,8.3,0.376,0,1,0
16940,A,21,36400.0,8.0,0.459,1,4,0
16941,A,44,45300.0,7.9,0.49,0,2,1
16942,A,51,27900.0,13.8,0.097,0,1,0
16943,A,40,19800.0,6.7,0.421,1,1,0
16944,A,44,38600.0,9.5,0.319,0,3,0
16945,A,46,43300.0,10.5,0.166,0,1,0
16946,A,35,20100.0,3.3,0.326,1,1,1
16947,A,36,35500.0,18.5,0.351,1,4,0
16948,A,33,63300.0,11.8,0.176,0,3,0
16949,A,28,23200.0,14.8,0.142,0,3,0
16950,A,57,37100.0,14.4,0.258,0,1,0
16951,A,63,33500.0,14.8,0.078,0,1,1
16952,B,34,30100.0,2.2,0.296,0,5,0
16953,A,59,61200.0,18.1,0.529,0,3,0
16954,A,36,53600.0,12.9,0.406,0,2,0
16955,A,34,81300.0,7.4,0.627,0,1,1
16956,A,48,35300.0,12.8,0.427,0,1,0
16957,B,44,33700.0,6.3,0.734,1,5,1
16958,B,25,13900.0,7.5,0.484,0,1,1
16959,A,31,32800.0,2.7,0.324,0,3,0
16960,A,41,32800.0,1.6,0.255,0,1,0
16961,A,45,50100.0,8.6,0.309,1,1,0
16962,B,51,37700.0,8.0,0.207,0,3,0
16963,B,39,37200.0,8.5,0.536,1,4,1
16964,B,58,20400.0,2.0,0.251,1,5,0
16965,A,50,30400.0,6.1,0.227,1,2,0
16966,A,45,36600.0,4.1,0.395,1,2,0
16967,A,46,53000.0,6.4,0.036,1,2,0
16968,A,46,29900.0,22.6,0.26,0,1,0
16969,A,26,46500.0,12.6,0.445,1,4,0
16970,B,45,36900.0,2.6,0.42,0,5,0
16971,B,38,33900.0,1.9,0.446,1,4,1
16972,A,31,42600.0,3.5,0.314,1,4,0
16973,A,46,14100.0,7.3,0.438,0,5,0
16974,B,57,26000.0,1.2,0.247,1,3,0
16975,A,51,33100.0,5.8,0.507,0,3,0
16976,A,50,43400.0,7.5,0.447,0,2,0
16977,A,41,46900.0,2.3,0.26,0,3,0
16978,A,37,34900.0,11.6,0.22,0,1,0
16979,B,34,55000.0,8.8,0.494,0,1,0
16980,B,43,14900.0,8.3,0.253,0,3,0
16981,A,39,30500.0,11.1,0.336,0,2,0
16982,A,33,23000.0,5.3,0.499,0,1,0
16983,A,24,16200.0,12.2,0.195,1,4,0
16984,B,21,39500.0,9.6,0.447,0,3,0
16985,B,33,60900.0,16.3,0.481,2,3,1
16986,B,51,48500.0,10.2,0.486,0,5,0
16987,B,52,38000.0,6.6,0.481,0,4,0
16988,A,39,44500.0,11.8,0.229,0,2,0
16989,A,50,50600.0,6.2,0.214,2,1,0
16990,B,26,31200.0,1.5,0.563,1,4,0
16991,A,31,55600.0,1.7,0.358,1,1,1
16992,B,42,21800.0,1.7,0.257,0,1,0
16993,A,21,26800.0,3.6,0.272,0,5,1
16994,A,48,28600.0,7.4,0.217,0,3,0
16995,B,26,43200.0,2.1,0.399,0,2,1
16996,B,65,25000.0,3.0,0.266,0,4,0
16997,A,40,26300.0,12.9,0.216,0,2,0
16998,A,48,48400.0,3.5,0.338,0,2,0
16999,A,37,27200.0,14.3,0.257,0,1,0
17000,B,39,25400.0,1.9,0.225,0,1,0
17001,B,53,30300.0,15.2,0.321,0,4,0
17002,A,41,55500.0,8.1,0.436,2,4,0
17003,B,40,42800.0,3.0,0.472,1,5,1
17004,A,34,38300.0,7.4,0.278,1,2,0
17005,A,29,106700.0,8.1,0.59,0,1,0
17006,B,46,18000.0,10.3,0.18,1,5,0
17007,B,43,10700.0,14.8,0.29,0,5,1
17008,A,40,24800.0,6.7,0.336,1,3,1
17009,A,40,30800.0,8.5,0.534,0,1,0
17010,A,33,36300.0,8.5,0.344,0,2,0
17011,B,43,43400.0,4.6,0.342,2,1,1
17012,A,55,51400.0,3.4,0.352,1,4,1
17013,A,40,49600.0,7.7,0.543,0,3,0
17014,B,50,78600.0,3.2,0.414,0,5,0
17015,B,42,23200.0,2.5,0.587,0,5,1
17016,B,40,37000.0,3.2,0.202,0,4,0
17017,B,48,16900.0,0.4,0.464,0,5,1
17018,A,51,38600.0,4.1,0.356,0,2,0
17019,A,42,42000.0,2.9,0.145,0,3,0
17020,A,60,25800.0,3.8,0.303,0,2,0
17021,A,26,29900.0,7.2,0.395,2,5,1
17022,B,42,27000.0,0.6,0.219,0,4,1
17023,B,33,16600.0,14.9,0.303,1,5,0
17024,A,58,28100.0,5.3,0.465,1,2,0
17025,A,53,63900.0,7.1,0.432,0,3,0
17026,A,53,65300.0,3.5,0.38,1,4,0
17027,B,38,37400.0,1.9,0.315,0,4,0
17028,A,41,27900.0,9.5,0.24,1,2,0
17029,A,71,70000.0,6.7,0.708,0,4,0
17030,A,40,90800.0,20.5,0.534,0,1,0
17031,A,48,35700.0,14.0,0.316,0,3,0
17032,A,33,20400.0,19.8,0.38,0,1,0
17033,A,31,32400.0,11.9,0.25,0,2,0
17034,A,41,61200.0,11.0,0.253,0,1,0
17035,A,43,29000.0,8.0,0.21,1,5,0
17036,B,44,20300.0,3.1,0.309,0,4,0
17037,A,36,31700.0,10.8,0.425,0,1,0
17038,A,38,17500.0,11.1,0.388,0,4,0
17039,B,44,52900.0,1.5,0.501,0,3,0
17040,A,33,38000.0,26.7,0.13,0,3,0
17041,B,46,18100.0,1.8,0.185,2,4,0
17042,A,37,40100.0,9.1,0.346,1,2,0
17043,A,40,14100.0,8.6,0.192,0,3,0
17044,A,45,24800.0,22.7,0.379,0,4,0
17045,A,36,50100.0,14.1,0.385,0,1,0
17046,A,39,24900.0,6.1,0.268,1,2,0
17047,A,49,9400.0,19.1,0.245,1,5,0
17048,B,36,40300.0,0.4,0.355,1,4,0
17049,A,28,25000.0,4.0,0.438,1,2,1
17050,A,39,26000.0,13.8,0.421,0,2,0
17051,A,44,37200.0,10.6,0.02,0,2,0
17052,A,46,52700.0,7.5,0.124,1,3,0
17053,A,58,33300.0,5.2,0.372,0,3,0
17054,B,32,23000.0,1.0,0.549,0,4,1
17055,A,41,86200.0,3.0,0.337,0,2,1
17056,B,38,17400.0,13.7,0.402,0,5,0
17057,B,42,42000.0,6.5,0.02,1,5,0
17058,A,39,59700.0,8.0,0.168,0,2,0
17059,A,26,42000.0,5.9,0.264,0,3,0
17060,A,32,24100.0,7.1,0.16,1,1,0
17061,A,33,28500.0,20.7,0.368,1,4,0
17062,B,34,27200.0,5.2,0.263,0,3,0
17063,A,45,15000.0,14.9,0.224,0,2,0
17064,A,32,29000.0,9.1,0.196,0,3,0
17065,B,43,24500.0,1.1,0.253,1,3,0
17066,A,53,55800.0,12.1,0.116,0,3,0
17067,B,21,16600.0,2.1,0.268,0,4,0
17068,A,37,37900.0,3.2,0.498,0,2,1
17069,B,50,10700.0,11.1,0.419,2,3,1
17070,A,38,56500.0,6.8,0.469,0,1,0
17071,B,60,40300.0,2.6,0.445,0,1,0
17072,A,60,35000.0,10.3,0.071,0,2,0
17073,A,43,31400.0,26.0,0.351,0,1,0
17074,B,39,28200.0,6.1,0.221,0,5,0
17075,B,55,14100.0,11.7,0.28,1,3,0
17076,B,28,66500.0,14.2,0.488,1,4,0
17077,A,61,54700.0,5.3,0.326,0,4,0
17078,A,60,37900.0,6.7,0.427,0,3,0
17079,A,40,14200.0,4.4,0.442,1,3,1
17080,B,47,48100.0,3.1,0.331,0,4,0
17081,A,37,27300.0,12.7,0.129,1,3,0
17082,A,46,23100.0,1.1,0.346,0,4,0
17083,B,38,48300.0,4.8,0.332,0,4,0
17084,A,55,49200.0,6.0,0.207,0,4,0
17085,B,27,26500.0,8.0,0.527,0,3,1
17086,A,39,45900.0,3.6,0.39,1,2,0
17087,A,45,43800.0,8.5,0.391,1,2,0
17088,A,37,13900.0,6.3,0.321,0,2,0
17089,B,24,16800.0,7.5,0.264,1,4,0
17090,A,44,60000.0,1.9,0.193,0,3,0
17091,A,42,50900.0,12.8,0.32,1,1,0
17092,A,44,40400.0,17.6,0.378,0,3,0
17093,A,51,86100.0,11.2,0.084,0,2,0
17094,A,35,55800.0,11.4,0.341,0,1,0
17095,A,24,78800.0,3.0,0.274,0,1,0
17096,A,33,30900.0,2.6,0.214,0,2,0
17097,B,43,38100.0,12.6,0.461,0,3,0
17098,B,50,20000.0,3.6,0.403,0,1,0
17099,A,57,34400.0,15.2,0.544,0,3,0
17100,B,25,19700.0,6.9,0.58,0,1,1
17101,B,33,36900.0,5.1,0.382,0,4,0
17102,B,52,20400.0,6.5,0.34,0,3,0
17103,A,48,31300.0,4.2,0.207,0,5,0
17104,A,44,44700.0,9.4,0.444,1,1,0
17105,A,21,24100.0,13.0,0.329,0,2,0
17106,B,54,32800.0,8.4,0.284,1,4,0
17107,A,72,47600.0,3.8,0.519,0,2,0
17108,B,40,46000.0,2.5,0.528,1,4,0
17109,A,45,36500.0,4.9,0.348,3,2,0
17110,A,21,92200.0,6.3,0.325,0,5,0
17111,A,27,25000.0,1.6,0.318,0,1,0
17112,A,37,65100.0,6.8,0.279,0,2,0
17113,A,30,97300.0,9.1,0.1,1,4,0
17114,A,39,29000.0,6.5,0.292,2,2,0
17115,A,58,25900.0,15.4,0.274,1,2,0
17116,A,28,21700.0,11.4,0.325,1,2,0
17117,A,60,30800.0,3.2,0.133,0,3,0
17118,A,67,66900.0,21.7,0.294,0,3,0
17119,A,47,32100.0,9.9,0.378,0,5,0
17120,B,27,23700.0,3.1,0.429,0,1,0
17121,A,34,19600.0,4.5,0.406,0,2,1
17122,B,35,44300.0,11.4,0.253,1,4,0
17123,A,28,113100.0,7.7,0.371,3,2,0
17124,A,34,39700.0,7.0,0.309,0,2,0
17125,A,53,35300.0,2.7,0.228,0,1,0
17126,A,47,27200.0,10.1,0.188,1,2,0
17127,A,42,30900.0,11.6,0.198,0,3,0
17128,A,37,73300.0,16.2,0.39,2,2,0
17129,A,46,31300.0,13.2,0.221,2,1,0
17130,A,35,43300.0,10.1,0.396,1,2,0
17131,A,58,21300.0,8.6,0.2,1,2,0
17132,A,51,44800.0,5.5,0.234,0,1,0
17133,A,33,52900.0,5.0,0.364,1,1,0
17134,B,51,38300.0,4.8,0.449,1,4,1
17135,B,57,37900.0,5.0,0.287,0,5,0
17136,A,36,28500.0,10.4,0.111,0,1,0
17137,A,42,34800.0,4.8,0.134,0,1,0
17138,A,39,31700.0,3.2,0.365,0,1,1
17139,A,70,54300.0,19.7,0.408,0,1,0
17140,A,59,23700.0,12.8,0.406,1,2,0
17141,B,50,21600.0,0.2,0.296,0,4,0
17142,A,37,13200.0,12.4,0.38,0,1,0
17143,A,56,95300.0,10.8,0.227,1,1,0
17144,B,30,16400.0,5.0,0.205,0,2,0
17145,B,57,36400.0,8.9,0.215,0,4,0
17146,B,50,23600.0,1.9,0.438,0,5,0
17147,A,58,80100.0,5.9,0.39,1,1,0
17148,A,55,29400.0,3.5,0.376,0,1,0
17149,A,21,27200.0,5.9,0.27,0,3,0
17150,B,29,21300.0,3.5,0.519,1,4,1
17151,A,55,36200.0,13.1,0.696,1,3,0
17152,B,27,41100.0,5.2,0.206,2,5,0
17153,A,52,58400.0,9.5,0.342,2,1,0
17154,A,43,41000.0,16.3,0.254,1,3,0
17155,A,51,66100.0,10.2,0.479,1,1,0
17156,A,55,25800.0,3.9,0.494,0,2,0
17157,A,37,58800.0,9.8,0.493,1,1,0
17158,A,52,81300.0,5.8,0.219,0,2,0
17159,A,23,81100.0,5.8,0.213,0,3,0
17160,A,30,72000.0,5.7,0.277,1,2,0
17161,A,59,41200.0,4.1,0.395,0,2,1
17162,A,50,53500.0,6.1,0.212,1,3,0
17163,A,50,36600.0,14.0,0.23,0,1,0
17164,A,43,69400.0,8.6,0.406,0,4,0
17165,A,41,26300.0,9.2,0.278,1,1,0
17166,A,61,25200.0,7.4,0.517,0,4,1
17167,A,74,63500.0,9.2,0.321,0,1,0
17168,A,46,50800.0,9.8,0.372,1,4,0
17169,A,36,30000.0,7.9,0.054,0,1,0
17170,A,27,57600.0,14.5,0.335,0,1,0
17171,A,31,66600.0,23.4,0.564,0,3,0
17172,A,40,44400.0,5.9,0.215,0,2,0
17173,A,56,43700.0,20.7,0.052,1,2,0
17174,A,52,43600.0,9.5,0.368,0,3,0
17175,A,34,37200.0,1.9,0.321,0,3,0
17176,A,23,65400.0,9.5,0.258,0,2,0
17177,A,44,50600.0,5.7,0.423,1,3,0
17178,A,26,39000.0,16.6,0.13,0,3,0
17179,B,25,24000.0,2.3,0.513,1,3,1
17180,A,43,34200.0,9.7,0.358,0,3,0
17181,A,55,67200.0,7.1,0.406,1,1,0
17182,A,21,26100.0,3.3,0.144,0,4,0
17183,A,34,36400.0,2.4,0.309,0,3,0
17184,A,50,73500.0,10.4,0.173,1,1,0
17185,A,32,35900.0,2.8,0.305,1,3,0
17186,A,56,18800.0,10.5,0.327,0,5,0
17187,A,42,19100.0,12.5,0.173,0,2,0
17188,A,42,12700.0,2.7,0.239,0,2,0
17189,B,44,34000.0,5.4,0.246,0,4,0
17190,A,40,47400.0,4.6,0.39,1,1,0
17191,A,31,12900.0,3.2,0.386,0,2,0
17192,A,41,38000.0,6.4,0.341,0,2,0
17193,A,45,30900.0,4.1,0.255,1,4,0
17194,A,59,59000.0,5.7,0.354,0,1,0
17195,A,51,33600.0,9.3,0.31,0,1,0
17196,A,29,28600.0,8.2,0.169,0,2,0
17197,A,56,21300.0,8.7,0.291,1,1,1
17198,A,57,32200.0,4.8,0.394,0,5,0
17199,A,49,37000.0,10.6,0.313,0,1,0
17200,A,44,59500.0,12.4,0.349,1,4,0
17201,A,54,63000.0,12.3,0.204,0,1,0
17202,A,21,50100.0,9.1,0.02,1,3,0
17203,B,39,30700.0,2.1,0.147,0,4,0
17204,B,51,22400.0,1.9,0.358,1,2,1
17205,B,61,45000.0,5.6,0.351,1,1,0
17206,A,23,76400.0,11.0,0.065,0,1,0
17207,B,33,44100.0,9.7,0.251,0,4,0
17208,A,61,23000.0,7.2,0.295,0,2,0
17209,A,51,46600.0,10.6,0.584,0,4,0
17210,B,32,42300.0,11.5,0.427,1,4,0
17211,A,52,55100.0,17.2,0.474,1,2,0
17212,B,39,21700.0,9.0,0.357,0,5,1
17213,A,22,55700.0,15.5,0.357,0,3,0
17214,A,44,30500.0,3.4,0.149,2,1,0
17215,A,38,48600.0,8.5,0.02,0,1,0
17216,A,23,17700.0,8.9,0.228,0,4,0
17217,A,66,30600.0,5.3,0.149,1,2,0
17218,A,37,24400.0,3.4,0.254,0,1,0
17219,A,31,45700.0,5.8,0.271,0,3,0
17220,A,57,112500.0,7.7,0.243,0,4,0
17221,A,50,42900.0,8.0,0.352,0,4,0
17222,B,51,32400.0,0.5,0.224,0,2,0
17223,A,63,41500.0,7.3,0.215,1,1,0
17224,A,33,65400.0,6.3,0.196,0,2,1
17225,B,33,21100.0,2.4,0.499,1,3,1
17226,A,38,35800.0,15.3,0.065,0,2,0
17227,B,42,40300.0,10.1,0.54,0,4,1
17228,A,33,27600.0,7.1,0.081,0,2,0
17229,A,40,42700.0,5.1,0.489,1,4,1
17230,A,44,20000.0,4.1,0.41,1,5,1
17231,A,47,76600.0,11.1,0.37,1,1,0
17232,A,48,49300.0,3.6,0.332,0,2,0
17233,A,59,78000.0,4.6,0.289,0,1,0
17234,A,28,68200.0,3.1,0.396,0,2,0
17235,A,48,36000.0,8.3,0.127,1,3,0
17236,A,32,75200.0,16.3,0.413,0,3,0
17237,A,44,16800.0,10.5,0.562,0,2,0
17238,A,35,29200.0,9.5,0.337,0,1,0
17239,A,56,35100.0,13.7,0.279,0,3,0
17240,A,21,56400.0,4.1,0.363,0,2,0
17241,A,41,57900.0,6.3,0.189,1,1,0
17242,A,32,36300.0,12.4,0.228,0,5,0
17243,B,47,49700.0,6.6,0.123,1,4,0
17244,A,22,56500.0,14.2,0.223,1,1,0
17245,A,31,20900.0,8.1,0.371,1,3,0
17246,A,34,61200.0,16.9,0.339,0,1,0
17247,B,45,15500.0,5.3,0.59,0,5,0
17248,B,51,37100.0,10.3,0.389,1,4,0
17249,A,53,21200.0,6.9,0.522,0,1,1
17250,A,57,47200.0,9.9,0.243,2,1,0
17251,B,35,19800.0,5.3,0.414,0,4,0
17252,A,34,41500.0,10.2,0.098,0,3,0
17253,A,35,41600.0,14.0,0.241,1,1,0
17254,A,45,34300.0,21.1,0.139,0,5,0
17255,A,52,44100.0,11.7,0.138,0,2,0
17256,B,26,46600.0,11.9,0.402,2,4,0
17257,B,52,18900.0,3.1,0.247,0,4,0
17258,A,52,28400.0,9.3,0.306,1,1,0
17259,A,31,29400.0,15.1,0.332,0,4,0
17260,A,30,29700.0,30.0,0.47,0,4,0
17261,B,36,22700.0,3.2,0.549,0,3,1
17262,A,48,36200.0,4.2,0.621,0,3,1
17263,A,41,36100.0,2.4,0.471,1,2,1
17264,A,64,57400.0,14.5,0.298,2,4,0
17265,A,57,27400.0,14.8,0.229,0,3,0
17266,A,44,25100.0,10.2,0.592,1,1,1
17267,A,38,29000.0,16.7,0.185,0,3,0
17268,B,49,20300.0,4.8,0.543,0,5,0
17269,A,62,54400.0,13.2,0.529,0,1,0
17270,B,39,23900.0,2.9,0.302,0,4,0
17271,B,42,60900.0,9.1,0.232,0,1,0
17272,B,32,19600.0,1.8,0.323,2,5,0
17273,A,38,59800.0,12.8,0.344,0,1,0
17274,A,32,45800.0,6.2,0.381,0,2,0
17275,A,54,25900.0,6.6,0.332,1,3,0
17276,A,32,55700.0,5.6,0.304,0,4,0
17277,A,54,47200.0,2.4,0.138,1,3,0
17278,B,40,60000.0,9.4,0.368,0,5,0
17279,A,53,40100.0,4.3,0.166,1,5,0
17280,A,21,98700.0,6.7,0.429,2,4,0
17281,B,38,44000.0,21.1,0.285,0,3,0
17282,A,34,67000.0,10.0,0.354,1,2,0
17283,A,40,20700.0,9.5,0.403,1,4,1
17284,B,21,49100.0,2.6,0.217,1,5,0
17285,A,21,40900.0,10.8,0.404,0,1,0
17286,B,21,51000.0,13.5,0.236,0,5,0
17287,B,40,23400.0,0.8,0.125,0,4,0
17288,A,33,19200.0,7.3,0.125,2,3,0
17289,A,34,25800.0,9.1,0.293,0,4,0
17290,A,62,31900.0,10.5,0.158,0,5,0
17291,A,31,42200.0,1.4,0.401,0,1,0
17292,A,61,25100.0,4.6,0.082,0,1,0
17293,B,60,37700.0,3.4,0.312,0,5,0
17294,B,38,26900.0,4.5,0.379,0,5,0
17295,A,57,45300.0,8.8,0.281,0,2,0
17296,B,48,20500.0,3.2,0.353,0,3,0
17297,A,53,34700.0,6.1,0.142,1,3,0
17298,A,41,12800.0,11.4,0.163,0,2,0
17299,A,49,54700.0,3.7,0.386,1,4,1
17300,B,38,30400.0,5.7,0.413,1,5,0
17301,A,43,26500.0,8.7,0.182,0,2,0
17302,A,35,76500.0,11.2,0.283,0,2,0
17303,A,33,30400.0,5.7,0.157,0,1,0
17304,B,38,27500.0,5.0,0.376,2,4,0
17305,A,30,38900.0,7.8,0.294,1,3,0
17306,A,21,32800.0,11.3,0.172,0,4,0
17307,A,37,29100.0,12.0,0.197,1,4,0
17308,A,40,21400.0,5.9,0.275,0,5,0
17309,A,53,18900.0,7.0,0.165,0,5,0
17310,B,56,64800.0,4.5,0.241,1,2,0
17311,A,60,23300.0,12.5,0.444,0,3,1
17312,A,41,40800.0,14.9,0.252,0,1,0
17313,A,37,49100.0,11.5,0.242,1,3,0
17314,A,44,50200.0,16.1,0.21,0,2,0
17315,A,39,31000.0,7.0,0.219,0,5,0
17316,B,54,41000.0,3.4,0.263,0,4,0
17317,A,44,39100.0,7.8,0.229,0,3,0
17318,B,36,23300.0,2.3,0.2,1,5,0
17319,A,39,18800.0,5.8,0.207,1,3,0
17320,A,38,20600.0,16.0,0.232,0,3,0
17321,B,47,43500.0,5.9,0.482,0,4,0
17322,A,41,85300.0,11.4,0.236,0,2,0
17323,A,34,38400.0,4.0,0.26,0,3,0
17324,A,63,40800.0,10.0,0.405,0,1,0
17325,A,47,42400.0,6.6,0.442,0,3,0
17326,B,29,22600.0,12.8,0.287,1,4,0
17327,A,48,67400.0,5.1,0.239,0,2,0
17328,A,53,26200.0,5.3,0.272,0,2,0
17329,B,21,14400.0,3.9,0.525,1,3,1
17330,B,55,26200.0,7.6,0.159,1,5,0
17331,A,26,34000.0,11.1,0.384,0,2,0
17332,B,55,26800.0,1.8,0.236,1,3,0
17333,A,45,40800.0,17.7,0.149,2,2,0
17334,B,32,42500.0,6.9,0.25,0,5,0
17335,A,52,20200.0,7.9,0.12,1,3,0
17336,A,36,78200.0,14.7,0.298,0,3,0
17337,A,51,32300.0,7.2,0.403,0,1,0
17338,A,63,112000.0,13.0,0.395,0,3,0
17339,B,42,23400.0,17.8,0.253,0,5,0
17340,B,60,26200.0,9.8,0.368,1,5,0
17341,B,35,34400.0,5.7,0.357,0,4,0
17342,A,31,59300.0,15.9,0.386,0,1,0
17343,A,44,52900.0,6.6,0.038,0,1,0
17344,A,44,46600.0,9.7,0.182,0,3,0
17345,A,66,25400.0,6.1,0.185,0,3,0
17346,B,30,45400.0,11.3,0.44,0,5,0
17347,B,75,58000.0,3.7,0.25,1,3,0
17348,A,35,67300.0,4.2,0.286,1,2,0
17349,A,42,34000.0,9.1,0.384,0,3,1
17350,A,26,18900.0,27.6,0.297,2,2,0
17351,A,37,15200.0,19.5,0.225,0,2,0
17352,B,54,27600.0,5.9,0.205,1,5,1
17353,A,37,38400.0,11.5,0.4,0,4,0
17354,A,37,38700.0,4.5,0.068,2,3,0
17355,A,47,66400.0,10.7,0.456,1,1,0
17356,B,25,22200.0,3.9,0.44,0,5,0
17357,A,59,41500.0,7.6,0.339,0,4,0
17358,B,58,39500.0,2.7,0.395,1,4,1
17359,A,42,48500.0,6.4,0.02,0,1,0
17360,B,53,14700.0,6.8,0.372,0,5,0
17361,A,35,52200.0,5.3,0.204,1,2,0
17362,A,29,33400.0,5.0,0.291,2,1,0
17363,A,52,23100.0,10.7,0.269,0,1,0
17364,B,39,22000.0,3.0,0.308,0,1,0
17365,B,30,47000.0,2.8,0.177,1,3,0
17366,A,48,65400.0,8.2,0.327,0,1,0
17367,A,40,50800.0,8.5,0.319,0,1,1
17368,A,34,29100.0,17.9,0.504,0,3,0
17369,B,43,43100.0,5.8,0.077,1,3,0
17370,A,43,41300.0,24.9,0.197,0,2,0
17371,A,43,51800.0,10.5,0.543,0,4,1
17372,A,42,30200.0,16.4,0.204,0,1,0
17373,B,43,33300.0,16.5,0.357,1,5,0
17374,A,68,54400.0,9.0,0.138,0,1,0
17375,B,42,61700.0,2.2,0.333,2,2,0
17376,B,47,16200.0,4.8,0.389,1,5,0
17377,A,36,43800.0,16.1,0.342,0,2,0
17378,A,23,66800.0,18.7,0.44,0,1,0
17379,B,34,45300.0,8.5,0.075,0,3,0
17380,B,40,28400.0,6.8,0.265,0,4,0
17381,A,50,13900.0,7.1,0.274,0,1,0
17382,A,41,36700.0,10.9,0.092,0,3,0
17383,B,50,26500.0,5.8,0.463,0,5,1
17384,B,35,20000.0,6.6,0.256,0,4,0
17385,B,34,28400.0,1.1,0.197,0,4,0
17386,A,47,28100.0,8.5,0.471,0,1,0
17387,A,36,31500.0,20.6,0.326,0,1,0
17388,B,28,95900.0,8.2,0.733,1,2,0
17389,A,51,19800.0,6.3,0.308,0,1,1
17390,A,43,34200.0,9.9,0.336,0,1,0
17391,A,45,47900.0,4.6,0.243,0,2,0
17392,A,58,39600.0,13.8,0.359,0,2,0
17393,A,38,36100.0,9.3,0.279,0,3,0
17394,A,46,41100.0,15.3,0.167,1,1,0
17395,A,60,37400.0,2.6,0.212,0,4,0
17396,A,55,35300.0,10.3,0.563,0,2,0
17397,A,47,38700.0,4.3,0.112,0,2,0
17398,A,27,31000.0,10.4,0.415,1,5,0
17399,A,35,45100.0,2.3,0.503,0,3,1
17400,A,31,28500.0,8.3,0.401,0,2,0
17401,B,48,28100.0,7.2,0.055,0,4,0
17402,B,40,23500.0,2.4,0.173,0,4,0
17403,A,50,85700.0,15.8,0.213,0,2,0
17404,A,47,45600.0,4.3,0.289,2,1,0
17405,A,51,16500.0,7.4,0.172,0,3,0
17406,A,44,43300.0,13.4,0.271,1,4,0
17407,B,35,21400.0,5.3,0.496,0,3,0
17408,A,27,61400.0,17.4,0.322,0,1,0
17409,B,31,35800.0,8.5,0.181,1,1,0
17410,A,30,47300.0,13.7,0.35,0,3,0
17411,A,47,53900.0,4.5,0.123,0,3,0
17412,B,59,47000.0,5.3,0.183,1,5,0
17413,A,46,19900.0,5.2,0.02,1,3,0
17414,A,52,37900.0,2.9,0.253,0,3,0
17415,A,30,44700.0,6.8,0.232,0,3,0
17416,B,40,10000.0,9.9,0.211,2,4,0
17417,B,47,38700.0,1.6,0.417,0,1,0
17418,A,40,100100.0,10.6,0.29,0,2,0
17419,A,40,44800.0,7.0,0.207,1,4,0
17420,A,60,20000.0,21.0,0.351,1,3,0
17421,A,33,31500.0,11.0,0.456,1,2,1
17422,A,33,33100.0,4.4,0.238,0,1,0
17423,A,43,54900.0,10.4,0.56,0,3,1
17424,A,44,85200.0,4.8,0.466,0,1,0
17425,A,52,31100.0,6.4,0.429,0,3,0
17426,A,35,23600.0,7.5,0.209,0,1,0
17427,A,40,42800.0,14.7,0.409,0,3,0
17428,A,32,42000.0,17.8,0.32,1,1,0
17429,B,30,72200.0,2.7,0.281,0,5,0
17430,A,42,42300.0,7.9,0.466,0,2,0
17431,B,54,18200.0,3.8,0.443,1,3,1
17432,A,33,14400.0,19.3,0.146,0,1,0
17433,A,40,50400.0,23.6,0.231,0,2,0
17434,A,33,45100.0,10.4,0.26,0,2,0
17435,A,23,31000.0,12.7,0.355,0,3,0
17436,A,42,32700.0,5.0,0.078,0,2,0
17437,A,50,66500.0,8.7,0.37,0,1,0
17438,B,31,67800.0,0.5,0.551,0,5,0
17439,A,38,30200.0,14.9,0.404,0,2,0
17440,A,33,30200.0,6.7,0.44,0,1,0
17441,B,44,15900.0,9.1,0.463,0,1,0
17442,A,31,41900.0,4.1,0.231,0,1,0
17443,A,53,22400.0,16.0,0.314,0,2,0
17444,B,29,41300.0,22.8,0.692,0,4,0
17445,A,41,18200.0,2.7,0.293,0,3,0
17446,A,54,25400.0,4.0,0.354,0,1,0
17447,A,64,31600.0,17.2,0.205,0,5,0
17448,A,36,19300.0,11.8,0.288,1,4,0
17449,A,68,45300.0,4.2,0.094,0,3,0
17450,B,52,21500.0,8.4,0.487,1,5,1
17451,B,32,57700.0,4.4,0.618,1,3,0
17452,A,44,26000.0,4.3,0.116,0,2,0
17453,B,46,40400.0,3.6,0.413,1,5,0
17454,B,39,31900.0,5.3,0.394,0,4,0
17455,A,45,46900.0,1.6,0.452,0,1,0
17456,B,26,36300.0,6.3,0.357,1,5,0
17457,A,41,60500.0,5.6,0.282,0,1,0
17458,A,21,31000.0,9.3,0.352,0,1,0
17459,A,34,28500.0,23.0,0.483,0,2,0
17460,B,37,33700.0,4.2,0.065,0,2,0
17461,A,58,91200.0,14.0,0.21,0,3,0
17462,A,33,51700.0,15.6,0.46,0,2,0
17463,B,33,37200.0,8.0,0.136,1,4,0
17464,A,21,46400.0,10.3,0.356,0,1,0
17465,A,22,53400.0,20.4,0.353,1,4,0
17466,B,44,62900.0,3.7,0.375,1,3,0
17467,B,46,31800.0,2.6,0.436,0,4,0
17468,A,58,28700.0,5.4,0.02,0,1,0
17469,A,48,34700.0,4.3,0.101,0,2,0
17470,A,21,30800.0,18.5,0.216,0,5,0
17471,B,46,62900.0,7.7,0.342,0,1,0
17472,A,33,60200.0,1.9,0.27,1,1,0
17473,A,40,69100.0,3.5,0.246,0,1,0
17474,A,33,23600.0,12.2,0.504,2,1,1
17475,A,31,32400.0,4.8,0.357,0,3,0
17476,A,42,34200.0,8.9,0.281,0,4,0
17477,B,38,76300.0,4.7,0.381,0,3,0
17478,A,46,27800.0,10.5,0.306,2,5,0
17479,B,50,23500.0,2.2,0.345,0,5,0
17480,A,41,24900.0,6.9,0.299,0,3,0
17481,B,38,25800.0,3.7,0.327,0,1,0
17482,A,34,37100.0,1.4,0.296,0,3,0
17483,B,24,18200.0,6.7,0.362,0,4,0
17484,A,57,69900.0,5.1,0.397,1,2,1
17485,A,47,32200.0,11.8,0.314,0,1,0
17486,A,36,55200.0,4.7,0.348,0,3,0
17487,A,27,65000.0,20.7,0.498,0,4,0
17488,A,37,36600.0,12.2,0.546,0,1,0
17489,A,34,59600.0,14.3,0.485,1,5,0
17490,A,45,41300.0,14.5,0.322,1,3,0
17491,A,39,38400.0,10.4,0.39,0,4,0
17492,A,48,32300.0,8.0,0.253,0,2,0
17493,A,55,78000.0,3.4,0.218,1,3,1
17494,A,27,81700.0,15.7,0.358,0,3,0
17495,A,32,104600.0,10.2,0.371,0,2,0
17496,B,57,14900.0,6.6,0.384,0,5,1
17497,A,29,49300.0,9.7,0.408,1,1,0
17498,B,42,28500.0,2.3,0.504,1,2,0
17499,A,55,62200.0,13.1,0.419,0,2,0
17500,A,21,41000.0,12.3,0.294,0,2,0
17501,A,49,31900.0,11.4,0.349,0,4,0
17502,A,37,20600.0,3.3,0.299,0,3,0
17503,A,27,39800.0,7.8,0.406,0,2,0
17504,A,37,32400.0,14.3,0.607,0,2,1
17505,B,25,13500.0,4.0,0.308,2,4,0
17506,B,38,44100.0,2.8,0.049,1,3,0
17507,A,44,42100.0,6.0,0.209,1,3,0
17508,A,42,64500.0,11.2,0.29,1,3,0
17509,A,38,44000.0,14.2,0.082,0,4,0
17510,A,67,33200.0,5.8,0.39,1,2,0
17511,A,34,33700.0,10.9,0.208,0,1,0
17512,A,43,36400.0,6.2,0.601,0,2,1
17513,A,42,42100.0,4.4,0.228,1,2,0
17514,A,36,105300.0,1.3,0.115,0,3,0
17515,A,67,48600.0,3.6,0.319,0,4,0
17516,A,46,30000.0,10.4,0.147,1,2,0
17517,A,52,42600.0,4.3,0.399,2,5,1
17518,A,57,20500.0,16.0,0.373,0,2,0
17519,A,33,33700.0,8.1,0.14,1,4,0
17520,B,48,38200.0,6.9,0.391,0,3,0
17521,A,62,49100.0,1.9,0.395,1,2,0
17522,A,26,55100.0,5.9,0.387,3,1,0
17523,A,42,24000.0,13.2,0.386,0,2,0
17524,A,46,33500.0,5.0,0.519,0,4,0
17525,A,50,49200.0,18.5,0.107,1,2,0
17526,A,38,46700.0,2.7,0.251,0,1,0
17527,B,41,29800.0,11.2,0.545,1,4,0
17528,A,22,63600.0,11.0,0.225,0,1,0
17529,A,42,41400.0,12.2,0.337,1,2,0
17530,A,48,55800.0,8.9,0.231,1,1,0
17531,A,31,24200.0,7.9,0.471,0,4,0
17532,A,67,62900.0,5.6,0.483,0,1,0
17533,A,48,17000.0,11.4,0.554,0,1,1
17534,B,30,60600.0,7.8,0.281,2,3,0
17535,A,34,103400.0,14.5,0.516,0,1,0
17536,B,36,50600.0,14.5,0.198,2,5,0
17537,B,48,33800.0,4.8,0.44,1,4,1
17538,B,29,31300.0,3.9,0.436,0,5,0
17539,B,49,21400.0,4.9,0.272,1,5,1
17540,A,47,40800.0,3.6,0.485,1,1,1
17541,B,55,29200.0,3.9,0.365,1,3,0
17542,A,54,57300.0,7.6,0.317,0,2,0
17543,A,64,80200.0,15.4,0.181,0,1,0
17544,B,28,46400.0,3.9,0.419,1,4,0
17545,A,33,55900.0,3.5,0.17,0,3,0
17546,B,26,40900.0,3.6,0.288,0,4,1
17547,A,46,25900.0,11.3,0.367,1,2,0
17548,B,47,27300.0,14.3,0.307,1,5,0
17549,A,38,50200.0,2.0,0.161,1,2,0
17550,A,21,29400.0,7.6,0.206,1,2,0
17551,B,46,53800.0,4.5,0.569,0,5,0
17552,B,63,21100.0,2.6,0.132,0,4,0
17553,A,46,30800.0,14.3,0.428,1,3,0
17554,A,21,28800.0,9.5,0.365,0,4,0
17555,A,57,51500.0,4.1,0.163,0,5,0
17556,A,33,41100.0,7.0,0.334,0,3,1
17557,A,38,38500.0,7.0,0.206,0,4,0
17558,B,55,41100.0,3.0,0.093,0,4,0
17559,A,47,81500.0,10.5,0.362,0,2,0
17560,A,24,47200.0,7.9,0.233,0,4,0
17561,A,41,14500.0,12.4,0.163,1,2,0
17562,B,29,17300.0,2.4,0.263,0,4,0
17563,A,40,36100.0,7.9,0.528,0,3,0
17564,A,42,37100.0,5.7,0.1,0,2,0
17565,A,41,41000.0,7.0,0.498,0,1,0
17566,A,23,111900.0,4.8,0.363,0,3,0
17567,A,23,61700.0,7.8,0.353,0,1,0
17568,A,24,64000.0,8.3,0.393,0,5,0
17569,B,41,18100.0,5.5,0.466,0,1,0
17570,A,47,46200.0,29.8,0.252,0,2,0
17571,A,55,38700.0,2.9,0.113,0,2,0
17572,A,46,46500.0,11.7,0.284,1,3,0
17573,A,54,24900.0,14.5,0.305,0,3,0
17574,A,67,53300.0,11.5,0.13,2,5,0
17575,A,48,37500.0,10.9,0.279,0,4,1
17576,A,40,71600.0,1.8,0.184,1,1,0
17577,B,50,30100.0,11.0,0.39,2,1,0
17578,A,34,32100.0,11.7,0.22,0,2,0
17579,A,42,38000.0,8.0,0.389,0,1,0
17580,B,38,24600.0,1.4,0.23,1,4,0
17581,A,42,39700.0,4.5,0.091,1,5,0
17582,A,58,36600.0,4.7,0.516,0,2,1
17583,A,25,36900.0,7.9,0.192,0,1,0
17584,A,26,78900.0,5.8,0.497,0,1,0
17585,A,26,38500.0,7.6,0.093,0,5,0
17586,A,41,56700.0,14.2,0.467,0,2,0
17587,A,34,32500.0,21.8,0.572,0,2,0
17588,A,21,31000.0,9.7,0.376,0,1,0
17589,B,42,41500.0,10.4,0.413,1,5,1
17590,B,42,30600.0,2.5,0.055,2,5,0
17591,A,52,31200.0,10.9,0.33,1,2,1
17592,A,47,12600.0,8.8,0.344,1,2,0
17593,A,40,49800.0,15.1,0.641,0,1,0
17594,A,34,29000.0,24.8,0.437,1,4,0
17595,A,44,17800.0,12.2,0.32,2,4,0
17596,A,59,28200.0,5.5,0.218,0,2,0
17597,A,44,26000.0,30.0,0.458,0,1,0
17598,A,37,49900.0,2.4,0.469,0,3,0
17599,A,21,30300.0,4.4,0.271,0,2,0
17600,A,37,31500.0,9.9,0.302,0,3,0
17601,A,33,52600.0,13.7,0.192,0,3,0
17602,B,35,28600.0,8.9,0.211,2,5,0
17603,B,28,35000.0,9.6,0.47,0,3,0
17604,B,59,21800.0,8.9,0.362,0,3,0
17605,B,49,63400.0,4.0,0.483,1,4,0
17606,A,48,53500.0,11.7,0.42,0,4,0
17607,A,33,31700.0,3.8,0.359,2,3,1
17608,A,41,53300.0,4.6,0.296,0,2,0
17609,A,42,41400.0,8.3,0.271,2,4,0
17610,A,51,48900.0,5.7,0.31,0,2,1
17611,A,45,34800.0,9.2,0.402,0,3,0
17612,B,66,47600.0,3.8,0.353,0,2,0
17613,A,25,34900.0,9.8,0.263,1,2,0
17614,A,45,35400.0,6.6,0.497,1,1,0
17615,A,46,54500.0,14.5,0.236,2,3,0
17616,A,37,41400.0,12.7,0.049,0,3,0
17617,A,46,57200.0,4.0,0.293,0,2,0
17618,A,25,41500.0,9.7,0.381,0,5,0
17619,A,40,66700.0,3.0,0.418,2,3,0
17620,A,21,68400.0,5.3,0.178,0,3,0
17621,A,35,33400.0,8.2,0.53,1,3,0
17622,B,56,50600.0,11.8,0.362,0,4,0
17623,B,28,46800.0,2.2,0.473,0,2,0
17624,A,30,26500.0,11.7,0.482,1,3,0
17625,A,60,31200.0,15.1,0.325,0,1,0
17626,A,73,44100.0,6.9,0.423,0,5,0
17627,A,37,37300.0,3.2,0.086,0,1,0
17628,A,44,31900.0,8.1,0.628,1,1,1
17629,A,66,23700.0,6.2,0.317,3,2,0
17630,B,27,44300.0,22.3,0.531,0,5,0
17631,A,42,43200.0,15.8,0.292,1,4,0
17632,A,35,17500.0,7.0,0.166,1,2,0
17633,A,27,36400.0,8.3,0.128,0,3,0
17634,A,24,48900.0,12.3,0.318,1,1,0
17635,B,36,28000.0,0.5,0.358,1,5,0
17636,B,35,21600.0,7.2,0.299,1,5,0
17637,A,23,40400.0,5.4,0.1,1,2,0
17638,B,36,39800.0,5.1,0.772,0,4,0
17639,A,32,33100.0,4.4,0.466,1,1,1
17640,A,75,29600.0,12.4,0.06,0,1,0
17641,A,63,56700.0,16.8,0.192,1,2,0
17642,B,44,51000.0,6.2,0.351,0,2,0
17643,B,46,14400.0,8.5,0.504,1,3,0
17644,A,29,28300.0,4.1,0.274,0,3,0
17645,A,29,20600.0,13.7,0.235,0,1,0
17646,A,49,28300.0,5.1,0.226,1,3,0
17647,A,52,25800.0,4.4,0.384,1,2,0
17648,A,61,71700.0,6.3,0.361,1,4,0
17649,B,50,54500.0,14.8,0.301,0,5,0
17650,A,50,33600.0,5.1,0.38,0,5,0
17651,A,47,44000.0,10.2,0.355,2,1,0
17652,A,44,25600.0,8.7,0.358,1,5,0
17653,B,70,35700.0,3.2,0.42,0,4,0
17654,A,45,37900.0,3.5,0.109,1,1,0
17655,A,45,17300.0,18.4,0.348,0,2,0
17656,B,51,30500.0,4.9,0.371,1,2,1
17657,A,42,31800.0,7.1,0.361,0,2,0
17658,A,57,32200.0,7.0,0.136,0,2,0
17659,B,42,56100.0,0.6,0.533,1,5,0
17660,B,37,20600.0,6.3,0.215,0,2,0
17661,A,36,34600.0,16.9,0.209,0,1,0
17662,A,35,13600.0,8.7,0.351,0,1,0
17663,A,51,41900.0,16.5,0.062,1,5,0
17664,A,32,52600.0,5.3,0.419,1,1,1
17665,A,42,36200.0,8.5,0.365,0,3,0
17666,A,52,16100.0,6.0,0.353,0,2,0
17667,B,32,38500.0,3.3,0.569,0,4,0
17668,A,26,62700.0,5.4,0.526,0,1,1
17669,A,21,70400.0,10.1,0.202,0,1,0
17670,A,32,41700.0,9.3,0.196,1,4,0
17671,B,55,34100.0,4.2,0.282,1,2,0
17672,A,43,37000.0,10.5,0.319,0,1,0
17673,A,36,35500.0,3.3,0.344,0,2,0
17674,A,26,59900.0,4.7,0.408,1,5,0
17675,A,41,52200.0,3.4,0.412,0,2,0
17676,A,48,41700.0,10.6,0.394,1,1,0
17677,B,64,43000.0,10.0,0.447,1,4,0
17678,B,51,27700.0,3.2,0.323,0,3,0
17679,B,56,15600.0,8.0,0.519,0,5,0
17680,B,21,17400.0,4.1,0.597,1,4,0
17681,A,29,37200.0,13.3,0.254,0,3,0
17682,A,57,10400.0,6.2,0.452,2,2,1
17683,B,40,28800.0,1.5,0.294,1,3,1
17684,B,33,48500.0,5.4,0.088,0,3,0
17685,A,50,86300.0,7.6,0.359,1,1,0
17686,A,25,30400.0,6.3,0.344,0,4,1
17687,A,61,26000.0,6.5,0.377,0,2,0
17688,A,55,71500.0,3.7,0.293,0,4,0
17689,A,43,59900.0,13.1,0.151,0,2,0
17690,A,52,86200.0,14.5,0.104,1,2,0
17691,A,50,25200.0,13.5,0.409,1,2,0
17692,B,39,25900.0,3.1,0.338,0,2,0
17693,B,40,49700.0,11.1,0.283,1,2,0
17694,B,56,100900.0,2.9,0.403,0,5,0
17695,A,63,15500.0,8.5,0.462,0,3,0
17696,A,29,24100.0,6.8,0.268,0,1,0
17697,A,33,25400.0,6.3,0.304,1,1,0
17698,B,41,18200.0,2.8,0.332,0,4,0
17699,B,21,25200.0,1.6,0.439,0,2,0
17700,A,72,44500.0,6.4,0.467,0,1,0
17701,B,52,26300.0,8.4,0.434,0,4,0
17702,A,30,26600.0,8.2,0.335,0,1,0
17703,A,58,31400.0,6.0,0.325,0,2,0
17704,A,32,28800.0,9.7,0.323,0,1,1
17705,A,21,34100.0,12.9,0.074,0,1,0
17706,B,55,41100.0,10.2,0.353,1,5,0
17707,A,32,50600.0,12.4,0.251,1,3,0
17708,A,33,37100.0,2.8,0.444,1,2,0
17709,B,45,35900.0,6.4,0.537,1,4,0
17710,A,56,17400.0,13.4,0.198,1,3,0
17711,B,38,26200.0,5.1,0.635,2,4,1
17712,A,32,13800.0,14.2,0.298,0,4,0
17713,A,46,26800.0,5.8,0.358,1,1,0
17714,A,36,51600.0,1.6,0.167,0,1,0
17715,B,40,20500.0,2.7,0.498,0,5,0
17716,B,32,38600.0,5.8,0.423,1,4,1
17717,A,47,36400.0,6.4,0.147,1,4,0
17718,B,34,35000.0,2.6,0.307,0,5,0
17719,B,47,25800.0,1.3,0.433,1,5,0
17720,B,21,25500.0,4.4,0.305,0,3,0
17721,A,43,26700.0,5.3,0.122,1,3,0
17722,A,35,22300.0,7.6,0.176,0,3,0
17723,A,55,33500.0,13.6,0.435,0,1,0
17724,A,46,56900.0,5.0,0.485,1,2,0
17725,A,21,23500.0,3.8,0.314,0,3,1
17726,A,72,29700.0,8.3,0.448,0,2,0
17727,A,21,48200.0,8.3,0.483,0,3,0
17728,A,31,32400.0,4.4,0.327,1,1,0
17729,A,38,49000.0,10.3,0.114,2,2,0
17730,A,27,32100.0,12.8,0.364,0,4,0
17731,A,52,48500.0,11.5,0.486,0,4,0
17732,A,36,35100.0,3.3,0.325,1,1,0
17733,A,34,30200.0,6.9,0.407,0,3,0
17734,B,38,22400.0,7.8,0.376,0,5,0
17735,A,63,24400.0,8.3,0.316,1,3,1
17736,A,58,41800.0,13.3,0.098,0,1,0
17737,A,40,34000.0,9.9,0.227,0,3,0
17738,A,39,38000.0,4.9,0.362,1,3,0
17739,B,53,30500.0,3.8,0.164,0,5,0
17740,A,50,45700.0,5.9,0.132,0,1,0
17741,A,31,57300.0,6.1,0.406,0,1,0
17742,A,44,27500.0,9.9,0.43,0,1,0
17743,A,48,19500.0,15.2,0.367,0,4,0
17744,A,62,33400.0,5.9,0.186,0,2,0
17745,A,21,27000.0,8.8,0.386,0,2,0
17746,A,56,41200.0,3.2,0.462,1,5,1
17747,A,44,39800.0,11.9,0.344,1,1,0
17748,A,21,31900.0,4.6,0.299,0,1,0
17749,B,28,38600.0,4.5,0.483,2,5,0
17750,B,23,22900.0,2.7,0.534,0,4,0
17751,A,43,44000.0,9.7,0.3,0,2,0
17752,A,51,27500.0,14.0,0.315,0,2,0
17753,A,33,25500.0,11.7,0.499,1,1,0
17754,B,24,34200.0,1.1,0.246,1,4,0
17755,A,30,29600.0,7.9,0.216,0,1,0
17756,B,37,12200.0,0.5,0.346,3,5,0
17757,A,43,17700.0,6.6,0.319,0,3,0
17758,B,38,14800.0,11.2,0.286,0,4,0
17759,A,26,36100.0,13.1,0.44,0,4,0
17760,A,48,56600.0,12.8,0.485,0,1,0
17761,A,47,34900.0,12.6,0.15,0,2,0
17762,A,55,33500.0,2.5,0.495,1,2,1
17763,A,36,26300.0,5.6,0.325,0,3,0
17764,A,37,27200.0,5.6,0.45,0,3,0
17765,A,40,54200.0,17.2,0.141,0,3,0
17766,A,39,51700.0,12.6,0.109,0,1,0
17767,A,48,40400.0,10.7,0.179,0,3,0
17768,A,28,32000.0,9.3,0.32,1,2,0
17769,A,48,51800.0,2.2,0.147,0,2,0
17770,A,36,56000.0,13.4,0.382,0,3,0
17771,A,22,28900.0,4.6,0.138,0,1,0
17772,A,46,24900.0,12.0,0.215,1,2,0
17773,A,26,21700.0,16.6,0.242,1,1,0
17774,B,39,13900.0,10.3,0.336,1,3,0
17775,A,70,39200.0,4.4,0.11,0,1,0
17776,A,36,35600.0,7.4,0.128,0,3,0
17777,A,36,90300.0,5.1,0.321,0,4,0
17778,A,33,45000.0,7.7,0.284,1,1,0
17779,B,35,11200.0,8.8,0.147,0,5,0
17780,B,69,34700.0,18.5,0.401,0,4,0
17781,A,32,56900.0,23.3,0.397,0,4,0
17782,B,31,34400.0,4.8,0.35,1,5,0
17783,A,51,64500.0,9.0,0.356,0,1,0
17784,A,21,14600.0,6.7,0.377,1,3,0
17785,A,31,23700.0,9.4,0.432,0,2,0
17786,B,29,20200.0,6.9,0.413,1,5,0
17787,A,42,33400.0,11.2,0.409,1,3,0
17788,A,33,21100.0,16.1,0.339,0,4,0
17789,B,43,73800.0,4.4,0.315,0,3,0
17790,A,22,16100.0,5.6,0.255,0,4,0
17791,A,36,35000.0,12.2,0.398,0,1,0
17792,B,52,38600.0,2.1,0.509,0,3,0
17793,A,57,28800.0,18.0,0.27,0,1,0
17794,B,35,27300.0,2.6,0.129,1,4,0
17795,B,40,12900.0,3.3,0.052,0,4,0
17796,A,31,40600.0,2.4,0.194,0,1,0
17797,A,34,35700.0,9.2,0.329,1,1,1
17798,A,38,24200.0,11.1,0.244,0,1,0
17799,A,58,27200.0,17.2,0.438,2,4,0
17800,B,32,58900.0,10.0,0.149,2,4,0
17801,B,49,15700.0,2.0,0.241,1,5,0
17802,A,34,56200.0,13.0,0.232,1,2,0
17803,A,37,10400.0,9.6,0.213,0,3,0
17804,A,29,52600.0,8.7,0.34,1,2,0
17805,A,21,51700.0,3.6,0.322,1,4,0
17806,A,21,32700.0,6.1,0.328,0,1,0
17807,A,30,65200.0,9.1,0.155,0,3,0
17808,A,41,36700.0,10.5,0.217,0,1,0
17809,B,42,29400.0,2.8,0.399,2,4,0
17810,A,57,35800.0,10.1,0.224,0,3,0
17811,A,53,66800.0,16.8,0.212,0,1,0
17812,A,57,50500.0,6.6,0.219,1,1,0
17813,A,60,71400.0,10.1,0.432,1,2,0
17814,A,50,43700.0,10.0,0.381,0,5,1
17815,A,24,64900.0,11.8,0.194,1,4,0
17816,A,52,40000.0,3.5,0.161,0,3,0
17817,A,56,103900.0,11.8,0.393,0,2,0
17818,B,30,32900.0,7.5,0.478,0,4,1
17819,A,44,41000.0,4.7,0.34,0,2,0
17820,B,21,26400.0,6.0,0.461,3,4,1
17821,A,57,38300.0,13.3,0.51,0,2,0
17822,A,41,27600.0,12.4,0.156,1,3,0
17823,B,51,15300.0,7.7,0.249,0,1,1
17824,A,25,25200.0,3.8,0.495,0,3,1
17825,B,39,36900.0,3.9,0.37,0,5,0
17826,A,33,18000.0,20.2,0.193,1,1,0
17827,A,48,35100.0,4.6,0.346,0,1,0
17828,A,60,42100.0,2.0,0.427,2,1,1
17829,A,40,31800.0,6.2,0.227,0,3,0
17830,A,31,26900.0,5.2,0.437,0,3,0
17831,A,35,28700.0,15.2,0.295,0,2,0
17832,A,50,29400.0,11.2,0.276,0,2,0
17833,B,35,44300.0,2.8,0.414,0,4,0
17834,A,48,57000.0,16.5,0.402,1,3,0
17835,A,50,29900.0,12.3,0.207,0,3,0
17836,A,45,37500.0,13.0,0.228,0,5,0
17837,B,51,31800.0,5.1,0.221,1,4,0
17838,A,28,65000.0,4.9,0.181,1,5,0
17839,A,49,32000.0,4.9,0.327,0,3,0
17840,A,32,26700.0,5.3,0.527,0,2,0
17841,A,21,64600.0,5.2,0.318,1,1,0
17842,A,21,62800.0,13.3,0.273,0,3,0
17843,A,60,37500.0,12.0,0.476,1,1,0
17844,A,39,25000.0,5.9,0.204,0,3,1
17845,A,36,18200.0,7.7,0.106,0,1,0
17846,B,56,62700.0,4.2,0.231,1,4,0
17847,A,37,39700.0,18.2,0.478,1,2,1
17848,A,44,48400.0,9.3,0.338,0,3,1
17849,B,43,35300.0,3.5,0.423,0,1,0
17850,A,40,37800.0,7.3,0.5,2,2,0
17851,A,27,91700.0,6.1,0.216,0,1,0
17852,A,42,24000.0,2.3,0.168,0,5,1
17853,A,28,15200.0,10.7,0.254,0,1,0
17854,B,51,52300.0,2.3,0.587,0,3,1
17855,B,60,25800.0,15.1,0.446,1,4,0
17856,A,43,36500.0,7.7,0.542,2,1,0
17857,B,57,25900.0,6.5,0.315,0,3,0
17858,A,21,26400.0,7.7,0.465,1,5,1
17859,A,21,55400.0,5.1,0.114,1,1,0
17860,A,64,32900.0,16.8,0.133,0,1,0
17861,A,40,54500.0,4.1,0.356,0,1,0
17862,A,28,65800.0,6.0,0.461,0,3,0
17863,B,36,28100.0,11.5,0.121,0,3,0
17864,B,35,28900.0,1.0,0.187,0,2,1
17865,B,42,47500.0,3.8,0.461,0,1,0
17866,B,25,26300.0,3.5,0.31,0,2,0
17867,B,39,27600.0,4.0,0.381,1,2,1
17868,A,47,31600.0,7.6,0.397,0,2,0
17869,A,47,48600.0,11.1,0.357,2,1,0
17870,B,53,23400.0,2.3,0.299,0,3,1
17871,A,28,53600.0,5.7,0.318,0,3,0
17872,A,48,58600.0,4.7,0.425,0,1,1
17873,B,56,67400.0,2.8,0.588,1,5,0
17874,B,37,63700.0,5.0,0.23,0,4,0
17875,A,27,35900.0,10.3,0.181,0,3,0
17876,A,38,134700.0,6.6,0.305,0,2,0
17877,A,35,46500.0,8.4,0.341,0,4,0
17878,B,39,43600.0,3.9,0.15,0,4,0
17879,A,34,27400.0,8.7,0.28,1,5,0
17880,A,40,89300.0,7.9,0.449,0,2,0
17881,B,43,54800.0,1.2,0.258,0,5,0
17882,A,39,52000.0,4.0,0.231,1,1,0
17883,A,41,22200.0,7.1,0.145,0,3,0
17884,A,40,63000.0,18.4,0.358,0,1,0
17885,A,49,34300.0,6.0,0.033,0,1,0
17886,B,32,22800.0,7.9,0.488,1,3,1
17887,B,38,39900.0,9.4,0.35,0,5,0
17888,A,21,50900.0,11.0,0.407,1,2,0
17889,A,75,14500.0,20.3,0.221,0,2,0
17890,B,53,50000.0,1.9,0.248,1,1,0
17891,A,48,42400.0,5.2,0.176,0,2,0
17892,A,47,21100.0,26.1,0.106,0,3,0
17893,A,70,34800.0,7.6,0.251,0,1,0
17894,A,53,11200.0,7.7,0.299,0,4,0
17895,A,29,76800.0,13.0,0.33,1,2,0
17896,B,42,25700.0,1.9,0.511,1,1,1
17897,B,66,24200.0,15.9,0.35,1,4,0
17898,A,55,76400.0,13.7,0.406,1,3,0
17899,B,49,60800.0,8.1,0.482,2,4,0
17900,A,32,51600.0,8.8,0.151,0,2,0
17901,A,47,29200.0,18.1,0.286,0,2,0
17902,B,59,46900.0,8.1,0.503,0,5,1
17903,A,51,28700.0,15.1,0.329,0,3,0
17904,B,53,38500.0,2.0,0.582,0,4,0
17905,A,51,56800.0,7.8,0.193,2,3,0
17906,A,21,49300.0,4.6,0.456,1,3,0
17907,B,30,39200.0,6.0,0.091,1,2,1
17908,A,30,26600.0,15.8,0.183,1,3,0
17909,A,45,13800.0,4.5,0.634,0,3,1
17910,A,40,17400.0,9.4,0.387,1,2,0
17911,A,65,24900.0,8.0,0.201,0,2,0
17912,A,57,34900.0,5.3,0.233,0,2,0
17913,A,39,30600.0,8.8,0.424,1,2,0
17914,A,47,50600.0,10.7,0.191,0,5,0
17915,A,57,14100.0,14.1,0.668,0,3,1
17916,A,46,34500.0,17.3,0.491,0,2,0
17917,A,46,41600.0,20.6,0.411,0,3,0
17918,A,50,37400.0,7.5,0.258,0,3,0
17919,B,34,25300.0,4.3,0.401,2,3,1
17920,A,74,34300.0,13.8,0.367,0,2,0
17921,A,65,91400.0,20.2,0.19,0,3,0
17922,A,36,36200.0,6.3,0.344,0,1,0
17923,A,42,88700.0,6.4,0.176,0,2,0
17924,A,37,25600.0,14.3,0.135,1,4,0
17925,A,23,52300.0,5.3,0.085,0,3,0
17926,A,58,40000.0,6.6,0.292,0,1,0
17927,A,36,31200.0,6.1,0.288,0,3,0
17928,B,33,46500.0,2.8,0.286,3,4,1
17929,A,47,41500.0,3.1,0.358,2,4,0
17930,A,49,37100.0,7.2,0.3,3,3,1
17931,A,50,20100.0,13.5,0.241,0,1,0
17932,B,57,15600.0,2.8,0.441,0,5,1
17933,B,49,22100.0,2.9,0.518,0,4,0
17934,A,32,17900.0,3.9,0.311,0,2,0
17935,A,45,47800.0,15.2,0.116,0,1,0
17936,B,30,35200.0,14.9,0.12,0,1,1
17937,A,37,54100.0,6.3,0.276,0,1,0
17938,A,38,56300.0,15.3,0.2,1,4,0
17939,A,21,39800.0,6.2,0.356,0,3,0
17940,A,37,14200.0,5.9,0.209,0,1,0
17941,A,46,25600.0,12.0,0.105,1,1,0
17942,A,35,37400.0,11.2,0.389,0,3,0
17943,A,37,26300.0,8.9,0.443,0,2,0
17944,A,23,49800.0,1.7,0.298,1,4,0
17945,A,41,39700.0,12.4,0.226,0,2,0
17946,A,44,44700.0,15.0,0.119,0,3,0
17947,A,53,61900.0,7.8,0.258,1,1,0
17948,B,37,47600.0,3.3,0.481,1,4,0
17949,B,21,21900.0,1.8,0.201,0,5,0
17950,A,46,54500.0,9.7,0.213,0,2,0
17951,A,21,37600.0,5.4,0.049,1,3,0
17952,A,67,22800.0,20.9,0.37,0,1,0
17953,B,45,23400.0,4.0,0.212,1,4,0
17954,A,58,50100.0,17.7,0.323,1,1,0
17955,A,51,36200.0,7.1,0.306,0,3,0
17956,A,30,35500.0,11.0,0.24,1,2,0
17957,B,37,23500.0,11.1,0.329,0,2,0
17958,A,62,54200.0,9.7,0.255,0,1,0
17959,A,43,42300.0,6.8,0.497,0,2,0
17960,B,39,18500.0,9.3,0.543,0,2,0
17961,B,27,42500.0,6.5,0.251,0,3,0
17962,B,32,30600.0,1.8,0.229,0,5,0
17963,A,35,17000.0,5.6,0.386,0,2,0
17964,A,66,28300.0,13.2,0.281,0,3,0
17965,A,47,48000.0,6.5,0.274,1,2,0
17966,A,44,35700.0,6.7,0.27,0,5,0
17967,A,52,26200.0,8.9,0.35,2,1,1
17968,A,48,49200.0,9.1,0.196,0,3,0
17969,A,49,43800.0,9.1,0.548,0,2,0
17970,A,41,67200.0,7.6,0.38,0,1,0
17971,A,23,32600.0,5.7,0.328,0,2,0
17972,A,43,42500.0,7.9,0.309,0,1,0
17973,A,45,38700.0,3.3,0.334,1,4,1
17974,B,37,43900.0,3.4,0.702,0,4,0
17975,A,29,71200.0,9.2,0.502,0,3,0
17976,A,29,48100.0,7.7,0.357,0,3,0
17977,A,31,73000.0,5.4,0.417,2,1,0
17978,A,40,34900.0,22.8,0.17,0,1,0
17979,B,38,23500.0,6.0,0.355,2,5,1
17980,B,42,56100.0,5.9,0.383,0,3,0
17981,A,46,29900.0,8.7,0.334,1,3,0
17982,A,29,19800.0,17.9,0.29,0,2,0
17983,A,51,44800.0,8.2,0.246,0,3,0
17984,A,40,34600.0,10.3,0.29,2,1,0
17985,A,29,52700.0,2.5,0.32,1,2,0
17986,B,72,43600.0,1.1,0.44,0,4,0
17987,A,35,62800.0,15.0,0.277,2,5,1
17988,B,62,22600.0,0.4,0.382,0,2,1
17989,A,51,31900.0,3.7,0.347,0,2,0
17990,A,34,18200.0,7.8,0.2,0,5,0
17991,A,48,27900.0,13.6,0.288,1,2,0
17992,A,26,65900.0,14.0,0.521,0,1,0
17993,B,46,33400.0,4.0,0.273,0,5,0
17994,A,39,48000.0,10.4,0.422,0,4,0
17995,B,46,23900.0,3.1,0.313,1,5,0
17996,A,49,42600.0,11.5,0.161,1,3,0
17997,A,58,26500.0,8.8,0.256,0,5,0
17998,A,50,68800.0,10.5,0.307,2,5,0
17999,A,41,37600.0,8.7,0.301,0,4,0
18000,A,47,48500.0,10.6,0.324,0,1,0
18001,A,25,79900.0,11.0,0.422,0,1,0
18002,A,49,89100.0,5.3,0.327,0,2,0
18003,A,56,31800.0,9.3,0.327,0,4,0
18004,A,31,57700.0,5.9,0.243,1,1,0
18005,A,52,45500.0,18.3,0.434,0,4,0
18006,B,60,47000.0,2.1,0.365,1,4,0
18007,B,41,32000.0,3.0,0.189,0,4,0
18008,B,41,57200.0,5.1,0.168,1,4,0
18009,B,35,15100.0,8.4,0.413,2,5,0
18010,A,43,58100.0,10.3,0.4,0,1,0
18011,A,49,28500.0,13.2,0.183,0,2,0
18012,A,47,31000.0,10.3,0.136,1,1,0
18013,A,67,41500.0,6.3,0.358,0,2,0
18014,A,25,27100.0,9.1,0.145,0,2,1
18015,A,32,21100.0,11.8,0.532,0,3,0
18016,A,48,62500.0,15.8,0.523,0,4,0
18017,A,39,31000.0,9.8,0.413,0,4,0
18018,A,23,34500.0,16.2,0.322,0,1,1
18019,A,39,9500.0,5.4,0.399,1,2,1
18020,B,40,73100.0,6.4,0.58,1,4,0
18021,B,39,8100.0,3.7,0.513,1,5,0
18022,A,26,34500.0,6.3,0.293,0,4,0
18023,A,42,38600.0,7.8,0.253,0,3,0
18024,A,70,28500.0,22.0,0.547,1,2,1
18025,A,22,21500.0,4.3,0.238,0,4,0
18026,A,35,34800.0,4.0,0.673,1,2,1
18027,B,44,26700.0,4.1,0.211,1,4,0
18028,A,48,25800.0,8.8,0.618,1,3,1
18029,B,62,37900.0,5.4,0.293,1,4,0
18030,A,37,51900.0,13.6,0.167,0,3,0
18031,B,38,28200.0,11.3,0.343,0,3,0
18032,B,21,34500.0,9.1,0.168,1,4,0
18033,A,35,42000.0,5.0,0.478,0,3,0
18034,A,52,64900.0,6.9,0.525,0,2,0
18035,B,41,11800.0,3.0,0.295,0,4,0
18036,A,38,60800.0,6.8,0.344,0,1,0
18037,B,53,27800.0,1.7,0.279,0,2,0
18038,A,55,16500.0,2.9,0.356,0,3,1
18039,A,40,39200.0,9.6,0.384,0,1,0
18040,A,51,41600.0,5.6,0.351,0,5,0
18041,B,46,36900.0,9.6,0.245,1,4,0
18042,A,51,35200.0,4.9,0.382,2,3,1
18043,A,23,35400.0,6.2,0.311,1,5,0
18044,A,35,31700.0,11.3,0.314,0,1,0
18045,A,51,38400.0,5.3,0.213,1,3,0
18046,A,21,30100.0,7.6,0.322,1,3,0
18047,A,39,34600.0,9.3,0.248,0,1,0
18048,B,55,28600.0,0.4,0.22,1,1,0
18049,A,22,37400.0,6.9,0.342,0,3,0
18050,A,26,51200.0,7.8,0.494,3,5,1
18051,A,42,92300.0,2.9,0.099,0,4,0
18052,A,35,48300.0,7.6,0.233,0,3,0
18053,A,59,89800.0,15.4,0.415,0,2,0
18054,A,56,58500.0,7.9,0.259,3,3,0
18055,A,45,29000.0,5.5,0.343,0,1,0
18056,A,21,33500.0,14.6,0.369,0,1,0
18057,A,59,59700.0,11.1,0.256,0,1,0
18058,B,45,14900.0,12.0,0.356,2,4,0
18059,B,51,22800.0,3.0,0.579,0,5,1
18060,B,47,18400.0,10.6,0.392,0,5,0
18061,A,50,28900.0,17.0,0.119,0,5,0
18062,A,53,47700.0,4.9,0.405,1,3,0
18063,B,23,26400.0,3.1,0.339,0,2,0
18064,A,39,27200.0,10.1,0.424,1,2,0
18065,B,41,35700.0,2.5,0.192,1,4,0
18066,B,53,22800.0,8.7,0.133,1,5,0
18067,B,46,19800.0,3.7,0.417,0,2,0
18068,A,43,52400.0,11.4,0.252,0,1,0
18069,A,27,29900.0,11.4,0.214,2,4,1
18070,A,28,23100.0,13.1,0.33,0,5,0
18071,A,34,33000.0,8.1,0.02,0,1,0
18072,B,49,31200.0,2.7,0.261,0,3,0
18073,B,62,31100.0,3.7,0.418,3,5,0
18074,A,30,32800.0,10.0,0.528,2,2,0
18075,A,72,31400.0,6.0,0.222,2,2,1
18076,A,60,54500.0,7.0,0.626,0,4,0
18077,A,26,46400.0,8.4,0.23,0,2,0
18078,B,44,21300.0,2.6,0.307,0,4,1
18079,A,34,26600.0,13.8,0.155,0,4,0
18080,A,42,27600.0,6.7,0.405,0,5,0
18081,A,24,43000.0,8.7,0.384,1,1,0
18082,A,32,38400.0,10.3,0.413,1,2,0
18083,B,66,38400.0,2.7,0.521,0,2,0
18084,B,49,48700.0,4.1,0.437,0,2,1
18085,B,21,56700.0,4.1,0.284,0,3,0
18086,A,49,34900.0,14.9,0.286,0,2,0
18087,A,58,16700.0,5.8,0.343,0,1,0
18088,B,46,17000.0,2.4,0.351,1,3,0
18089,A,53,24700.0,3.2,0.188,0,1,0
18090,A,46,28200.0,7.0,0.464,1,4,0
18091,A,43,51000.0,7.2,0.172,0,1,0
18092,A,42,62700.0,12.4,0.313,0,1,0
18093,A,46,19400.0,5.2,0.558,0,4,1
18094,A,42,47200.0,5.9,0.342,0,2,1
18095,A,48,33600.0,13.6,0.297,0,1,0
18096,A,44,58500.0,15.7,0.247,2,1,0
18097,A,36,17000.0,6.7,0.231,0,1,0
18098,B,50,34000.0,5.7,0.36,0,4,0
18099,A,49,32700.0,8.7,0.352,0,3,0
18100,A,27,19500.0,4.2,0.135,0,1,0
18101,B,36,30700.0,2.5,0.091,0,4,0
18102,B,49,60600.0,9.0,0.456,0,3,0
18103,A,36,52600.0,3.7,0.321,1,2,0
18104,A,21,93500.0,12.6,0.25,1,2,0
18105,A,44,50600.0,13.2,0.249,2,2,0
18106,A,41,156300.0,20.0,0.51,0,4,0
18107,A,43,25700.0,6.9,0.513,0,2,0
18108,A,47,34600.0,12.1,0.307,1,2,0
18109,B,48,19300.0,5.7,0.328,0,3,0
18110,A,40,37900.0,9.1,0.256,0,2,0
18111,B,28,12200.0,8.6,0.453,1,3,1
18112,A,32,42700.0,23.0,0.184,0,2,0
18113,B,30,18900.0,21.1,0.241,0,5,0
18114,A,41,35800.0,3.2,0.457,0,1,1
18115,A,47,21300.0,16.9,0.2,0,4,0
18116,A,35,50300.0,13.0,0.365,0,3,1
18117,A,50,19400.0,22.0,0.153,0,1,0
18118,A,47,44100.0,20.0,0.361,0,2,0
18119,A,51,27500.0,15.3,0.386,0,1,0
18120,A,34,31000.0,11.9,0.19,1,4,0
18121,A,44,68300.0,6.5,0.27,0,3,0
18122,A,48,23700.0,1.5,0.413,0,2,0
18123,A,30,15500.0,4.5,0.213,1,2,0
18124,B,32,30700.0,8.5,0.466,0,4,0
18125,A,42,40500.0,3.1,0.207,0,2,0
18126,A,24,55600.0,4.2,0.101,1,2,0
18127,A,65,29100.0,13.0,0.306,0,4,0
18128,B,35,37000.0,7.3,0.476,1,5,0
18129,A,32,58900.0,9.8,0.34,0,4,0
18130,B,49,20400.0,3.7,0.292,0,4,0
18131,B,21,28400.0,13.0,0.406,1,5,0
18132,A,41,30400.0,6.7,0.624,0,2,1
18133,A,28,48600.0,3.6,0.247,0,1,0
18134,B,50,35100.0,3.5,0.362,0,4,0
18135,A,39,53600.0,14.4,0.219,0,1,0
18136,A,62,24500.0,9.4,0.353,0,1,0
18137,A,65,12400.0,8.9,0.43,1,2,1
18138,A,40,60000.0,11.2,0.421,0,2,0
18139,A,45,27100.0,5.4,0.238,1,2,0
18140,A,36,53600.0,13.6,0.335,0,5,0
18141,B,34,22500.0,7.2,0.336,0,4,0
18142,B,38,42600.0,2.1,0.34,0,4,0
18143,A,47,36800.0,5.6,0.02,0,1,0
18144,B,56,43400.0,6.4,0.453,0,5,0
18145,B,46,30700.0,4.7,0.02,1,5,0
18146,A,50,26600.0,5.2,0.368,1,1,0
18147,A,34,57700.0,9.3,0.236,0,3,0
18148,B,37,31200.0,4.9,0.203,1,4,0
18149,B,40,33600.0,1.5,0.394,0,3,0
18150,A,43,58900.0,7.1,0.212,0,1,0
18151,A,40,30900.0,5.2,0.404,1,2,1
18152,B,45,33300.0,1.3,0.543,0,5,1
18153,B,36,25100.0,5.4,0.445,1,5,1
18154,A,34,52500.0,10.4,0.238,0,2,0
18155,A,39,37800.0,6.6,0.333,1,1,0
18156,A,52,30200.0,10.7,0.229,2,5,0
18157,A,44,38400.0,7.2,0.417,1,1,0
18158,A,71,27700.0,3.4,0.182,0,3,1
18159,A,44,25700.0,9.9,0.101,0,3,0
18160,B,55,34000.0,5.5,0.399,0,5,0
18161,A,44,15300.0,2.9,0.275,0,2,0
18162,B,50,42100.0,7.5,0.286,0,3,0
18163,B,22,20200.0,3.2,0.488,2,5,1
18164,A,44,51700.0,12.3,0.327,1,3,1
18165,B,31,35100.0,1.0,0.364,0,4,0
18166,A,30,55800.0,16.2,0.272,0,2,0
18167,B,40,32700.0,0.4,0.439,1,5,1
18168,A,58,34000.0,3.6,0.435,0,5,0
18169,A,34,46000.0,5.1,0.209,0,2,0
18170,B,65,45800.0,1.5,0.464,2,3,0
18171,B,42,55300.0,2.7,0.227,0,1,0
18172,A,61,67200.0,2.8,0.322,0,1,0
18173,A,36,22100.0,3.2,0.213,1,2,1
18174,A,37,32700.0,8.9,0.266,0,3,0
18175,B,31,27900.0,5.2,0.414,1,4,1
18176,A,41,15100.0,3.0,0.486,0,3,0
18177,A,42,23400.0,7.4,0.326,1,2,0
18178,A,45,56000.0,8.7,0.314,0,2,0
18179,A,24,42100.0,8.1,0.239,0,1,1
18180,A,55,24600.0,4.0,0.494,2,4,1
18181,A,43,67700.0,6.8,0.186,0,2,0
18182,A,53,25300.0,14.9,0.419,0,2,0
18183,B,49,19600.0,0.7,0.457,1,5,0
18184,B,33,12500.0,7.3,0.36,0,3,0
18185,A,44,28500.0,15.4,0.401,1,1,0
18186,B,45,26000.0,13.3,0.35,1,3,0
18187,A,21,18800.0,7.3,0.113,0,2,0
18188,A,39,18300.0,13.8,0.309,0,4,0
18189,B,32,21900.0,14.5,0.309,0,5,0
18190,B,54,32800.0,2.3,0.293,1,4,0
18191,A,50,26200.0,10.7,0.424,0,3,0
18192,A,55,96500.0,7.9,0.258,2,1,0
18193,B,33,29400.0,4.5,0.301,1,5,1
18194,B,38,34100.0,3.7,0.163,0,4,0
18195,B,47,21100.0,3.2,0.544,0,4,0
18196,A,39,32600.0,24.4,0.292,0,3,0
18197,B,48,29000.0,6.7,0.276,1,4,0
18198,B,60,29600.0,1.0,0.355,1,4,0
18199,B,58,41900.0,17.6,0.038,1,5,0
18200,A,44,27100.0,6.8,0.457,2,4,1
18201,A,23,98400.0,9.8,0.113,0,2,0
18202,A,48,21300.0,11.3,0.407,0,1,0
18203,A,66,19100.0,11.9,0.313,0,2,0
18204,A,32,45900.0,5.8,0.572,0,2,1
18205,A,51,38600.0,14.2,0.206,1,1,0
18206,A,42,28600.0,2.5,0.156,0,2,0
18207,B,21,34400.0,7.7,0.326,0,4,0
18208,A,57,25700.0,6.9,0.285,0,4,0
18209,A,40,36100.0,7.8,0.281,0,2,0
18210,A,24,44200.0,6.8,0.53,0,2,0
18211,A,62,25900.0,19.3,0.346,1,3,0
18212,A,58,78100.0,6.5,0.456,1,4,0
18213,A,37,38700.0,4.4,0.383,0,2,0
18214,A,44,32300.0,3.3,0.245,1,4,0
18215,A,51,55200.0,4.9,0.371,0,3,0
18216,A,33,55300.0,9.4,0.357,0,1,0
18217,A,40,27400.0,9.0,0.454,0,3,0
18218,B,75,33400.0,5.2,0.324,1,3,0
18219,A,34,37800.0,13.3,0.484,0,2,0
18220,A,25,81800.0,5.7,0.383,1,1,0
18221,A,45,27800.0,9.5,0.221,1,1,0
18222,A,47,31700.0,9.2,0.143,1,2,0
18223,A,48,53200.0,6.5,0.283,0,2,0
18224,A,33,49400.0,4.3,0.257,0,2,0
18225,A,64,24200.0,10.6,0.31,0,2,0
18226,A,44,99400.0,3.9,0.244,1,4,0
18227,A,55,82400.0,12.2,0.185,0,1,0
18228,A,47,34600.0,6.0,0.498,0,4,0
18229,B,44,27600.0,16.8,0.437,3,4,0
18230,A,43,43200.0,14.6,0.261,1,2,0
18231,B,44,46100.0,1.0,0.371,0,4,0
18232,B,39,14200.0,6.4,0.369,1,1,1
18233,A,36,24100.0,5.8,0.342,0,3,0
18234,A,43,26100.0,6.8,0.065,1,5,0
18235,B,48,18300.0,17.6,0.055,1,4,0
18236,B,26,21600.0,8.9,0.264,1,2,0
18237,A,39,42100.0,14.2,0.357,0,4,0
18238,A,36,49100.0,7.9,0.251,0,5,0
18239,B,35,21800.0,7.8,0.315,3,4,0
18240,A,33,28200.0,7.6,0.21,3,2,0
18241,A,26,48000.0,7.6,0.289,0,1,0
18242,A,33,24900.0,8.8,0.361,0,3,0
18243,B,41,34100.0,2.2,0.393,0,3,1
18244,A,47,65400.0,19.0,0.402,0,1,0
18245,B,55,29000.0,2.7,0.253,0,5,0
18246,A,40,20100.0,2.4,0.329,0,5,0
18247,A,54,20500.0,4.2,0.217,0,1,0
18248,B,26,32700.0,0.8,0.346,2,2,0
18249,A,55,29000.0,9.1,0.405,0,2,0
18250,A,21,15200.0,7.9,0.076,0,1,1
18251,A,45,40600.0,11.3,0.39,0,1,0
18252,A,50,44500.0,9.0,0.457,1,4,0
18253,A,56,48700.0,30.0,0.196,1,3,0
18254,A,52,37000.0,2.2,0.337,1,4,0
18255,B,45,21800.0,4.3,0.281,1,1,1
18256,A,46,35900.0,9.2,0.373,0,2,0
18257,B,55,30700.0,7.1,0.388,1,3,1
18258,A,34,107600.0,9.0,0.252,1,1,0
18259,B,21,31200.0,10.6,0.351,1,5,0
18260,B,36,41800.0,9.0,0.295,1,4,0
18261,B,65,53800.0,0.3,0.455,0,4,0
18262,A,35,49700.0,5.1,0.398,1,3,0
18263,A,27,38300.0,8.5,0.42,0,1,1
18264,A,31,41800.0,6.9,0.312,0,1,0
18265,B,46,30600.0,6.0,0.376,1,2,0
18266,A,55,35900.0,5.4,0.135,0,2,0
18267,A,50,25000.0,11.2,0.13,0,2,0
18268,A,39,36800.0,9.6,0.158,0,5,1
18269,A,49,30400.0,10.4,0.415,1,2,0
18270,A,46,32500.0,10.0,0.37,0,2,0
18271,A,45,23600.0,12.6,0.578,1,3,1
18272,A,45,39200.0,6.3,0.499,1,1,1
18273,A,49,30500.0,9.3,0.209,1,2,0
18274,A,50,45200.0,9.6,0.364,1,1,0
18275,A,60,33000.0,18.0,0.11,0,1,0
18276,A,49,36700.0,6.4,0.02,0,1,0
18277,A,21,39300.0,11.9,0.304,1,3,0
18278,A,28,82800.0,10.5,0.408,0,5,0
18279,A,61,79800.0,6.1,0.179,1,5,0
18280,A,54,28900.0,2.7,0.371,0,5,0
18281,A,33,53100.0,11.2,0.43,1,2,0
18282,B,42,23300.0,1.3,0.345,1,5,1
18283,A,39,31700.0,3.5,0.455,1,1,1
18284,B,35,23200.0,7.6,0.133,0,5,0
18285,B,43,11700.0,0.8,0.385,0,5,0
18286,A,37,62000.0,24.8,0.197,0,3,0
18287,A,58,32700.0,4.9,0.411,0,1,0
18288,B,52,27000.0,16.2,0.269,0,3,0
18289,B,53,55100.0,13.4,0.248,0,3,0
18290,A,36,24300.0,10.0,0.203,0,3,0
18291,B,54,35800.0,12.6,0.577,0,5,0
18292,A,25,17200.0,4.3,0.371,0,2,1
18293,B,65,22200.0,7.9,0.153,0,5,0
18294,A,35,60200.0,9.2,0.384,1,3,0
18295,A,49,55300.0,12.3,0.36,0,2,0
18296,A,35,23300.0,5.9,0.235,2,3,0
18297,A,37,48600.0,7.6,0.296,0,3,0
18298,A,25,70300.0,6.4,0.256,1,5,0
18299,B,42,42300.0,1.4,0.206,0,5,0
18300,A,28,53600.0,3.3,0.169,0,1,0
18301,B,44,17000.0,4.7,0.239,0,5,0
18302,B,42,54700.0,6.6,0.57,0,2,0
18303,A,59,49500.0,8.2,0.203,0,2,0
18304,B,65,29300.0,8.3,0.408,2,4,0
18305,A,45,18800.0,10.9,0.34,0,2,0
18306,A,21,52800.0,8.4,0.303,0,3,0
18307,B,42,37200.0,11.1,0.078,0,3,0
18308,A,47,28100.0,10.7,0.164,0,5,0
18309,B,49,27500.0,7.7,0.268,0,4,0
18310,A,24,49800.0,8.6,0.442,0,3,0
18311,A,21,64600.0,4.5,0.24,0,2,0
18312,B,35,72900.0,1.1,0.515,0,5,0
18313,A,49,29100.0,11.1,0.252,0,3,0
18314,B,31,45400.0,8.8,0.423,1,5,0
18315,A,63,44400.0,8.2,0.27,0,2,0
18316,A,30,52200.0,12.6,0.347,0,1,0
18317,A,40,25400.0,6.9,0.335,0,2,0
18318,A,21,69800.0,8.8,0.448,0,3,0
18319,A,29,67400.0,18.9,0.178,2,2,0
18320,B,35,39700.0,3.4,0.249,0,2,0
18321,A,46,75700.0,11.5,0.21,0,2,0
18322,A,35,49500.0,11.0,0.417,0,2,0
18323,A,67,40000.0,18.1,0.342,1,2,0
18324,B,51,27800.0,9.3,0.306,0,5,0
18325,A,28,22400.0,6.9,0.252,0,1,0
18326,A,25,29400.0,8.6,0.386,1,2,0
18327,A,46,34300.0,4.9,0.394,1,4,0
18328,A,48,46500.0,5.8,0.29,0,2,0
18329,B,40,15800.0,7.1,0.447,0,4,0
18330,A,45,25800.0,8.3,0.251,1,2,0
18331,A,33,28800.0,17.5,0.306,2,1,0
18332,A,21,46800.0,10.8,0.388,0,2,0
18333,A,42,56300.0,7.1,0.298,0,2,0
18334,A,29,15300.0,6.6,0.286,1,1,1
18335,A,29,54600.0,5.8,0.113,0,2,0
18336,A,40,35200.0,4.6,0.331,0,5,0
18337,A,33,56900.0,12.4,0.237,3,1,0
18338,A,33,43200.0,11.4,0.291,1,2,0
18339,A,43,35800.0,16.4,0.341,0,3,0
18340,A,44,89400.0,5.6,0.344,1,4,0
18341,B,35,35800.0,2.2,0.221,1,4,0
18342,B,36,14600.0,2.2,0.291,0,2,0
18343,A,68,58200.0,5.7,0.414,1,2,0
18344,B,54,27800.0,1.6,0.223,0,3,0
18345,A,35,34300.0,6.1,0.232,0,1,0
18346,A,50,23000.0,11.4,0.518,0,2,0
18347,B,50,25500.0,3.6,0.201,0,5,0
18348,A,66,34000.0,6.2,0.384,0,4,0
18349,A,65,59500.0,8.5,0.276,0,4,0
18350,B,49,15200.0,14.8,0.459,1,2,0
18351,B,48,41900.0,10.0,0.194,2,4,0
18352,B,61,65200.0,2.3,0.594,2,1,1
18353,B,33,32700.0,6.6,0.294,0,3,0
18354,A,45,39600.0,5.3,0.2,0,1,1
18355,B,56,53600.0,7.6,0.415,0,2,0
18356,A,56,44400.0,8.5,0.153,0,4,0
18357,A,39,29500.0,8.4,0.466,0,2,0
18358,A,24,19400.0,16.7,0.384,0,3,1
18359,B,49,34800.0,7.6,0.32,0,4,0
18360,A,45,66100.0,12.9,0.309,0,3,0
18361,B,49,27000.0,4.3,0.458,1,4,1
18362,B,32,42200.0,10.3,0.33,0,4,0
18363,A,43,63900.0,4.2,0.307,0,1,0
18364,A,53,19500.0,11.1,0.412,1,4,0
18365,A,42,78800.0,4.7,0.494,0,1,1
18366,A,38,23400.0,12.0,0.496,0,3,1
18367,A,30,43700.0,11.6,0.383,2,2,0
18368,A,30,88400.0,9.7,0.365,1,3,0
18369,B,46,32200.0,6.1,0.313,1,3,0
18370,A,44,46000.0,9.4,0.342,1,3,0
18371,A,27,62400.0,6.9,0.341,0,5,0
18372,B,44,42800.0,4.3,0.375,0,4,0
18373,A,33,58700.0,14.2,0.317,1,1,0
18374,B,43,22000.0,4.1,0.338,0,5,0
18375,B,28,15200.0,9.3,0.671,0,3,1
18376,A,58,41600.0,7.5,0.216,1,5,0
18377,A,41,34500.0,5.6,0.262,0,1,0
18378,A,45,37400.0,23.2,0.251,0,2,0
18379,B,60,25100.0,18.8,0.125,1,5,0
18380,A,25,46900.0,13.1,0.531,0,2,0
18381,A,36,32900.0,4.7,0.512,0,1,0
18382,A,27,41400.0,7.4,0.214,1,4,0
18383,A,48,60400.0,4.9,0.339,0,1,0
18384,B,46,22500.0,1.8,0.332,1,4,0
18385,A,36,51300.0,8.9,0.24,0,3,0
18386,A,60,25800.0,8.0,0.3,0,1,0
18387,A,26,30200.0,11.2,0.228,0,5,0
18388,A,50,56000.0,4.4,0.172,0,3,0
18389,A,50,21100.0,9.8,0.419,0,1,1
18390,A,41,34200.0,10.7,0.256,0,1,0
18391,B,35,32600.0,5.5,0.128,0,4,0
18392,B,36,25300.0,8.2,0.349,0,4,0
18393,B,35,63400.0,5.8,0.485,1,5,0
18394,A,36,34800.0,5.4,0.122,0,2,0
18395,A,46,45500.0,16.2,0.406,0,1,0
18396,A,51,44400.0,13.9,0.326,0,1,0
18397,A,46,44600.0,15.5,0.218,0,1,0
18398,A,49,30100.0,15.1,0.335,0,3,0
18399,A,56,39700.0,4.1,0.299,0,2,0
18400,B,38,31300.0,3.8,0.289,0,3,0
18401,A,30,49900.0,9.6,0.122,0,1,0
18402,A,29,108900.0,2.4,0.357,0,4,1
18403,A,34,93200.0,6.0,0.289,0,4,0
18404,B,48,34500.0,4.4,0.297,0,4,0
18405,A,47,58100.0,6.0,0.462,1,2,0
18406,A,42,48500.0,13.7,0.253,1,1,0
18407,A,32,54900.0,4.2,0.117,1,1,0
18408,A,27,43700.0,13.0,0.338,0,2,0
18409,A,54,38200.0,5.6,0.43,1,1,0
18410,A,21,18400.0,17.9,0.02,1,2,0
18411,B,53,63500.0,11.2,0.341,1,3,0
18412,A,51,44800.0,9.9,0.149,0,5,0
18413,A,41,32300.0,5.6,0.477,0,2,0
18414,A,31,103800.0,2.6,0.212,3,3,0
18415,A,56,57200.0,4.8,0.282,3,2,0
18416,A,50,31100.0,6.6,0.186,0,1,0
18417,A,64,68900.0,13.8,0.188,0,5,0
18418,B,29,25500.0,5.0,0.3,1,3,0
18419,B,35,26000.0,7.6,0.539,0,5,1
18420,B,37,43300.0,12.0,0.216,0,5,0
18421,A,46,28000.0,8.7,0.428,1,2,1
18422,B,23,15800.0,5.9,0.236,1,2,0
18423,A,57,12600.0,19.6,0.348,1,3,0
18424,A,46,49700.0,6.4,0.443,0,2,0
18425,A,34,47100.0,11.7,0.399,0,1,0
18426,A,21,35000.0,6.1,0.414,0,1,0
18427,A,45,41400.0,15.0,0.071,0,3,0
18428,A,44,50400.0,19.8,0.497,0,3,0
18429,A,56,17900.0,7.8,0.279,1,2,0
18430,A,61,65100.0,5.5,0.481,0,1,1
18431,A,22,53900.0,12.3,0.358,1,4,0
18432,B,42,63800.0,10.7,0.346,1,4,0
18433,A,53,40100.0,6.3,0.4,1,1,0
18434,B,46,17000.0,3.1,0.266,3,4,0
18435,B,54,25400.0,5.0,0.185,0,3,0
18436,A,44,42000.0,7.0,0.114,0,1,0
18437,A,21,83400.0,14.9,0.209,0,2,0
18438,A,21,34300.0,4.9,0.188,0,3,0
18439,B,41,26100.0,7.0,0.283,0,4,0
18440,B,37,23800.0,7.0,0.555,0,5,0
18441,A,44,119300.0,8.2,0.348,1,4,0
18442,A,26,39000.0,11.4,0.098,0,2,0
18443,A,21,35300.0,9.6,0.202,1,2,0
18444,B,40,29100.0,7.9,0.381,1,4,0
18445,A,51,15000.0,5.0,0.297,0,1,0
18446,A,43,49400.0,8.5,0.32,1,2,0
18447,B,37,58400.0,2.6,0.541,0,3,0
18448,A,48,28200.0,29.7,0.395,0,5,0
18449,A,59,69300.0,3.5,0.159,0,1,0
18450,A,36,58000.0,10.3,0.352,2,1,0
18451,A,51,89900.0,6.2,0.169,1,2,0
18452,A,44,23400.0,9.2,0.27,0,5,0
18453,A,48,36300.0,14.2,0.347,0,4,0
18454,A,44,45900.0,8.1,0.319,1,3,1
18455,A,43,31500.0,6.2,0.393,0,3,0
18456,A,54,26800.0,7.9,0.284,0,1,0
18457,A,29,43400.0,16.5,0.18,2,2,0
18458,A,37,51500.0,6.4,0.02,1,5,0
18459,B,33,35200.0,6.9,0.326,0,2,1
18460,B,53,23600.0,3.6,0.197,1,4,0
18461,A,36,34800.0,16.4,0.267,0,5,1
18462,A,43,70300.0,5.5,0.152,0,4,0
18463,B,42,21100.0,10.8,0.194,0,4,0
18464,B,40,30500.0,4.2,0.435,1,2,0
18465,A,33,30800.0,14.1,0.183,1,1,0
18466,B,43,25800.0,5.3,0.26,0,5,0
18467,A,54,59800.0,2.7,0.26,0,3,0
18468,A,42,30100.0,15.7,0.561,1,5,0
18469,A,32,44400.0,9.0,0.503,0,3,0
18470,A,60,25800.0,10.7,0.375,0,3,0
18471,B,39,47400.0,8.9,0.521,0,5,0
18472,B,57,42100.0,1.9,0.408,0,4,0
18473,A,53,46300.0,7.8,0.407,0,1,0
18474,A,55,41400.0,3.2,0.227,2,3,0
18475,A,53,49400.0,9.0,0.222,0,3,0
18476,A,38,27600.0,6.7,0.495,0,3,1
18477,A,62,31000.0,16.4,0.513,0,1,0
18478,A,33,28000.0,5.7,0.444,2,1,1
18479,A,21,34700.0,4.1,0.295,1,1,0
18480,A,46,50700.0,10.6,0.29,1,3,1
18481,B,48,34100.0,7.4,0.153,1,2,0
18482,B,38,30300.0,5.9,0.448,0,2,0
18483,A,49,40300.0,4.9,0.434,0,2,1
18484,A,34,38600.0,5.4,0.429,0,4,0
18485,A,47,32900.0,6.2,0.242,0,2,0
18486,A,51,50100.0,10.3,0.277,0,2,0
18487,B,40,20500.0,1.5,0.443,0,5,0
18488,A,44,17900.0,6.4,0.471,0,3,0
18489,A,49,59300.0,11.8,0.267,0,1,0
18490,B,56,29400.0,10.8,0.071,0,3,0
18491,A,47,34600.0,12.7,0.24,0,5,0
18492,A,51,89600.0,11.8,0.411,0,1,0
18493,A,43,53700.0,3.1,0.305,1,1,1
18494,A,41,25400.0,4.7,0.421,0,2,0
18495,A,36,27800.0,12.7,0.168,0,2,0
18496,A,38,30800.0,9.1,0.376,0,2,0
18497,A,41,26200.0,5.1,0.261,1,2,0
18498,B,57,19800.0,3.9,0.512,1,5,1
18499,A,50,43900.0,9.7,0.4,0,1,0
18500,A,55,38800.0,7.6,0.552,0,2,1
18501,A,51,33700.0,9.2,0.143,0,3,0
18502,B,38,48300.0,8.8,0.32,0,2,0
18503,A,51,102800.0,7.5,0.047,1,2,0
18504,B,28,22700.0,8.6,0.394,0,3,0
18505,A,45,61200.0,5.5,0.478,1,3,0
18506,A,52,60800.0,5.0,0.292,0,2,0
18507,A,70,75800.0,12.4,0.374,0,1,0
18508,A,43,51800.0,11.5,0.538,1,1,0
18509,A,29,20800.0,8.5,0.399,0,5,0
18510,A,41,38800.0,10.8,0.442,0,1,0
18511,A,42,25700.0,2.5,0.291,0,3,0
18512,A,33,16700.0,6.5,0.316,0,2,0
18513,A,48,47100.0,7.7,0.593,1,1,0
18514,A,45,60400.0,4.7,0.249,0,2,0
18515,A,44,70700.0,13.4,0.208,0,1,0
18516,A,51,32300.0,4.0,0.305,0,2,0
18517,A,54,59100.0,7.3,0.366,2,4,0
18518,B,33,45600.0,9.2,0.203,0,4,0
18519,A,49,30300.0,6.1,0.296,0,1,1
18520,B,32,19600.0,6.2,0.328,2,5,0
18521,A,29,70900.0,3.8,0.156,0,3,0
18522,A,55,50300.0,5.6,0.291,0,4,0
18523,A,50,37000.0,5.4,0.431,0,4,0
18524,A,37,38300.0,4.2,0.48,0,3,0
18525,A,60,23100.0,6.6,0.238,0,1,0
18526,B,66,33100.0,10.3,0.209,1,4,0
18527,A,62,34700.0,11.3,0.159,0,3,0
18528,B,31,18300.0,1.4,0.509,0,5,1
18529,A,36,32000.0,8.5,0.427,0,4,0
18530,A,23,32200.0,2.3,0.395,1,3,1
18531,A,35,33600.0,8.0,0.278,0,2,0
18532,A,28,31000.0,21.6,0.316,0,2,0
18533,A,48,31400.0,5.3,0.586,0,2,0
18534,A,43,30700.0,8.2,0.31,0,2,0
18535,A,52,81800.0,4.6,0.195,0,2,0
18536,A,34,43600.0,3.0,0.223,0,3,0
18537,A,44,45600.0,11.0,0.122,1,1,0
18538,A,63,50200.0,2.9,0.506,0,5,0
18539,B,39,24500.0,8.0,0.561,0,4,0
18540,A,37,23000.0,4.8,0.143,2,5,0
18541,B,33,30300.0,9.0,0.444,0,3,0
18542,A,43,31700.0,5.8,0.064,0,1,0
18543,A,53,36800.0,13.7,0.254,0,3,0
18544,A,46,44300.0,9.2,0.381,0,3,0
18545,A,35,34600.0,6.7,0.6,1,2,0
18546,A,22,43300.0,4.5,0.636,0,3,1
18547,B,48,38000.0,4.4,0.351,1,4,0
18548,A,44,34400.0,5.4,0.234,0,2,0
18549,A,61,17200.0,5.7,0.182,1,1,0
18550,A,53,37600.0,3.9,0.283,0,2,0
18551,A,21,20200.0,19.5,0.449,2,2,0
18552,A,51,45800.0,4.3,0.356,0,4,0
18553,A,29,34100.0,10.8,0.336,0,4,0
18554,B,50,55500.0,8.4,0.179,0,3,0
18555,B,27,26900.0,14.1,0.319,0,4,0
18556,A,54,16400.0,1.5,0.234,0,1,0
18557,B,35,35900.0,0.5,0.308,1,3,0
18558,B,52,26000.0,7.0,0.516,0,4,0
18559,A,43,33300.0,16.7,0.02,0,1,0
18560,A,39,82100.0,3.2,0.496,0,4,0
18561,A,37,51600.0,19.2,0.383,2,4,0
18562,A,35,26000.0,3.9,0.433,0,2,0
18563,B,38,29400.0,2.0,0.459,1,1,0
18564,A,55,44900.0,11.0,0.293,0,2,0
18565,A,39,62900.0,9.1,0.403,0,2,0
18566,A,35,34600.0,13.1,0.233,2,2,0
18567,A,38,71100.0,6.0,0.294,0,3,0
18568,B,36,39000.0,3.7,0.368,0,2,0
18569,B,33,31200.0,2.1,0.423,0,5,0
18570,A,50,32100.0,5.2,0.493,0,1,0
18571,A,44,61900.0,6.2,0.39,0,2,0
18572,A,21,34200.0,3.9,0.51,0,1,1
18573,A,53,98100.0,10.7,0.423,0,2,0
18574,B,27,9900.0,4.0,0.38,0,1,0
18575,A,37,53400.0,3.5,0.259,1,3,0
18576,A,35,54100.0,6.3,0.168,0,1,0
18577,B,52,21200.0,12.1,0.093,1,4,0
18578,B,22,35900.0,6.0,0.61,1,3,0
18579,B,27,29000.0,9.9,0.369,0,4,1
18580,A,38,41100.0,13.4,0.216,0,4,0
18581,A,28,20800.0,25.5,0.389,0,5,0
18582,A,55,36100.0,11.2,0.201,0,4,0
18583,B,37,16800.0,10.6,0.607,0,4,0
18584,A,28,19900.0,12.5,0.441,0,1,0
18585,A,54,73700.0,4.2,0.495,0,4,0
18586,B,27,19200.0,2.3,0.373,0,5,1
18587,B,48,41600.0,1.6,0.351,2,4,1
18588,A,33,17800.0,6.2,0.124,0,2,0
18589,A,45,76600.0,8.2,0.341,0,4,0
18590,B,40,35900.0,5.3,0.391,1,3,1
18591,A,26,46900.0,11.6,0.294,0,5,0
18592,A,53,71600.0,4.7,0.309,1,3,0
18593,A,27,32400.0,7.4,0.443,1,2,0
18594,A,51,25900.0,15.3,0.505,0,2,0
18595,B,32,24300.0,10.7,0.379,0,4,0
18596,A,42,40500.0,28.4,0.504,0,1,0
18597,A,43,26900.0,5.9,0.039,0,3,0
18598,A,38,28700.0,8.3,0.167,0,3,0
18599,A,21,32800.0,8.7,0.146,0,1,0
18600,A,44,42200.0,7.8,0.178,0,1,0
18601,A,40,37500.0,2.4,0.249,0,1,0
18602,B,39,24900.0,3.6,0.632,2,3,1
18603,A,38,51900.0,5.6,0.167,0,4,0
18604,A,52,88000.0,13.0,0.346,1,1,0
18605,B,52,19600.0,4.2,0.521,1,4,1
18606,A,25,20600.0,11.3,0.136,0,1,0
18607,A,21,42400.0,17.7,0.061,0,3,0
18608,A,40,40100.0,6.0,0.091,1,5,0
18609,A,43,34300.0,28.0,0.355,1,1,0
18610,B,45,31600.0,8.3,0.475,2,5,0
18611,B,44,30200.0,9.3,0.185,1,3,0
18612,A,50,22200.0,9.1,0.396,0,2,0
18613,A,46,32500.0,16.7,0.314,0,3,0
18614,B,40,17400.0,4.1,0.475,0,4,0
18615,A,29,26100.0,6.5,0.481,2,1,1
18616,A,55,37000.0,7.3,0.274,0,1,0
18617,A,25,36300.0,12.0,0.418,1,4,1
18618,A,46,41400.0,8.3,0.362,0,1,0
18619,A,42,40200.0,6.8,0.531,1,4,0
18620,A,45,26600.0,18.9,0.457,0,4,0
18621,A,31,40800.0,9.4,0.185,1,3,0
18622,B,37,59300.0,8.1,0.622,1,2,0
18623,A,38,28400.0,13.1,0.556,1,1,0
18624,B,34,22000.0,4.6,0.471,0,5,0
18625,A,62,29600.0,5.0,0.407,0,3,0
18626,A,29,47900.0,16.7,0.319,1,4,0
18627,A,41,19600.0,9.3,0.573,0,2,0
18628,A,34,45400.0,8.5,0.453,1,2,1
18629,A,28,36300.0,10.5,0.106,0,3,0
18630,A,21,50600.0,1.0,0.263,0,3,0
18631,A,39,25000.0,8.1,0.246,0,1,0
18632,A,38,107900.0,17.3,0.355,0,2,0
18633,A,64,30800.0,12.4,0.307,0,3,0
18634,A,46,24600.0,7.7,0.381,0,1,1
18635,B,66,68300.0,4.4,0.16,0,5,0
18636,A,41,58400.0,7.9,0.405,0,2,0
18637,A,41,31700.0,14.5,0.407,2,5,0
18638,B,35,31000.0,12.6,0.387,1,5,0
18639,A,32,19100.0,19.5,0.233,0,1,0
18640,A,45,52100.0,7.6,0.334,0,1,0
18641,B,68,42400.0,5.6,0.227,1,5,0
18642,A,32,25700.0,8.4,0.377,1,3,1
18643,A,36,26000.0,8.6,0.269,1,2,1
18644,B,41,15500.0,4.3,0.256,0,5,0
18645,A,42,99200.0,17.0,0.293,1,1,0
18646,A,42,23300.0,8.1,0.218,0,1,0
18647,B,58,13000.0,10.0,0.562,1,2,0
18648,A,54,39700.0,4.8,0.164,0,1,0
18649,B,60,31700.0,3.1,0.504,1,5,1
18650,A,34,23600.0,7.1,0.383,2,2,1
18651,A,30,37600.0,5.7,0.372,0,1,1
18652,B,21,34400.0,3.9,0.326,1,5,1
18653,B,37,19200.0,2.0,0.064,0,3,0
18654,B,43,24300.0,2.9,0.42,0,5,0
18655,A,44,26500.0,11.0,0.497,0,3,0
18656,B,75,61600.0,3.8,0.264,0,4,0
18657,A,37,33400.0,5.3,0.111,0,1,0
18658,A,31,41800.0,10.3,0.13,0,5,0
18659,A,39,84500.0,10.1,0.517,0,4,0
18660,B,52,25400.0,5.4,0.12,1,3,0
18661,A,58,28200.0,6.8,0.054,0,1,0
18662,B,58,34200.0,21.0,0.368,2,3,0
18663,B,22,24000.0,7.7,0.263,1,2,0
18664,A,31,42200.0,6.0,0.136,1,2,0
18665,B,49,40900.0,5.1,0.398,0,3,0
18666,A,35,31300.0,23.6,0.273,1,2,0
18667,B,49,32700.0,8.0,0.253,1,4,0
18668,B,33,45300.0,5.2,0.542,0,5,0
18669,A,46,104300.0,16.0,0.37,0,1,0
18670,B,36,48100.0,14.5,0.343,0,5,0
18671,A,48,47100.0,12.9,0.311,0,4,0
18672,B,49,31200.0,0.4,0.214,0,3,0
18673,B,46,32000.0,3.1,0.224,0,5,0
18674,A,37,44000.0,30.0,0.504,0,3,0
18675,A,65,47100.0,11.2,0.34,0,4,0
18676,A,36,30400.0,7.3,0.199,1,1,0
18677,A,36,44600.0,2.7,0.39,0,2,0
18678,B,36,14700.0,5.1,0.512,1,4,0
18679,A,25,61900.0,9.9,0.261,0,4,0
18680,A,31,18700.0,8.5,0.434,1,2,0
18681,B,39,30600.0,11.0,0.297,0,3,0
18682,A,51,30800.0,10.0,0.383,0,2,0
18683,B,56,47500.0,14.5,0.351,1,4,0
18684,A,41,34000.0,11.4,0.12,0,2,0
18685,A,27,48900.0,16.1,0.097,0,4,0
18686,A,36,53600.0,13.5,0.359,0,1,0
18687,A,21,55400.0,9.6,0.096,0,1,0
18688,B,32,32600.0,0.9,0.301,1,5,0
18689,A,30,77600.0,3.3,0.502,0,2,0
18690,A,50,47600.0,6.9,0.438,0,5,0
18691,B,38,29800.0,7.2,0.372,0,4,0
18692,B,52,15000.0,6.7,0.463,0,1,0
18693,A,40,29500.0,18.3,0.422,0,3,0
18694,A,53,57600.0,11.3,0.186,0,2,0
18695,B,49,54700.0,3.5,0.15,0,3,0
18696,B,48,30500.0,2.5,0.53,1,4,1
18697,B,55,45600.0,7.2,0.375,0,1,0
18698,A,49,22700.0,6.9,0.426,0,1,1
18699,A,33,63600.0,7.7,0.191,0,3,0
18700,A,24,65000.0,6.2,0.09,1,2,0
18701,A,21,46300.0,4.9,0.41,0,1,0
18702,A,39,51500.0,3.0,0.02,1,2,0
18703,A,32,41300.0,8.6,0.374,0,1,0
18704,A,49,37600.0,10.8,0.384,2,3,1
18705,A,47,34800.0,26.5,0.383,0,2,0
18706,B,44,22500.0,3.4,0.466,0,3,1
18707,B,53,32100.0,6.4,0.484,0,2,0
18708,A,39,25200.0,13.0,0.15,0,1,0
18709,B,33,13500.0,2.3,0.256,0,5,0
18710,A,32,19300.0,3.8,0.055,0,4,0
18711,A,42,77000.0,10.5,0.162,0,2,0
18712,B,50,35000.0,5.3,0.372,0,5,0
18713,B,40,30800.0,1.1,0.288,0,2,0
18714,B,35,32100.0,7.6,0.073,0,2,0
18715,A,57,80600.0,8.7,0.124,1,5,0
18716,B,64,40700.0,6.6,0.302,1,2,0
18717,B,65,20100.0,1.3,0.369,2,4,0
18718,A,34,33700.0,10.3,0.445,0,3,0
18719,A,37,50200.0,8.2,0.377,1,4,0
18720,B,56,41300.0,3.2,0.232,1,5,0
18721,A,41,24300.0,13.5,0.063,0,1,0
18722,A,31,39000.0,8.0,0.297,0,2,0
18723,A,39,22200.0,9.1,0.104,0,3,0
18724,A,33,85700.0,17.2,0.151,0,2,0
18725,B,32,27900.0,6.1,0.392,0,5,0
18726,A,24,57700.0,7.8,0.662,0,1,0
18727,A,42,35200.0,4.2,0.296,2,4,1
18728,A,51,46600.0,16.6,0.129,1,2,0
18729,B,43,83600.0,5.7,0.255,1,4,0
18730,A,51,32800.0,10.0,0.478,1,5,0
18731,A,29,43200.0,10.9,0.475,0,4,1
18732,B,53,69800.0,5.6,0.333,1,5,0
18733,A,67,35800.0,7.7,0.273,1,1,0
18734,B,43,60700.0,1.7,0.307,1,3,0
18735,B,45,20700.0,1.0,0.54,1,3,1
18736,A,53,57900.0,9.2,0.31,1,2,0
18737,A,35,26200.0,10.4,0.35,0,3,0
18738,B,37,21000.0,5.9,0.332,1,2,1
18739,A,56,53600.0,11.1,0.181,0,2,0
18740,B,29,28800.0,3.8,0.375,3,3,1
18741,B,75,27800.0,13.7,0.29,1,4,1
18742,A,32,28700.0,12.9,0.355,0,3,0
18743,B,41,34900.0,8.5,0.561,0,3,1
18744,A,38,18100.0,3.6,0.288,0,4,1
18745,A,32,25900.0,9.5,0.355,0,3,0
18746,A,30,19000.0,6.6,0.215,1,2,0
18747,A,38,18400.0,7.2,0.111,1,1,0
18748,A,37,69200.0,13.0,0.387,0,3,0
18749,A,21,31600.0,11.7,0.442,0,1,0
18750,A,58,42800.0,1.8,0.461,0,1,0
18751,A,51,29000.0,13.4,0.392,2,2,0
18752,A,48,56300.0,4.9,0.356,1,3,1
18753,A,38,43500.0,11.3,0.173,1,2,0
18754,B,42,38000.0,17.9,0.351,1,3,0
18755,A,37,28400.0,9.9,0.02,0,1,0
18756,B,53,27900.0,8.6,0.456,1,3,0
18757,A,72,34700.0,5.2,0.128,1,3,0
18758,B,21,18500.0,8.1,0.336,1,3,1
18759,B,47,27700.0,2.9,0.66,0,1,1
18760,A,46,85900.0,13.4,0.353,2,3,0
18761,A,61,53700.0,12.8,0.389,1,2,0
18762,A,41,24800.0,10.4,0.213,0,2,0
18763,A,43,29500.0,12.4,0.361,0,1,0
18764,A,21,45000.0,7.1,0.298,0,2,0
18765,A,40,30900.0,6.1,0.144,0,4,0
18766,A,41,28800.0,4.5,0.426,0,1,0
18767,A,45,54700.0,9.8,0.084,0,3,0
18768,A,33,70200.0,10.3,0.186,0,2,0
18769,A,36,49900.0,4.0,0.259,1,3,0
18770,A,40,46600.0,8.4,0.387,1,3,0
18771,A,33,55100.0,3.5,0.304,0,3,0
18772,A,35,20100.0,6.7,0.218,0,1,0
18773,A,23,29400.0,16.4,0.249,1,2,0
18774,B,57,41200.0,4.1,0.178,0,1,0
18775,A,37,20500.0,13.5,0.285,0,2,0
18776,A,36,48800.0,8.1,0.247,3,4,0
18777,A,37,20500.0,5.7,0.34,0,3,1
18778,A,38,45700.0,8.3,0.291,1,3,0
18779,B,43,46900.0,3.6,0.176,3,3,0
18780,B,40,31600.0,6.0,0.47,1,5,1
18781,A,59,24400.0,3.9,0.429,0,1,0
18782,A,56,67300.0,25.2,0.463,0,3,0
18783,A,52,57300.0,22.6,0.335,0,1,0
18784,A,25,29000.0,9.5,0.201,0,3,0
18785,A,21,53500.0,10.9,0.02,0,2,0
18786,B,42,27000.0,3.2,0.215,2,4,0
18787,A,22,44600.0,3.2,0.248,0,3,0
18788,B,36,28100.0,0.4,0.457,1,5,1
18789,A,41,34000.0,11.5,0.184,0,2,0
18790,A,44,23600.0,8.2,0.28,0,1,0
18791,A,60,121400.0,11.1,0.323,2,1,0
18792,A,50,70900.0,7.5,0.216,1,3,0
18793,B,30,22400.0,2.6,0.214,1,4,0
18794,B,41,32900.0,2.5,0.523,1,2,1
18795,A,34,36900.0,22.4,0.369,0,3,0
18796,B,42,42700.0,3.3,0.191,0,4,0
18797,A,44,44300.0,5.8,0.33,0,1,0
18798,A,47,44500.0,6.8,0.362,1,2,0
18799,A,53,42800.0,9.1,0.229,0,3,0
18800,A,39,29300.0,13.9,0.62,0,2,0
18801,A,41,32700.0,9.6,0.02,0,5,0
18802,B,42,62900.0,6.8,0.472,1,3,0
18803,A,39,87300.0,6.2,0.258,0,5,0
18804,B,27,34000.0,12.7,0.305,1,5,0
18805,A,36,16100.0,3.9,0.418,0,3,1
18806,A,40,49200.0,7.0,0.318,0,3,0
18807,A,21,52300.0,12.2,0.083,1,1,0
18808,A,47,39500.0,9.5,0.263,0,3,0
18809,B,49,15000.0,4.9,0.55,1,3,1
18810,B,47,46100.0,2.4,0.391,0,4,0
18811,A,69,35200.0,2.3,0.558,0,3,1
18812,B,49,20500.0,5.9,0.603,2,5,1
18813,A,30,32400.0,10.3,0.215,0,2,0
18814,A,29,21700.0,12.8,0.598,1,1,0
18815,B,57,22300.0,6.5,0.309,1,4,0
18816,A,48,28400.0,5.2,0.223,2,1,0
18817,B,47,39900.0,15.4,0.34,1,4,0
18818,A,32,46000.0,3.3,0.146,1,3,0
18819,A,59,27300.0,8.1,0.211,1,1,0
18820,B,25,51200.0,2.9,0.323,4,4,1
18821,A,65,74300.0,5.4,0.149,1,4,0
18822,A,44,24400.0,1.4,0.136,0,2,0
18823,B,30,57900.0,3.6,0.08,1,1,0
18824,B,38,37700.0,5.7,0.47,0,4,1
18825,A,32,23300.0,5.8,0.371,0,5,0
18826,A,35,31800.0,15.2,0.135,0,1,0
18827,B,25,31600.0,7.1,0.239,0,5,0
18828,B,46,48000.0,1.3,0.379,0,4,0
18829,A,34,38500.0,7.2,0.178,0,2,0
18830,A,28,26600.0,7.8,0.244,1,1,1
18831,A,57,29800.0,12.9,0.039,1,2,0
18832,A,21,71900.0,8.3,0.288,0,3,0
18833,A,27,23000.0,14.4,0.283,1,1,0
18834,B,40,73300.0,7.5,0.407,2,4,0
18835,A,49,46100.0,11.1,0.334,2,1,1
18836,A,38,40500.0,12.6,0.224,0,4,0
18837,A,35,34800.0,8.0,0.309,0,3,0
18838,A,27,62300.0,5.1,0.302,0,3,0
18839,A,36,68900.0,6.0,0.148,1,1,0
18840,B,52,31700.0,10.1,0.421,0,1,0
18841,B,38,41000.0,3.2,0.433,0,5,0
18842,A,33,56800.0,28.6,0.404,2,2,0
18843,A,48,32100.0,5.9,0.203,0,3,0
18844,B,37,26100.0,10.5,0.446,1,5,0
18845,A,40,25500.0,6.3,0.333,0,1,0
18846,A,51,47400.0,3.8,0.313,0,1,0
18847,A,32,38800.0,12.8,0.354,0,3,0
18848,A,57,39800.0,5.8,0.335,2,2,0
18849,B,47,48700.0,4.0,0.326,1,3,0
18850,B,56,18900.0,4.6,0.379,0,4,0
18851,A,34,39700.0,5.3,0.293,0,1,0
18852,A,25,34100.0,5.3,0.28,0,2,0
18853,B,63,20700.0,2.9,0.098,1,5,0
18854,A,59,33700.0,3.2,0.211,1,5,1
18855,B,56,31100.0,14.8,0.336,0,5,0
18856,A,60,43000.0,6.0,0.193,0,1,0
18857,B,31,31400.0,4.9,0.377,1,4,0
18858,B,60,19400.0,10.9,0.055,1,4,0
18859,B,30,30400.0,6.7,0.386,0,4,0
18860,B,37,13400.0,8.6,0.459,1,4,0
18861,A,42,24400.0,6.8,0.305,0,1,0
18862,A,39,53000.0,4.9,0.267,0,1,0
18863,A,43,40400.0,8.8,0.532,2,2,1
18864,B,46,30300.0,2.1,0.359,0,5,0
18865,A,41,13100.0,16.6,0.189,0,3,1
18866,B,40,29900.0,1.2,0.393,1,4,0
18867,A,36,38200.0,13.5,0.267,0,1,0
18868,A,49,89600.0,14.1,0.196,0,2,0
18869,A,58,58800.0,11.5,0.345,1,4,0
18870,A,56,41400.0,14.5,0.285,0,2,0
18871,A,40,18100.0,11.3,0.224,0,2,0
18872,A,53,42500.0,7.2,0.293,2,3,0
18873,B,29,32100.0,18.2,0.189,0,2,0
18874,A,62,36000.0,7.1,0.424,0,1,0
18875,B,54,50900.0,9.2,0.438,2,5,0
18876,A,56,31600.0,10.3,0.466,0,4,0
18877,A,34,17900.0,7.6,0.281,1,1,0
18878,A,37,53600.0,5.7,0.102,0,3,0
18879,B,55,27200.0,5.0,0.292,0,4,0
18880,A,49,48400.0,4.6,0.325,1,3,0
18881,A,26,38600.0,11.9,0.387,1,1,0
18882,B,25,12200.0,4.2,0.448,1,5,1
18883,A,31,18400.0,2.5,0.134,1,4,1
18884,A,49,100100.0,22.4,0.239,0,3,0
18885,B,43,59000.0,10.8,0.274,1,3,0
18886,A,42,96900.0,8.2,0.562,3,1,1
18887,A,22,16700.0,7.2,0.312,2,3,0
18888,B,35,32100.0,8.2,0.255,1,4,0
18889,A,34,39200.0,7.0,0.285,0,1,0
18890,A,40,48400.0,22.2,0.31,0,1,0
18891,A,57,67800.0,10.8,0.44,1,2,0
18892,A,27,19900.0,11.0,0.44,1,1,0
18893,A,46,32600.0,4.3,0.52,0,3,0
18894,A,40,26700.0,9.9,0.383,3,1,0
18895,A,33,69900.0,9.2,0.451,0,1,0
18896,A,58,42500.0,7.0,0.436,0,2,0
18897,B,34,41800.0,1.1,0.252,0,4,0
18898,A,43,78200.0,2.8,0.359,0,1,0
18899,B,42,24700.0,8.1,0.494,1,5,0
18900,A,50,41100.0,9.4,0.409,0,1,0
18901,A,23,25600.0,4.7,0.303,2,3,0
18902,A,46,34800.0,9.4,0.289,0,4,0
18903,A,44,50300.0,20.9,0.328,0,3,0
18904,A,47,73500.0,5.2,0.326,0,2,0
18905,A,54,31800.0,25.5,0.261,0,2,0
18906,A,63,56400.0,13.3,0.325,0,4,0
18907,A,55,32400.0,16.4,0.093,0,1,0
18908,A,22,32200.0,22.5,0.116,1,1,0
18909,B,46,16800.0,15.5,0.173,1,5,0
18910,A,55,47400.0,8.6,0.209,0,1,0
18911,A,21,60000.0,24.7,0.413,0,4,0
18912,A,41,47000.0,11.7,0.191,0,4,0
18913,A,42,96300.0,10.8,0.238,1,3,0
18914,A,52,31600.0,21.2,0.119,2,2,0
18915,A,30,35600.0,6.9,0.415,1,3,0
18916,A,45,32800.0,10.5,0.487,0,3,0
18917,B,32,31600.0,3.6,0.439,0,4,0
18918,A,29,44000.0,7.1,0.276,0,5,0
18919,B,64,34000.0,1.5,0.376,0,1,0
18920,A,30,14600.0,17.5,0.299,0,2,0
18921,B,32,53100.0,7.2,0.599,0,5,0
18922,A,38,44600.0,8.9,0.227,0,1,0
18923,A,48,34200.0,26.5,0.243,0,3,0
18924,A,45,36800.0,12.1,0.374,0,2,0
18925,B,66,29000.0,3.4,0.236,0,4,0
18926,A,41,59400.0,9.3,0.469,0,3,0
18927,B,44,20400.0,19.4,0.246,1,4,0
18928,A,46,49900.0,17.7,0.527,0,1,0
18929,A,27,19900.0,4.4,0.373,0,2,0
18930,A,21,63900.0,12.7,0.152,1,3,0
18931,A,21,51100.0,12.1,0.234,1,4,0
18932,A,35,40500.0,8.6,0.393,0,1,0
18933,A,58,92200.0,28.4,0.252,0,2,0
18934,B,50,34400.0,4.1,0.294,1,2,0
18935,A,37,46500.0,14.5,0.35,1,2,0
18936,A,64,65300.0,8.6,0.581,1,4,1
18937,A,35,42000.0,3.8,0.176,0,2,0
18938,A,24,28900.0,7.3,0.304,0,4,0
18939,A,22,11100.0,12.9,0.441,1,3,0
18940,A,46,56100.0,14.1,0.247,0,2,0
18941,A,50,29700.0,6.8,0.399,0,5,0
18942,A,55,45700.0,17.3,0.191,1,3,0
18943,B,47,26400.0,1.8,0.399,0,5,0
18944,A,60,37100.0,4.6,0.447,0,1,0
18945,A,38,27900.0,4.4,0.516,0,1,0
18946,A,34,47100.0,13.0,0.316,0,2,0
18947,A,27,47800.0,16.6,0.114,0,1,0
18948,A,21,29900.0,4.7,0.394,0,3,0
18949,A,75,22600.0,9.4,0.125,0,1,0
18950,A,36,45200.0,14.0,0.487,0,5,0
18951,A,44,56500.0,1.5,0.195,0,3,0
18952,A,55,20200.0,4.8,0.357,1,4,0
18953,A,45,41200.0,7.3,0.109,1,2,0
18954,A,32,31700.0,8.1,0.342,0,3,0
18955,A,37,26400.0,10.0,0.332,0,1,0
18956,B,59,11200.0,11.2,0.587,0,4,0
18957,A,60,20200.0,7.8,0.448,0,2,0
18958,A,39,76400.0,3.8,0.242,1,1,0
18959,A,25,36900.0,5.1,0.326,0,4,0
18960,A,21,38900.0,21.7,0.538,0,3,0
18961,A,69,40500.0,1.3,0.122,0,5,0
18962,A,21,46500.0,4.1,0.372,0,1,0
18963,A,50,25700.0,11.7,0.324,0,3,0
18964,B,30,20700.0,10.7,0.351,1,5,0
18965,A,30,12900.0,12.7,0.171,0,2,0
18966,A,38,21500.0,12.2,0.34,0,2,1
18967,A,52,49700.0,3.9,0.344,0,5,0
18968,A,56,48100.0,14.1,0.055,0,3,0
18969,A,55,45800.0,6.9,0.198,0,1,0
18970,B,50,66900.0,6.7,0.2,0,2,0
18971,A,44,38200.0,5.5,0.291,1,1,0
18972,B,36,28100.0,4.4,0.372,0,2,0
18973,A,56,19000.0,3.0,0.202,1,3,1
18974,A,62,40600.0,9.7,0.386,0,3,0
18975,A,52,20400.0,5.3,0.225,0,2,0
18976,A,62,24200.0,3.8,0.428,2,5,1
18977,A,28,24500.0,11.2,0.253,0,2,0
18978,B,21,19100.0,15.9,0.28,1,5,0
18979,A,46,38500.0,7.4,0.635,0,1,1
18980,A,53,31300.0,2.2,0.511,1,3,0
18981,A,54,25100.0,10.2,0.32,0,3,0
18982,B,43,24900.0,3.9,0.436,0,4,0
18983,B,50,35800.0,6.6,0.317,1,4,0
18984,B,56,37000.0,8.8,0.232,1,3,0
18985,A,36,20100.0,2.4,0.406,0,4,0
18986,B,60,64200.0,11.1,0.43,0,3,0
18987,A,58,48800.0,11.6,0.144,1,2,0
18988,A,21,101000.0,19.2,0.488,0,2,0
18989,A,53,31200.0,4.5,0.355,1,1,0
18990,A,52,91900.0,27.2,0.63,0,2,0
18991,A,52,49400.0,5.4,0.28,0,5,0
18992,A,28,92800.0,7.8,0.386,0,2,0
18993,B,61,26300.0,8.4,0.375,2,2,1
18994,B,33,35400.0,11.0,0.473,0,3,1
18995,B,60,54300.0,7.4,0.295,1,2,0
18996,B,42,37000.0,4.9,0.056,0,5,0
18997,B,58,34000.0,2.9,0.383,2,4,1
18998,A,58,37300.0,11.6,0.35,1,3,0
18999,B,29,67500.0,7.9,0.363,1,5,1
19000,A,54,41700.0,9.2,0.312,0,3,0
19001,A,29,33300.0,3.4,0.329,1,3,1
19002,A,49,42800.0,14.4,0.345,0,1,0
19003,A,45,36200.0,12.2,0.21,0,1,0
19004,A,21,40400.0,5.5,0.392,0,2,1
19005,B,27,47400.0,0.6,0.2,0,4,0
19006,A,42,28700.0,14.8,0.559,0,1,0
19007,A,21,47300.0,8.3,0.061,0,1,0
19008,B,46,42900.0,8.6,0.173,2,3,0
19009,B,55,23900.0,0.7,0.291,0,3,0
19010,B,21,18400.0,5.3,0.134,0,3,0
19011,A,60,52700.0,9.1,0.38,0,1,0
19012,A,21,54900.0,5.9,0.329,0,2,0
19013,B,21,21700.0,7.0,0.463,2,3,1
19014,A,32,37600.0,11.6,0.483,0,5,0
19015,A,57,49000.0,6.0,0.182,0,2,0
19016,B,57,15200.0,5.9,0.239,2,5,1
19017,A,59,55100.0,17.5,0.182,2,2,0
19018,A,27,48800.0,9.5,0.195,0,3,0
19019,A,46,30300.0,5.5,0.155,0,2,0
19020,B,33,33700.0,1.6,0.441,0,2,1
19021,A,52,50900.0,7.1,0.372,0,2,0
19022,A,40,89400.0,3.2,0.067,0,1,0
19023,A,45,30400.0,9.2,0.35,0,1,0
19024,B,51,11200.0,4.9,0.395,0,1,1
19025,B,21,22300.0,9.5,0.407,0,2,0
19026,A,43,43700.0,6.3,0.521,0,3,0
19027,B,56,23900.0,5.4,0.543,0,4,1
19028,B,43,37100.0,2.2,0.374,0,3,1
19029,B,41,21800.0,3.0,0.298,0,2,0
19030,A,45,24000.0,19.7,0.171,2,5,0
19031,A,48,62200.0,13.7,0.254,1,1,0
19032,B,62,29100.0,13.4,0.214,1,5,0
19033,B,63,25100.0,10.3,0.376,0,3,0
19034,A,41,40300.0,8.3,0.358,1,2,0
19035,A,35,57100.0,5.5,0.096,0,4,0
19036,B,25,21400.0,3.5,0.473,0,5,0
19037,B,31,45700.0,1.0,0.273,0,2,0
19038,A,50,30700.0,16.5,0.296,1,3,0
19039,A,25,23300.0,18.0,0.475,0,1,0
19040,A,33,36200.0,7.5,0.449,0,3,0
19041,A,40,19800.0,11.3,0.136,0,2,0
19042,B,50,33600.0,10.4,0.3,1,3,0
19043,A,46,43600.0,17.3,0.355,0,4,0
19044,B,58,18600.0,4.6,0.516,0,5,0
19045,A,65,88100.0,8.2,0.353,0,5,0
19046,B,59,14600.0,8.1,0.583,1,4,1
19047,B,41,37800.0,4.2,0.144,2,5,0
19048,A,45,48300.0,24.9,0.238,0,2,0
19049,B,40,26400.0,7.5,0.504,0,4,0
19050,A,23,16300.0,7.3,0.218,0,2,0
19051,A,34,37200.0,11.8,0.456,0,2,0
19052,B,28,59700.0,7.5,0.449,2,4,0
19053,B,37,44600.0,2.8,0.346,2,5,0
19054,A,32,47500.0,7.0,0.436,0,3,0
19055,A,55,75400.0,3.9,0.292,0,1,0
19056,A,49,22700.0,9.0,0.362,0,2,0
19057,A,24,36400.0,9.6,0.228,0,1,0
19058,A,54,22300.0,6.2,0.205,1,1,0
19059,A,41,20500.0,19.1,0.37,0,1,0
19060,A,26,25900.0,5.5,0.204,0,2,0
19061,B,34,59200.0,2.1,0.404,0,5,1
19062,A,61,71400.0,11.1,0.43,0,1,1
19063,A,53,18500.0,14.8,0.365,0,3,0
19064,B,31,22800.0,15.9,0.491,0,5,0
19065,B,30,36600.0,5.2,0.425,0,3,1
19066,A,41,25500.0,9.1,0.331,0,4,0
19067,A,48,55800.0,4.7,0.274,1,5,0
19068,A,38,82400.0,12.5,0.195,0,3,0
19069,A,53,26900.0,12.0,0.303,0,1,0
19070,B,22,45600.0,2.7,0.218,1,5,1
19071,A,50,68200.0,7.7,0.479,1,2,0
19072,A,47,37300.0,4.4,0.502,1,2,0
19073,A,40,79400.0,12.2,0.442,0,3,0
19074,A,33,51300.0,11.2,0.265,0,2,0
19075,B,45,34000.0,1.8,0.373,0,3,0
19076,A,42,36300.0,7.9,0.246,0,2,0
19077,A,32,29600.0,14.7,0.509,1,1,0
19078,A,33,43700.0,12.4,0.308,0,3,0
19079,B,41,17900.0,4.0,0.471,0,1,1
19080,B,41,32200.0,1.6,0.375,0,4,0
19081,B,32,32100.0,3.7,0.34,1,5,0
19082,B,33,18000.0,6.2,0.224,0,4,0
19083,A,44,17500.0,9.8,0.334,0,2,1
19084,A,33,30100.0,6.0,0.458,1,1,0
19085,A,34,36800.0,14.6,0.204,1,1,0
19086,A,40,42500.0,13.8,0.23,0,4,0
19087,A,32,41400.0,9.8,0.331,0,4,0
19088,B,47,34000.0,8.8,0.333,1,5,0
19089,A,23,46700.0,6.2,0.392,0,1,0
19090,A,31,33100.0,12.8,0.162,0,4,0
19091,A,46,48700.0,13.5,0.748,0,3,1
19092,A,32,28500.0,11.3,0.32,0,3,0
19093,A,35,44600.0,11.6,0.357,0,2,0
19094,A,45,145000.0,5.6,0.399,0,1,0
19095,A,42,45300.0,15.3,0.11,0,2,0
19096,B,30,39400.0,11.0,0.599,1,4,0
19097,A,40,47300.0,4.6,0.339,0,1,0
19098,A,47,41000.0,10.2,0.391,0,1,1
19099,B,23,28300.0,9.3,0.208,1,4,0
19100,A,54,24200.0,7.6,0.45,0,1,1
19101,A,41,24400.0,9.2,0.359,0,3,0
19102,A,62,40700.0,17.8,0.479,1,3,0
19103,B,40,13200.0,5.0,0.504,1,4,1
19104,A,38,27700.0,13.0,0.362,1,2,0
19105,B,48,36400.0,8.0,0.233,0,5,0
19106,A,47,33700.0,6.3,0.424,0,2,0
19107,A,32,86200.0,8.8,0.439,1,3,1
19108,B,44,21700.0,3.1,0.46,2,3,1
19109,B,39,39300.0,6.1,0.483,1,2,0
19110,A,27,22800.0,7.3,0.378,1,2,0
19111,A,40,34500.0,7.9,0.131,0,4,0
19112,A,21,19400.0,11.1,0.278,0,2,0
19113,A,51,32000.0,16.4,0.346,0,2,0
19114,A,48,36500.0,4.3,0.42,0,2,0
19115,B,48,20600.0,4.6,0.41,0,1,0
19116,B,54,47000.0,1.5,0.154,0,4,0
19117,A,58,61800.0,10.0,0.195,1,2,0
19118,B,54,59600.0,2.7,0.304,1,4,1
19119,B,54,40300.0,2.4,0.35,2,4,0
19120,A,40,24400.0,8.4,0.405,0,2,1
19121,B,52,42400.0,2.8,0.365,0,2,0
19122,A,44,40700.0,7.5,0.437,1,2,0
19123,A,22,53400.0,10.3,0.373,0,1,0
19124,A,54,41000.0,11.9,0.21,1,3,0
19125,A,53,63900.0,7.1,0.349,0,1,0
19126,A,21,40700.0,24.0,0.43,1,4,0
19127,A,62,83200.0,1.6,0.347,0,4,0
19128,A,21,57300.0,11.1,0.131,1,2,0
19129,B,49,39700.0,3.0,0.198,0,3,1
19130,A,56,17700.0,11.1,0.172,0,2,0
19131,B,21,15400.0,1.4,0.295,0,3,1
19132,A,43,38700.0,4.1,0.346,0,2,0
19133,B,33,33000.0,6.6,0.504,1,4,0
19134,A,36,43600.0,5.3,0.437,0,4,0
19135,A,29,31400.0,15.8,0.19,0,3,0
19136,B,34,29800.0,10.4,0.462,1,4,0
19137,A,47,54900.0,20.4,0.465,1,2,0
19138,A,49,34000.0,7.8,0.286,0,2,0
19139,A,42,38700.0,3.6,0.434,1,3,1
19140,A,40,43700.0,11.4,0.02,1,4,0
19141,A,39,29400.0,12.5,0.298,0,3,0
19142,B,21,28000.0,3.3,0.315,1,2,0
19143,B,49,50200.0,0.6,0.257,1,4,0
19144,A,53,32800.0,6.6,0.237,0,1,0
19145,A,48,53400.0,12.7,0.271,0,3,0
19146,B,39,75500.0,2.6,0.53,2,3,0
19147,A,46,40400.0,2.8,0.418,0,3,0
19148,B,48,33900.0,8.2,0.246,1,4,0
19149,A,33,43500.0,17.3,0.309,0,3,0
19150,A,42,31400.0,8.3,0.381,0,2,0
19151,A,55,63700.0,6.2,0.33,0,1,0
19152,A,28,77800.0,6.8,0.146,0,1,0
19153,A,72,89500.0,12.8,0.389,0,2,0
19154,A,61,31200.0,10.8,0.335,0,5,0
19155,A,46,25300.0,4.0,0.281,1,5,0
19156,B,55,20700.0,2.4,0.439,0,2,0
19157,A,38,34200.0,4.3,0.354,0,4,0
19158,A,36,42000.0,2.3,0.198,0,3,0
19159,A,21,29500.0,19.0,0.251,1,3,0
19160,B,46,28600.0,6.6,0.196,0,4,0
19161,A,55,33300.0,7.7,0.496,0,3,0
19162,B,39,68200.0,0.9,0.307,1,3,1
19163,A,21,41200.0,8.4,0.26,1,1,0
19164,A,21,51300.0,15.8,0.289,0,2,0
19165,A,39,52500.0,6.0,0.376,0,2,0
19166,B,39,34800.0,10.5,0.3,0,3,0
19167,B,41,28700.0,10.6,0.591,1,3,0
19168,A,42,42800.0,6.4,0.07,0,2,0
19169,A,58,93000.0,8.2,0.391,2,1,1
19170,A,40,20500.0,9.3,0.287,0,3,0
19171,A,32,33900.0,11.0,0.15,1,2,0
19172,A,55,17000.0,8.4,0.306,0,1,0
19173,A,53,65400.0,21.8,0.422,0,3,0
19174,A,32,77500.0,9.9,0.473,0,1,0
19175,A,45,50700.0,10.2,0.117,0,2,0
19176,B,21,45000.0,4.0,0.505,0,2,0
19177,A,46,30500.0,5.7,0.19,1,2,0
19178,B,31,31900.0,1.2,0.355,0,4,0
19179,A,46,55400.0,17.8,0.323,0,1,0
19180,A,53,43500.0,2.8,0.275,0,2,0
19181,A,31,40000.0,13.4,0.362,1,3,0
19182,B,49,46500.0,6.6,0.196,1,4,0
19183,A,42,30300.0,3.3,0.094,1,1,0
19184,B,50,39900.0,5.0,0.191,0,4,0
19185,A,39,37800.0,8.3,0.381,0,3,0
19186,A,27,66300.0,9.8,0.1,0,2,0
19187,A,45,51200.0,6.3,0.406,0,3,1
19188,A,21,55000.0,6.1,0.384,0,3,0
19189,A,65,48000.0,2.0,0.179,0,5,0
19190,A,42,21000.0,7.0,0.245,0,1,0
19191,B,67,27300.0,8.4,0.204,0,4,0
19192,A,57,23200.0,13.5,0.368,1,3,0
19193,B,46,21900.0,13.7,0.225,1,4,0
19194,A,55,84800.0,10.3,0.337,0,1,0
19195,B,41,33500.0,3.1,0.471,2,4,1
19196,A,45,43600.0,20.6,0.399,0,1,0
19197,B,34,29500.0,5.8,0.256,2,5,0
19198,B,48,13300.0,14.5,0.337,0,5,0
19199,A,24,70900.0,1.3,0.182,1,3,0
19200,B,66,20100.0,2.3,0.565,0,3,0
19201,A,61,54000.0,11.0,0.309,0,3,0
19202,A,49,28700.0,5.1,0.243,0,4,0
19203,B,37,35000.0,5.9,0.468,0,5,0
19204,A,38,49100.0,14.7,0.394,0,2,0
19205,A,33,65300.0,6.3,0.206,1,4,0
19206,A,44,24700.0,12.8,0.395,0,1,0
19207,A,29,29300.0,6.1,0.304,1,1,0
19208,A,22,38200.0,6.4,0.201,0,2,0
19209,A,64,47300.0,7.0,0.132,1,4,0
19210,B,51,37700.0,3.0,0.411,0,2,0
19211,A,28,57800.0,15.6,0.353,1,3,0
19212,A,32,36600.0,6.7,0.267,1,2,0
19213,A,31,65200.0,21.0,0.066,0,4,0
19214,B,40,19100.0,11.7,0.426,0,5,0
19215,A,50,28600.0,7.8,0.372,1,4,0
19216,A,24,58600.0,9.5,0.488,1,2,0
19217,B,29,47000.0,3.6,0.241,1,2,1
19218,A,25,56600.0,10.1,0.527,2,1,1
19219,A,26,15700.0,3.4,0.274,0,3,0
19220,B,52,11100.0,3.7,0.237,1,3,0
19221,B,58,26000.0,5.8,0.409,2,4,0
19222,B,41,27700.0,3.3,0.282,0,3,0
19223,B,31,52200.0,6.2,0.204,1,4,0
19224,A,35,29500.0,6.1,0.196,0,1,0
19225,A,64,18300.0,10.5,0.64,0,2,0
19226,A,32,45800.0,6.8,0.615,0,3,1
19227,A,39,45300.0,19.0,0.278,0,2,0
19228,B,39,15600.0,2.5,0.412,0,5,1
19229,A,53,22800.0,6.4,0.721,0,1,1
19230,A,21,38200.0,4.0,0.303,0,4,0
19231,A,45,35400.0,3.7,0.325,0,2,0
19232,B,43,32400.0,8.2,0.399,0,4,0
19233,A,34,49900.0,12.0,0.239,0,2,0
19234,B,47,26800.0,3.1,0.331,1,4,0
19235,B,33,34900.0,2.0,0.402,0,4,0
19236,B,36,19700.0,2.9,0.16,1,2,0
19237,A,31,80500.0,11.2,0.364,0,2,0
19238,B,32,21300.0,7.2,0.469,0,5,1
19239,A,32,75100.0,7.3,0.148,1,3,0
19240,A,37,26800.0,6.6,0.39,0,3,0
19241,A,51,31000.0,14.6,0.088,1,3,0
19242,A,29,27400.0,3.1,0.225,1,2,0
19243,A,40,19300.0,13.1,0.321,0,2,0
19244,B,34,12600.0,5.6,0.514,1,1,0
19245,B,29,37500.0,3.5,0.454,0,4,0
19246,B,28,38900.0,20.9,0.303,0,5,0
19247,A,28,24800.0,12.9,0.464,1,3,0
19248,B,52,25000.0,5.7,0.481,1,5,0
19249,A,45,35300.0,5.4,0.299,0,1,0
19250,A,51,26500.0,13.1,0.279,0,2,0
19251,A,31,84300.0,9.0,0.477,0,1,0
19252,A,60,40200.0,17.9,0.329,1,2,0
19253,A,30,56200.0,14.3,0.37,0,3,0
19254,A,44,32500.0,13.9,0.106,0,3,0
19255,B,29,40000.0,2.6,0.193,1,5,0
19256,A,39,33200.0,7.7,0.388,0,5,0
19257,A,52,48300.0,7.6,0.106,1,3,0
19258,A,41,35400.0,9.3,0.58,0,2,0
19259,A,41,38600.0,5.9,0.448,0,3,0
19260,A,38,43200.0,15.1,0.459,0,3,0
19261,A,28,29300.0,8.8,0.02,2,2,0
19262,A,26,51700.0,5.8,0.479,1,1,0
19263,A,36,55100.0,7.6,0.274,0,4,0
19264,A,35,21000.0,18.8,0.121,1,2,0
19265,B,46,26400.0,2.7,0.188,1,3,0
19266,A,40,23300.0,8.7,0.088,0,2,0
19267,B,44,43000.0,3.3,0.268,1,3,0
19268,A,50,53100.0,12.9,0.301,1,2,0
19269,A,33,27900.0,9.3,0.186,0,2,0
19270,A,46,38500.0,8.9,0.326,1,2,0
19271,A,29,28100.0,7.0,0.401,0,1,0
19272,A,47,22200.0,4.9,0.179,1,1,0
19273,A,59,30800.0,12.4,0.416,0,1,0
19274,A,40,19100.0,15.8,0.27,1,1,0
19275,A,39,41000.0,30.0,0.498,0,3,0
19276,A,31,46000.0,5.7,0.464,1,1,1
19277,B,38,18200.0,3.3,0.339,0,5,1
19278,A,56,43700.0,7.7,0.589,0,2,0
19279,A,43,46400.0,9.7,0.101,0,3,0
19280,A,49,26400.0,4.6,0.402,2,3,0
19281,A,47,36500.0,17.8,0.389,0,1,0
19282,A,45,66100.0,8.9,0.208,1,1,0
19283,A,52,39200.0,9.1,0.259,2,1,0
19284,B,34,40100.0,1.5,0.318,1,3,1
19285,A,45,46400.0,5.6,0.616,0,4,0
19286,A,33,71100.0,14.3,0.335,0,1,0
19287,B,27,28300.0,5.0,0.236,2,4,0
19288,A,32,30900.0,15.9,0.328,1,4,0
19289,A,31,73100.0,13.7,0.297,1,2,0
19290,A,46,37700.0,6.6,0.282,1,4,0
19291,B,37,52300.0,0.3,0.407,0,4,0
19292,B,39,56400.0,10.5,0.432,0,5,0
19293,A,39,31200.0,12.3,0.255,0,2,0
19294,A,48,22700.0,6.9,0.349,0,2,0
19295,B,45,21400.0,12.8,0.288,0,3,0
19296,A,45,37100.0,22.8,0.059,0,2,0
19297,A,52,35100.0,5.1,0.344,1,1,0
19298,A,44,41200.0,3.6,0.242,0,3,0
19299,A,27,25800.0,7.7,0.479,1,2,0
19300,A,21,41500.0,5.2,0.42,1,3,0
19301,A,65,62000.0,8.4,0.181,0,5,0
19302,A,27,27900.0,3.3,0.12,0,3,0
19303,A,52,54500.0,7.8,0.329,0,3,0
19304,A,39,26500.0,6.6,0.035,0,1,0
19305,A,44,23300.0,17.1,0.465,1,4,0
19306,B,45,18600.0,5.4,0.452,0,5,1
19307,A,29,41400.0,5.0,0.287,0,5,1
19308,A,61,61700.0,9.2,0.398,0,3,0
19309,A,50,28200.0,8.8,0.375,1,3,0
19310,A,60,29200.0,13.3,0.334,0,3,0
19311,B,37,47500.0,5.4,0.594,4,3,0
19312,A,52,54700.0,6.4,0.304,1,3,0
19313,A,44,26800.0,1.4,0.025,0,2,0
19314,A,42,39300.0,17.9,0.273,0,2,0
19315,A,52,42300.0,4.8,0.711,0,3,0
19316,A,55,24600.0,3.7,0.319,1,1,0
19317,A,45,30800.0,0.9,0.418,0,2,0
19318,A,61,37900.0,5.4,0.389,0,1,0
19319,A,54,49700.0,4.4,0.542,0,3,0
19320,A,40,26400.0,16.1,0.158,0,3,0
19321,A,42,54500.0,15.8,0.304,0,3,0
19322,A,45,32000.0,4.1,0.172,0,3,0
19323,A,38,37100.0,6.5,0.218,1,3,1
19324,B,63,28700.0,3.0,0.398,0,4,1
19325,A,42,27100.0,4.2,0.188,1,1,0
19326,A,39,21300.0,8.3,0.429,0,2,0
19327,A,42,29400.0,12.5,0.22,0,3,0
19328,A,47,97300.0,9.5,0.366,0,1,0
19329,B,34,40400.0,13.9,0.48,1,5,0
19330,A,42,40700.0,13.6,0.261,0,2,0
19331,B,51,57000.0,2.4,0.196,0,4,0
19332,A,38,49300.0,23.1,0.16,1,3,0
19333,B,21,25200.0,3.0,0.429,1,5,0
19334,A,66,41400.0,18.1,0.513,0,3,0
19335,A,50,66300.0,6.8,0.517,0,3,0
19336,A,41,44900.0,9.0,0.503,1,1,0
19337,A,36,89500.0,5.1,0.473,0,4,0
19338,A,50,27300.0,5.6,0.309,0,1,0
19339,A,41,34100.0,6.0,0.554,1,3,1
19340,B,27,27600.0,11.7,0.321,1,3,0
19341,A,44,36600.0,11.4,0.324,1,4,0
19342,A,29,82100.0,8.6,0.296,0,2,0
19343,A,44,15300.0,17.2,0.382,1,1,0
19344,A,45,19100.0,6.9,0.239,1,2,0
19345,B,39,37600.0,2.8,0.207,0,3,0
19346,A,22,70600.0,15.2,0.208,1,4,0
19347,A,29,31700.0,11.5,0.444,2,5,0
19348,B,53,38100.0,13.4,0.329,0,4,0
19349,A,36,65500.0,12.0,0.372,0,2,0
19350,A,55,83300.0,18.2,0.306,1,3,0
19351,A,44,41600.0,10.5,0.429,1,3,0
19352,B,63,52700.0,2.3,0.295,0,3,0
19353,B,46,44300.0,4.5,0.56,0,4,0
19354,B,22,12700.0,3.6,0.242,0,4,0
19355,A,54,22600.0,14.8,0.102,1,1,0
19356,A,35,34400.0,12.1,0.258,0,1,0
19357,B,43,52300.0,5.6,0.337,0,4,0
19358,A,33,77600.0,6.4,0.304,1,2,0
19359,A,50,23500.0,17.4,0.242,0,1,0
19360,A,31,28800.0,9.4,0.229,0,2,0
19361,B,64,28900.0,6.0,0.37,1,5,0
19362,B,39,36700.0,2.6,0.332,0,4,0
19363,A,54,42000.0,28.5,0.627,0,2,0
19364,A,61,41100.0,4.3,0.414,1,5,1
19365,A,45,76100.0,8.2,0.241,0,3,0
19366,B,21,32400.0,6.6,0.321,1,4,0
19367,B,44,46100.0,7.3,0.212,0,3,0
19368,A,56,19100.0,2.0,0.377,2,2,0
19369,A,36,51600.0,30.0,0.48,0,1,0
19370,A,50,37900.0,3.9,0.513,0,5,0
19371,A,23,60100.0,23.3,0.285,0,4,0
19372,B,34,18200.0,5.7,0.465,2,3,1
19373,A,39,56900.0,21.2,0.158,0,4,0
19374,A,38,53100.0,7.5,0.174,0,5,0
19375,A,40,85700.0,25.5,0.17,0,3,0
19376,A,41,33600.0,2.3,0.178,0,3,0
19377,A,52,25800.0,12.1,0.271,0,1,0
19378,A,51,23300.0,11.1,0.484,1,2,0
19379,A,50,92500.0,6.6,0.339,1,4,0
19380,A,49,65400.0,9.8,0.021,1,1,0
19381,B,42,15600.0,6.9,0.213,1,1,1
19382,A,57,54500.0,15.5,0.054,1,4,0
19383,A,32,36100.0,7.2,0.13,0,3,0
19384,A,54,21200.0,15.9,0.352,0,1,0
19385,A,45,41300.0,4.0,0.372,0,2,1
19386,B,44,27700.0,3.3,0.4,0,3,1
19387,A,52,38700.0,18.3,0.333,0,4,0
19388,A,59,28000.0,11.9,0.23,1,3,0
19389,B,44,44000.0,5.5,0.333,1,4,0
19390,A,31,50200.0,4.7,0.35,0,3,0
19391,A,47,31500.0,0.8,0.212,1,4,0
19392,A,35,22900.0,9.4,0.421,0,2,0
19393,A,46,27600.0,13.4,0.47,0,3,0
19394,A,62,24700.0,10.8,0.254,0,1,0
19395,A,43,38400.0,6.1,0.308,0,4,0
19396,A,21,37200.0,9.7,0.394,1,2,0
19397,A,37,32000.0,8.5,0.105,0,4,0
19398,B,40,26900.0,6.4,0.379,0,1,0
19399,B,21,40400.0,12.8,0.406,0,1,0
19400,A,66,49500.0,16.5,0.31,1,2,0
19401,A,39,59000.0,9.6,0.331,4,1,0
19402,A,35,38400.0,13.5,0.234,0,4,0
19403,A,42,32600.0,11.9,0.289,1,1,0
19404,A,43,54600.0,4.5,0.266,0,1,0
19405,A,26,34500.0,6.2,0.329,0,3,0
19406,A,51,47200.0,5.7,0.25,0,4,0
19407,A,26,17100.0,5.4,0.382,0,2,1
19408,A,50,59700.0,19.7,0.382,0,2,0
19409,B,46,66000.0,12.7,0.27,0,3,0
19410,A,44,47400.0,30.0,0.311,0,5,0
19411,A,31,50200.0,6.2,0.281,0,2,0
19412,A,46,34800.0,7.4,0.483,1,3,0
19413,A,49,80700.0,21.7,0.466,0,5,0
19414,B,45,45800.0,5.5,0.25,0,3,0
19415,A,40,26000.0,9.6,0.303,0,3,1
19416,A,40,25400.0,5.0,0.27,0,2,0
19417,A,66,52500.0,10.1,0.158,1,2,0
19418,A,21,21800.0,6.9,0.087,0,4,0
19419,B,37,16400.0,5.7,0.342,0,1,0
19420,A,53,59200.0,12.2,0.458,1,2,0
19421,A,37,33800.0,3.6,0.423,0,2,0
19422,A,34,57500.0,8.4,0.236,0,4,0
19423,A,33,11600.0,15.0,0.465,1,2,0
19424,A,47,97300.0,6.5,0.023,0,2,0
19425,B,61,30700.0,14.6,0.223,0,3,0
19426,B,59,24900.0,2.7,0.659,0,5,0
19427,A,40,59700.0,7.0,0.199,3,2,0
19428,B,21,21000.0,4.9,0.084,1,3,0
19429,A,47,36400.0,2.6,0.177,0,1,0
19430,A,34,31600.0,4.5,0.578,2,4,1
19431,A,38,28300.0,7.0,0.365,0,3,0
19432,A,21,35400.0,11.9,0.337,0,2,0
19433,B,50,22100.0,0.2,0.385,0,3,0
19434,A,55,32500.0,3.9,0.157,1,3,0
19435,B,69,26200.0,5.3,0.251,0,3,0
19436,A,36,70600.0,11.0,0.403,0,3,0
19437,A,61,21900.0,5.8,0.095,1,3,0
19438,A,35,28600.0,3.7,0.437,0,2,1
19439,A,50,25300.0,7.4,0.055,1,2,1
19440,A,40,40800.0,10.3,0.272,0,1,0
19441,A,39,42000.0,2.5,0.269,1,3,0
19442,A,44,7600.0,2.7,0.523,0,1,0
19443,A,42,34500.0,7.4,0.301,0,2,0
19444,A,44,52900.0,4.6,0.276,2,5,0
19445,A,30,63300.0,10.0,0.446,0,4,0
19446,B,26,27200.0,4.7,0.317,0,2,1
19447,B,62,31700.0,0.4,0.151,0,4,1
19448,A,49,57900.0,8.5,0.269,0,4,0
19449,A,44,30800.0,9.1,0.429,0,3,1
19450,A,61,38800.0,9.5,0.38,1,3,0
19451,B,38,24600.0,1.7,0.152,1,2,1
19452,B,32,20500.0,2.8,0.428,1,5,0
19453,A,22,60000.0,4.5,0.393,0,1,0
19454,A,37,45600.0,12.5,0.169,0,3,0
19455,A,30,28000.0,12.9,0.429,2,4,0
19456,A,51,54700.0,9.0,0.238,0,1,0
19457,A,32,53800.0,7.4,0.232,1,3,0
19458,A,22,42500.0,18.4,0.306,2,2,0
19459,A,42,98800.0,4.5,0.388,1,3,0
19460,A,21,35900.0,16.8,0.458,0,1,0
19461,A,28,71200.0,14.9,0.144,1,1,0
19462,A,43,61200.0,5.3,0.13,0,1,0
19463,A,26,49200.0,5.8,0.347,0,5,0
19464,A,32,38200.0,8.7,0.31,0,4,0
19465,A,26,43300.0,13.9,0.355,0,1,0
19466,A,29,39200.0,4.9,0.442,0,4,0
19467,B,43,11500.0,4.9,0.625,0,3,0
19468,A,32,17800.0,10.3,0.146,1,1,0
19469,A,59,64100.0,11.0,0.417,0,1,0
19470,A,44,17400.0,14.6,0.297,0,3,0
19471,A,50,53000.0,3.3,0.571,0,5,0
19472,A,35,34500.0,6.0,0.404,0,3,0
19473,A,43,53400.0,18.2,0.319,0,3,0
19474,A,49,31000.0,15.3,0.318,0,1,0
19475,A,42,43600.0,14.1,0.323,0,1,0
19476,A,28,19100.0,7.1,0.243,1,2,0
19477,A,52,32300.0,13.0,0.283,1,4,0
19478,A,50,56600.0,11.1,0.403,2,1,1
19479,B,42,26400.0,8.3,0.378,1,3,0
19480,A,52,27300.0,6.1,0.334,0,2,0
19481,A,29,58400.0,3.3,0.266,0,4,1
19482,A,62,27900.0,6.6,0.373,0,2,0
19483,B,53,26000.0,19.3,0.319,0,5,0
19484,A,56,54900.0,6.0,0.319,1,1,0
19485,B,52,43100.0,6.2,0.384,0,4,0
19486,A,52,20000.0,13.0,0.213,0,2,0
19487,A,32,31300.0,4.1,0.178,0,2,0
19488,A,21,37400.0,11.3,0.134,0,3,0
19489,A,36,22400.0,2.7,0.335,0,3,0
19490,B,45,33200.0,9.9,0.418,0,2,0
19491,A,54,24200.0,6.1,0.204,1,1,0
19492,A,48,34900.0,1.1,0.142,0,5,0
19493,B,51,52300.0,5.7,0.559,0,2,0
19494,A,27,48900.0,12.1,0.409,0,1,0
19495,A,36,24000.0,8.8,0.361,0,1,0
19496,A,37,37000.0,4.3,0.409,1,1,0
19497,A,38,66900.0,4.3,0.406,0,3,0
19498,B,33,37300.0,2.0,0.414,0,5,0
19499,A,61,64800.0,6.2,0.311,0,1,0
19500,A,35,42900.0,10.4,0.225,0,2,0
19501,A,42,32200.0,12.4,0.159,0,4,0
19502,B,28,31400.0,3.0,0.279,1,5,0
19503,A,48,26900.0,10.1,0.219,0,5,0
19504,A,28,35000.0,18.9,0.263,0,1,0
19505,A,32,18100.0,7.5,0.48,1,1,0
19506,B,56,24100.0,12.1,0.435,1,5,0
19507,A,30,50000.0,2.5,0.398,0,2,0
19508,A,34,24800.0,5.2,0.502,0,2,0
19509,A,51,32400.0,3.6,0.155,0,2,0
19510,A,53,48400.0,9.2,0.309,0,1,0
19511,A,42,73600.0,3.9,0.247,0,1,0
19512,A,42,47800.0,6.0,0.319,0,1,0
19513,A,36,33000.0,8.7,0.301,1,3,0
19514,B,46,14400.0,3.2,0.251,0,1,0
19515,A,27,39500.0,9.6,0.197,0,1,0
19516,A,59,48200.0,5.0,0.31,0,1,0
19517,A,37,44300.0,4.6,0.143,0,1,0
19518,A,21,38000.0,7.4,0.323,0,2,1
19519,B,35,45600.0,1.9,0.305,1,3,0
19520,A,30,18300.0,5.0,0.395,1,3,1
19521,B,31,29900.0,5.9,0.411,0,3,0
19522,A,44,49400.0,9.0,0.432,0,1,0
19523,A,50,58600.0,11.1,0.25,0,1,0
19524,A,59,39000.0,13.3,0.319,0,3,0
19525,B,48,37300.0,2.6,0.407,1,5,1
19526,A,42,50700.0,6.4,0.417,1,3,1
19527,A,44,21200.0,5.4,0.226,1,1,1
19528,A,28,25000.0,8.7,0.116,2,3,1
19529,A,40,43100.0,8.9,0.365,1,3,1
19530,A,39,43300.0,4.0,0.102,0,1,0
19531,A,40,64200.0,6.3,0.359,1,1,0
19532,A,39,12600.0,6.7,0.418,0,3,0
19533,A,30,19400.0,8.8,0.318,0,2,0
19534,B,41,25500.0,5.2,0.321,2,2,0
19535,A,64,54800.0,7.5,0.36,0,2,0
19536,A,33,56700.0,2.3,0.061,1,5,0
19537,A,49,40000.0,5.3,0.112,1,1,0
19538,A,57,30900.0,9.0,0.388,0,2,0
19539,A,42,73500.0,13.1,0.362,1,2,0
19540,B,37,17800.0,1.3,0.335,1,2,0
19541,A,45,47000.0,22.9,0.355,0,2,0
19542,A,28,53000.0,12.9,0.45,0,3,0
19543,A,27,53400.0,10.5,0.258,2,2,1
19544,A,28,25000.0,6.3,0.165,0,3,0
19545,B,48,35300.0,1.3,0.364,1,2,0
19546,A,48,69400.0,17.2,0.506,1,2,0
19547,B,45,34700.0,9.8,0.358,1,2,1
19548,A,28,36100.0,8.8,0.246,1,1,0
19549,A,24,26900.0,7.6,0.447,2,4,1
19550,B,26,19000.0,4.5,0.473,1,3,1
19551,A,40,30300.0,3.8,0.496,3,1,1
19552,A,59,38000.0,8.7,0.18,0,2,0
19553,B,50,18700.0,4.2,0.47,0,5,0
19554,B,41,35200.0,1.1,0.359,0,3,0
19555,B,41,39600.0,0.6,0.28,0,2,0
19556,A,35,32300.0,5.0,0.219,0,2,0
19557,B,42,55000.0,1.1,0.433,1,5,0
19558,A,36,25900.0,9.8,0.479,0,3,0
19559,A,21,33400.0,11.9,0.453,0,3,0
19560,A,38,76300.0,16.5,0.391,1,1,0
19561,A,58,28200.0,2.8,0.284,0,2,0
19562,A,33,50400.0,4.9,0.104,0,3,0
19563,A,41,52900.0,8.9,0.293,0,2,0
19564,A,45,28800.0,7.4,0.522,0,4,0
19565,A,31,85900.0,5.4,0.267,2,3,0
19566,A,37,42200.0,2.1,0.408,0,3,0
19567,B,50,37200.0,1.6,0.392,1,1,0
19568,A,29,44200.0,3.7,0.142,0,1,0
19569,B,29,51700.0,0.6,0.304,0,4,0
19570,B,32,48300.0,12.5,0.309,0,4,0
19571,A,42,57700.0,5.0,0.21,0,5,0
19572,A,61,56300.0,11.6,0.273,0,2,0
19573,A,37,73000.0,13.5,0.04,1,3,0
19574,A,36,99000.0,6.7,0.464,0,1,0
19575,A,27,41800.0,17.6,0.529,0,2,0
19576,A,36,21400.0,10.6,0.026,0,1,0
19577,A,56,35700.0,9.5,0.45,0,2,0
19578,A,40,36300.0,6.1,0.056,0,3,0
19579,A,51,41700.0,16.8,0.442,0,2,0
19580,A,54,88800.0,9.3,0.133,1,1,0
19581,A,30,27800.0,13.3,0.262,0,2,0
19582,A,48,43800.0,20.0,0.211,0,2,0
19583,A,43,28400.0,15.9,0.422,0,2,0
19584,B,30,44000.0,2.6,0.205,1,5,0
19585,A,23,34500.0,2.7,0.354,0,4,0
19586,A,42,69500.0,22.3,0.508,1,2,0
19587,A,45,48400.0,10.4,0.262,1,2,0
19588,A,53,32500.0,8.1,0.327,0,1,0
19589,A,47,49400.0,8.7,0.593,1,2,0
19590,A,45,23600.0,8.2,0.524,1,2,0
19591,A,47,52400.0,6.4,0.08,1,1,0
19592,A,60,40800.0,13.9,0.28,0,1,0
19593,A,59,54500.0,6.2,0.02,0,1,0
19594,A,35,103500.0,3.2,0.056,0,2,0
19595,B,56,36000.0,5.8,0.378,1,5,0
19596,A,23,41100.0,8.5,0.556,1,2,1
19597,A,42,64400.0,3.6,0.466,1,4,1
19598,A,37,15000.0,8.2,0.512,0,1,0
19599,A,21,42400.0,8.1,0.152,1,3,0
19600,A,36,26000.0,13.1,0.307,2,2,1
19601,A,40,55200.0,7.4,0.225,0,1,0
19602,A,32,61700.0,15.6,0.484,0,3,0
19603,B,41,15500.0,2.1,0.269,0,2,1
19604,A,42,24900.0,4.1,0.487,1,1,0
19605,A,39,28400.0,7.9,0.273,2,1,0
19606,A,29,65600.0,16.1,0.323,0,2,0
19607,B,70,23000.0,2.7,0.438,1,5,1
19608,B,51,60100.0,6.7,0.427,0,5,0
19609,B,36,33600.0,6.1,0.248,1,5,0
19610,A,28,57500.0,13.0,0.512,0,3,0
19611,A,42,48000.0,13.2,0.469,0,5,0
19612,A,53,60900.0,6.8,0.129,1,4,0
19613,A,22,53700.0,9.0,0.382,1,5,0
19614,A,62,31600.0,8.0,0.391,0,2,0
19615,A,51,53700.0,7.3,0.505,0,2,0
19616,A,37,45200.0,9.7,0.263,0,2,0
19617,A,48,24400.0,3.9,0.234,1,1,0
19618,A,34,35700.0,6.3,0.428,0,1,1
19619,A,36,49000.0,5.1,0.25,1,2,0
19620,B,43,59300.0,4.3,0.301,0,2,0
19621,A,26,122100.0,8.1,0.442,0,2,0
19622,A,60,30200.0,5.3,0.483,0,4,0
19623,B,55,42000.0,2.2,0.289,0,2,0
19624,B,49,32100.0,1.9,0.216,0,4,0
19625,A,66,20800.0,5.9,0.247,0,1,1
19626,A,54,58000.0,8.7,0.385,0,1,0
19627,A,54,55300.0,16.1,0.414,0,2,0
19628,B,55,31200.0,3.1,0.497,0,3,0
19629,B,41,58900.0,9.2,0.245,0,4,0
19630,B,32,22200.0,6.5,0.484,1,4,0
19631,B,35,22600.0,1.3,0.466,0,2,0
19632,A,34,60700.0,8.0,0.406,0,1,0
19633,B,21,31100.0,3.7,0.379,0,4,0
19634,A,53,56000.0,6.4,0.365,0,1,1
19635,A,66,59200.0,3.3,0.307,0,3,0
19636,A,39,31500.0,5.8,0.495,0,1,0
19637,A,51,27100.0,7.0,0.02,1,1,0
19638,A,36,65000.0,3.5,0.381,2,1,0
19639,A,22,25400.0,6.9,0.415,0,4,0
19640,B,54,28000.0,4.5,0.05,0,2,0
19641,A,30,37300.0,7.5,0.206,1,3,0
19642,B,36,22500.0,6.4,0.514,0,4,0
19643,A,48,22700.0,9.1,0.297,0,4,0
19644,A,34,31200.0,5.3,0.434,1,2,0
19645,A,28,29300.0,11.2,0.123,0,3,0
19646,A,49,35300.0,13.0,0.154,0,3,0
19647,B,36,22600.0,10.4,0.169,0,4,0
19648,A,44,45800.0,8.1,0.295,0,2,0
19649,A,46,23900.0,11.0,0.343,0,1,0
19650,A,37,54700.0,8.1,0.582,0,3,0
19651,A,44,61800.0,3.8,0.275,0,3,0
19652,A,21,39800.0,5.0,0.423,0,3,1
19653,A,61,75200.0,11.9,0.491,0,4,1
19654,A,42,26900.0,15.8,0.365,0,1,0
19655,A,32,36200.0,7.2,0.486,0,2,0
19656,B,42,29300.0,1.2,0.101,1,5,0
19657,A,44,19400.0,12.4,0.253,1,1,0
19658,B,65,58900.0,5.9,0.362,0,4,0
19659,A,65,65000.0,14.1,0.463,0,2,0
19660,A,30,45700.0,4.4,0.426,0,2,0
19661,A,45,84400.0,3.2,0.33,1,5,0
19662,A,36,46400.0,7.3,0.15,1,2,0
19663,A,35,25600.0,11.2,0.585,2,3,1
19664,A,48,26200.0,5.3,0.599,1,2,0
19665,B,26,31400.0,10.6,0.11,0,2,0
19666,A,50,36200.0,7.4,0.02,0,3,0
19667,B,72,46000.0,13.6,0.176,0,5,0
19668,A,42,48900.0,13.5,0.28,0,1,0
19669,A,31,41900.0,11.0,0.27,0,2,0
19670,A,40,62000.0,9.6,0.2,1,2,0
19671,A,35,32600.0,9.8,0.16,0,1,0
19672,A,28,112500.0,13.6,0.337,0,2,0
19673,A,25,51900.0,3.3,0.289,0,1,0
19674,A,44,43900.0,8.1,0.236,0,1,0
19675,A,53,18400.0,8.9,0.311,0,1,0
19676,A,36,28400.0,7.9,0.311,0,1,0
19677,A,40,26100.0,12.9,0.374,0,2,0
19678,A,59,32400.0,3.3,0.32,1,1,0
19679,A,47,26600.0,17.9,0.27,0,2,0
19680,A,34,57000.0,14.0,0.302,0,3,0
19681,A,25,47600.0,19.4,0.325,0,1,0
19682,A,33,50000.0,9.8,0.386,0,3,0
19683,B,21,40800.0,8.0,0.255,0,3,1
19684,B,33,15400.0,5.5,0.261,0,1,0
19685,A,45,20100.0,1.7,0.252,0,2,0
19686,B,47,94400.0,0.9,0.33,0,2,0
19687,A,23,29500.0,6.2,0.317,0,1,0
19688,A,29,59000.0,0.9,0.524,0,2,1
19689,A,46,26400.0,8.9,0.182,1,1,0
19690,A,48,45700.0,4.0,0.272,0,1,0
19691,A,42,29400.0,14.0,0.067,0,1,0
19692,A,25,31000.0,5.3,0.243,0,1,1
19693,A,55,32000.0,6.5,0.159,0,5,0
19694,A,49,51000.0,5.8,0.043,0,4,0
19695,A,52,47100.0,6.8,0.146,1,2,0
19696,B,60,40800.0,1.3,0.486,0,5,0
19697,A,56,46700.0,7.1,0.307,0,2,0
19698,B,52,55200.0,4.6,0.341,0,4,1
19699,B,21,15900.0,3.0,0.283,0,5,0
19700,A,48,46900.0,8.5,0.242,0,4,0
19701,B,41,42300.0,2.5,0.435,0,3,1
19702,A,35,19800.0,3.8,0.655,0,2,1
19703,A,38,46600.0,3.8,0.346,1,2,0
19704,A,42,89800.0,2.8,0.384,1,3,0
19705,A,38,34000.0,1.9,0.445,0,2,0
19706,A,38,14400.0,7.7,0.545,0,1,1
19707,A,44,19500.0,4.9,0.115,0,3,0
19708,A,46,31900.0,15.2,0.196,0,3,0
19709,B,36,77100.0,3.8,0.175,0,4,0
19710,A,54,58900.0,12.8,0.17,0,1,0
19711,A,25,35600.0,5.1,0.355,2,5,0
19712,A,38,35200.0,11.4,0.224,0,1,0
19713,A,34,26000.0,5.7,0.27,0,1,0
19714,A,36,22000.0,7.5,0.32,0,2,0
19715,A,43,29400.0,12.2,0.189,0,2,0
19716,A,29,69300.0,10.2,0.152,1,2,0
19717,B,21,54600.0,6.0,0.432,1,3,1
19718,A,65,23100.0,12.8,0.399,0,2,0
19719,A,52,46700.0,8.0,0.295,0,1,0
19720,A,38,28500.0,25.5,0.182,1,3,0
19721,B,46,37200.0,12.0,0.292,1,5,0
19722,B,31,15600.0,7.6,0.247,1,5,0
19723,A,47,54400.0,4.1,0.438,0,4,0
19724,A,36,67800.0,2.9,0.304,0,5,0
19725,A,37,27800.0,6.7,0.236,0,5,0
19726,B,50,31800.0,6.8,0.308,2,4,1
19727,A,55,56200.0,2.6,0.382,0,4,0
19728,A,43,47200.0,9.0,0.154,0,4,0
19729,A,33,39400.0,9.6,0.33,0,3,0
19730,B,37,22500.0,3.0,0.02,0,5,0
19731,B,37,17300.0,3.3,0.317,1,5,0
19732,A,53,28700.0,8.9,0.36,0,4,0
19733,A,41,43500.0,2.7,0.25,0,2,0
19734,A,39,24900.0,7.6,0.259,1,1,0
19735,A,54,52900.0,12.2,0.342,0,1,0
19736,A,40,16900.0,4.5,0.279,0,1,0
19737,A,27,83900.0,9.2,0.349,0,3,0
19738,B,60,18500.0,5.4,0.327,2,3,1
19739,A,47,78800.0,12.2,0.452,0,2,0
19740,A,51,31900.0,8.4,0.428,0,5,0
19741,A,38,34500.0,5.0,0.175,0,3,0
19742,A,46,20900.0,3.9,0.675,0,2,1
19743,A,44,24200.0,4.2,0.289,0,4,0
19744,A,61,41100.0,6.0,0.466,1,1,1
19745,B,44,46700.0,2.6,0.36,1,5,0
19746,B,51,22800.0,0.1,0.596,1,4,1
19747,A,38,50200.0,11.4,0.475,0,2,0
19748,A,25,35200.0,8.0,0.377,0,5,1
19749,A,45,39200.0,16.4,0.44,0,4,0
19750,A,42,31400.0,10.5,0.222,0,3,0
19751,A,35,38300.0,7.8,0.496,0,4,0
19752,A,28,35100.0,27.6,0.472,0,3,0
19753,A,33,58300.0,13.3,0.194,1,4,0
19754,A,26,20300.0,2.9,0.39,0,1,0
19755,A,43,43400.0,5.5,0.02,0,1,0
19756,A,62,50700.0,8.4,0.094,1,2,0
19757,B,37,27800.0,2.2,0.54,0,3,0
19758,A,45,25100.0,11.1,0.26,0,1,0
19759,A,38,39500.0,9.9,0.145,0,3,0
19760,A,39,20900.0,10.2,0.306,0,1,0
19761,A,47,28200.0,10.3,0.3,1,5,0
19762,A,40,19300.0,9.9,0.404,0,1,1
19763,B,59,43200.0,1.9,0.285,0,4,0
19764,A,31,41800.0,5.4,0.1,1,4,0
19765,B,50,21200.0,7.6,0.458,1,5,0
19766,A,36,159100.0,6.7,0.352,1,1,0
19767,A,29,31500.0,4.9,0.323,0,2,0
19768,A,50,69600.0,13.2,0.278,0,1,0
19769,A,33,32500.0,2.5,0.199,0,1,0
19770,A,40,51400.0,6.9,0.222,0,3,0
19771,A,39,40900.0,6.0,0.348,1,1,0
19772,B,58,12400.0,1.0,0.097,0,4,0
19773,A,30,37300.0,8.2,0.203,1,5,0
19774,A,44,22100.0,10.8,0.441,0,3,1
19775,A,41,73800.0,10.1,0.331,0,1,0
19776,A,40,41900.0,4.7,0.271,0,2,0
19777,B,50,20500.0,7.8,0.175,1,5,0
19778,A,63,22700.0,4.9,0.417,0,2,0
19779,B,43,20200.0,6.4,0.118,0,2,0
19780,A,49,66500.0,9.8,0.205,0,2,0
19781,A,31,14700.0,12.4,0.466,0,4,1
19782,B,27,23200.0,0.9,0.225,0,3,0
19783,A,31,32100.0,5.0,0.402,0,3,0
19784,A,58,30600.0,9.5,0.307,0,1,0
19785,B,42,17900.0,10.2,0.417,0,4,0
19786,A,58,39000.0,4.7,0.13,0,4,0
19787,A,31,47700.0,9.3,0.279,0,3,0
19788,A,63,51800.0,6.9,0.295,0,2,0
19789,B,26,50600.0,8.2,0.485,0,1,0
19790,A,60,27800.0,14.6,0.442,2,3,0
19791,A,43,25800.0,6.4,0.534,0,3,1
19792,A,51,48000.0,10.0,0.396,1,1,0
19793,A,38,60800.0,14.1,0.056,0,3,0
19794,B,40,23900.0,4.1,0.261,0,2,0
19795,A,32,40200.0,10.8,0.327,0,3,0
19796,A,34,42800.0,5.4,0.29,0,1,0
19797,A,62,24300.0,8.9,0.299,0,2,0
19798,A,44,30600.0,6.2,0.359,0,3,0
19799,B,36,47900.0,6.4,0.287,1,3,0
19800,B,21,18500.0,3.6,0.288,0,4,0
19801,A,26,55400.0,8.3,0.235,0,2,0
19802,A,26,12000.0,7.3,0.322,1,5,0
19803,A,30,17100.0,23.4,0.549,0,3,0
19804,B,34,53300.0,1.2,0.179,3,5,0
19805,A,38,77100.0,5.0,0.505,0,5,0
19806,A,41,42800.0,13.6,0.45,0,2,0
19807,B,56,35900.0,5.4,0.293,1,5,0
19808,A,43,52500.0,11.3,0.319,0,5,0
19809,A,56,48500.0,2.7,0.297,0,2,0
19810,A,27,19000.0,8.7,0.253,0,4,0
19811,A,69,38300.0,13.9,0.282,0,2,0
19812,A,41,70300.0,7.0,0.355,0,2,0
19813,A,48,28600.0,7.2,0.327,0,2,0
19814,A,21,37800.0,12.7,0.427,0,2,0
19815,A,58,18300.0,9.0,0.236,0,4,0
19816,A,42,60200.0,20.1,0.09,0,4,0
19817,A,33,72600.0,9.8,0.361,0,3,0
19818,B,55,12400.0,4.3,0.182,0,4,0
19819,B,36,25000.0,2.7,0.425,1,2,1
19820,A,46,47100.0,4.5,0.364,0,3,0
19821,A,51,65200.0,13.6,0.294,0,4,1
19822,B,21,21300.0,1.4,0.403,0,2,0
19823,A,21,17800.0,12.0,0.369,0,4,1
19824,B,41,28700.0,3.0,0.568,0,5,0
19825,A,37,51800.0,12.1,0.17,0,2,0
19826,B,40,38500.0,2.2,0.501,0,5,0
19827,A,31,25700.0,6.6,0.258,0,2,0
19828,A,43,44100.0,17.3,0.501,1,3,0
19829,A,46,37200.0,3.8,0.207,0,3,0
19830,A,54,51500.0,9.0,0.078,0,1,0
19831,A,24,36600.0,8.9,0.392,1,3,1
19832,A,49,19900.0,5.2,0.251,0,3,0
19833,A,40,49600.0,10.0,0.352,0,1,0
19834,A,48,26500.0,6.9,0.553,0,3,0
19835,A,43,41600.0,9.2,0.518,0,2,1
19836,A,35,26100.0,12.5,0.346,1,1,0
19837,A,32,27200.0,18.7,0.38,0,1,0
19838,A,25,27600.0,4.3,0.028,1,2,0
19839,B,52,37500.0,2.6,0.321,0,5,0
19840,A,33,73000.0,3.6,0.52,1,1,1
19841,B,48,24700.0,6.8,0.176,1,3,0
19842,B,47,26400.0,8.5,0.094,1,4,0
19843,B,46,27200.0,4.5,0.361,1,2,0
19844,B,31,20500.0,1.0,0.36,1,5,1
19845,B,38,41300.0,8.2,0.45,1,4,0
19846,B,43,16100.0,8.5,0.347,0,5,0
19847,A,41,58800.0,11.1,0.078,0,1,0
19848,B,50,18800.0,0.4,0.401,0,4,0
19849,B,28,31900.0,5.1,0.633,0,4,1
19850,B,46,38300.0,3.0,0.208,0,5,0
19851,A,40,53900.0,5.1,0.492,0,4,0
19852,A,38,21500.0,4.6,0.162,0,4,0
19853,A,26,25500.0,15.1,0.15,0,2,0
19854,B,25,20300.0,2.2,0.183,1,3,0
19855,A,51,18100.0,18.3,0.325,0,3,0
19856,B,46,22700.0,0.8,0.182,0,4,0
19857,A,49,68200.0,6.0,0.202,1,4,0
19858,A,56,88600.0,4.0,0.139,0,2,1
19859,A,21,31400.0,5.1,0.459,2,2,1
19860,A,21,49300.0,23.1,0.297,1,4,0
19861,A,46,31500.0,4.4,0.254,1,2,0
19862,A,58,20900.0,8.8,0.38,0,3,0
19863,B,22,23100.0,8.5,0.44,0,5,0
19864,B,21,73600.0,5.5,0.49,0,5,1
19865,A,60,24700.0,6.8,0.311,0,2,0
19866,A,48,70100.0,6.8,0.11,0,1,0
19867,A,24,16400.0,4.2,0.263,0,2,0
19868,A,21,52700.0,2.5,0.281,0,1,0
19869,A,28,23600.0,9.0,0.105,0,5,0
19870,A,39,34600.0,15.6,0.413,0,1,0
19871,A,42,18300.0,6.9,0.065,2,1,0
19872,A,26,74400.0,13.3,0.405,0,2,0
19873,A,40,50700.0,8.2,0.183,0,3,0
19874,A,42,23800.0,27.4,0.219,0,3,0
19875,A,35,29300.0,4.6,0.456,0,2,0
19876,A,34,31400.0,3.1,0.443,1,1,1
19877,A,36,41900.0,8.1,0.233,1,1,0
19878,A,38,38700.0,6.5,0.121,0,4,0
19879,A,50,34600.0,6.4,0.02,0,5,0
19880,B,39,32900.0,5.8,0.3,1,3,0
19881,A,65,23600.0,9.4,0.384,0,3,0
19882,A,45,36900.0,19.6,0.117,0,1,0
19883,A,29,15200.0,5.1,0.467,1,2,1
19884,A,45,25500.0,10.2,0.371,0,3,0
19885,B,49,34100.0,4.2,0.332,0,4,0
19886,A,33,38400.0,7.9,0.609,0,4,0
19887,A,48,65200.0,9.0,0.229,0,1,0
19888,B,53,69500.0,9.2,0.31,1,3,0
19889,A,34,58000.0,2.1,0.291,0,1,1
19890,A,34,36300.0,13.5,0.248,1,5,0
19891,A,41,42500.0,17.0,0.224,1,2,0
19892,A,48,13700.0,12.1,0.188,1,2,0
19893,A,42,53800.0,8.2,0.32,0,1,0
19894,B,21,23300.0,7.2,0.634,1,2,0
19895,A,58,14800.0,5.3,0.471,0,3,1
19896,A,21,24800.0,10.1,0.234,1,3,1
19897,A,40,26300.0,8.9,0.376,2,2,0
19898,A,27,28100.0,10.7,0.268,1,5,0
19899,A,71,42900.0,3.4,0.183,0,1,0
19900,B,22,29200.0,12.4,0.257,0,5,0
19901,A,61,91700.0,5.8,0.26,0,4,0
19902,A,21,69500.0,14.1,0.454,2,2,0
19903,A,50,24500.0,6.5,0.309,0,1,0
19904,B,63,40800.0,10.2,0.561,0,4,0
19905,A,48,78700.0,3.7,0.229,0,2,0
19906,A,52,36900.0,6.2,0.322,0,1,0
19907,A,61,28400.0,4.5,0.087,1,3,1
19908,A,48,79300.0,5.3,0.068,1,3,0
19909,B,44,21200.0,4.2,0.402,1,4,0
19910,A,25,62700.0,8.8,0.289,0,4,0
19911,B,35,49200.0,6.7,0.262,1,5,0
19912,B,58,28500.0,1.8,0.331,0,5,0
19913,B,40,12600.0,15.0,0.528,0,4,0
19914,A,33,25200.0,17.2,0.194,0,3,0
19915,B,50,26800.0,5.6,0.245,1,3,0
19916,A,46,36100.0,15.6,0.238,1,2,0
19917,A,35,41400.0,2.4,0.314,0,4,0
19918,A,39,90200.0,12.5,0.438,1,5,0
19919,A,21,40200.0,11.2,0.286,0,2,0
19920,A,21,42000.0,14.3,0.02,1,3,0
19921,A,45,39700.0,5.9,0.142,0,4,0
19922,A,28,46900.0,13.2,0.506,2,1,0
19923,B,54,33100.0,3.3,0.126,0,3,0
19924,A,52,69100.0,6.8,0.347,0,3,0
19925,A,40,46900.0,6.0,0.412,0,3,0
19926,A,45,22200.0,17.6,0.159,1,3,0
19927,A,42,30300.0,2.1,0.04,0,2,0
19928,B,21,31100.0,2.2,0.173,1,3,0
19929,B,38,31400.0,1.7,0.177,2,5,0
19930,A,21,33900.0,6.4,0.391,1,1,0
19931,A,45,67100.0,6.8,0.14,0,3,0
19932,A,36,44800.0,10.0,0.435,0,3,0
19933,A,46,34900.0,15.4,0.317,1,5,0
19934,B,40,37500.0,8.6,0.445,1,5,0
19935,B,38,30900.0,3.8,0.516,1,5,1
19936,A,55,34300.0,12.3,0.27,0,1,0
19937,B,36,18000.0,3.1,0.492,1,5,1
19938,A,40,23000.0,5.7,0.537,0,2,1
19939,B,50,21200.0,8.3,0.2,1,3,0
19940,B,49,42100.0,4.4,0.378,0,2,0
19941,B,43,31000.0,2.4,0.546,1,4,0
19942,A,53,34600.0,4.4,0.02,0,1,0
19943,A,38,41700.0,12.9,0.518,1,4,0
19944,A,62,29900.0,7.8,0.027,0,1,0
19945,A,50,70500.0,7.8,0.267,0,1,0
19946,A,28,40500.0,7.1,0.349,0,4,0
19947,A,22,16600.0,9.0,0.497,0,5,0
19948,A,46,23500.0,15.1,0.271,0,5,0
19949,A,57,21100.0,3.9,0.316,0,2,0
19950,A,59,66700.0,11.7,0.34,1,5,0
19951,A,21,34500.0,11.0,0.18,0,1,0
19952,B,21,39300.0,2.7,0.101,0,5,0
19953,A,50,32800.0,3.8,0.406,1,2,0
19954,A,51,39400.0,21.2,0.345,0,3,0
19955,A,52,43800.0,30.0,0.238,1,2,0
19956,A,60,81000.0,1.7,0.371,1,2,0
19957,A,35,39800.0,2.9,0.403,2,1,1
19958,A,50,41100.0,12.4,0.093,0,5,0
19959,B,41,24900.0,1.7,0.359,2,3,1
19960,A,58,67200.0,5.9,0.16,0,2,0
19961,B,21,37800.0,8.5,0.381,0,5,0
19962,A,32,53800.0,4.5,0.355,2,1,0
19963,A,24,41400.0,5.5,0.268,0,4,0
19964,A,21,49900.0,6.4,0.02,0,1,0
19965,B,34,17500.0,13.3,0.147,0,4,0
19966,A,32,41800.0,4.7,0.323,0,1,0
19967,B,48,24300.0,4.4,0.268,0,4,0
19968,B,21,65600.0,2.8,0.389,1,5,1
19969,A,47,28600.0,17.5,0.259,1,1,0
19970,A,38,53700.0,11.0,0.326,2,1,0
19971,A,25,52100.0,10.6,0.565,0,3,0
19972,B,50,46600.0,5.8,0.321,3,3,0
19973,A,26,93300.0,13.5,0.207,0,1,0
19974,B,21,25500.0,5.4,0.366,1,4,1
19975,A,57,27300.0,2.9,0.196,0,1,0
19976,A,36,50000.0,4.8,0.445,0,1,0
19977,B,33,12200.0,9.5,0.483,0,3,1
19978,A,25,44600.0,4.8,0.272,0,1,0
19979,A,37,53800.0,16.6,0.307,0,3,0
19980,B,37,67100.0,5.4,0.279,0,3,0
19981,A,52,16100.0,4.2,0.423,0,4,1
19982,A,21,49200.0,10.5,0.3,1,3,0
19983,B,61,33400.0,0.5,0.353,0,5,0
19984,A,41,58700.0,4.1,0.263,0,4,0
19985,B,43,20700.0,4.2,0.179,0,5,0
19986,A,51,37400.0,7.2,0.335,0,2,0
19987,A,21,55200.0,1.0,0.283,0,1,0
19988,A,39,44500.0,15.7,0.614,0,4,0
19989,B,41,23900.0,9.3,0.372,0,2,0
19990,A,39,31700.0,15.2,0.297,0,1,0
19991,A,42,22700.0,12.3,0.268,0,3,0
19992,B,53,47900.0,12.3,0.139,0,3,0
19993,A,32,43500.0,3.3,0.19,1,4,0
19994,A,51,49900.0,11.7,0.293,0,2,0
19995,A,44,31500.0,6.0,0.436,1,2,0
19996,B,53,38500.0,5.5,0.304,0,2,0
19997,A,24,76100.0,4.7,0.05,1,1,0
19998,A,34,41100.0,10.7,0.459,0,1,0
19999,A,30,36100.0,8.0,0.538,0,3,0
20000,A,68,30400.0,3.4,0.449,0,2,0
